horizon_minutes,station_id,rows,mean_actual,mean_prediction,learned_mae,persistence_mae,learned_minus_persistence_mae,learned_improvement_percent
30,500101001,2010,11.032338308457712,10.867492649666616,3.0085775943501023,2.954726368159204,0.05385122619089833,-1.822545287821277
30,500101002,2010,8.855223880597014,8.77894470696171,2.712601115618375,2.5651741293532337,0.1474269862651414,-5.7472506282570635
30,500101003,2010,6.7253731343283585,7.11857443031038,1.758709145788267,1.591044776119403,0.167664369668864,-10.538004472620907
30,500101004,2010,3.988059701492537,4.311702134004181,1.7347719874683738,1.6840796019900497,0.05069238547832411,-3.010094381430767
30,500101005,2010,4.6393034825870645,5.045039647409212,1.9457892650254704,1.9661691542288557,-0.020379889203385293,1.036527765658007
30,500101006,2010,4.101990049751244,4.668567639149054,1.9704609882039235,1.8791044776119403,0.09135651059198313,-4.861704693933971
30,500101007,2010,2.9313432835820894,3.3831406343605788,1.4771892529719557,1.3865671641791044,0.09062208879285127,-6.535715768698639
30,500101008,2010,4.341791044776119,4.634278653886877,1.7876451085845513,1.6925373134328359,0.09510779515171541,-5.619243628893239
30,500101009,2010,4.4,4.595042107888106,2.07947211293483,1.954228855721393,0.125243257213437,-6.408832662907545
30,500101010,2010,5.24726368159204,5.414988034690471,2.6317158849963627,2.5049751243781095,0.12674076061825312,-5.05956164533642
30,500101012,2010,3.2243781094527364,3.454691637449248,1.2869324011256926,1.2422885572139304,0.04464384391176224,-3.593677463461838
30,500101013,2010,3.216915422885572,3.519328359377664,1.4561119874746884,1.4651741293532339,-0.009062141878545482,0.6185027224406254
30,500101014,2010,3.4960199004975125,3.7678931609032333,2.0451481095931485,2.1582089552238806,-0.11306084563073204,5.2386422249371005
30,500101015,2010,4.57860696517413,4.850949136394238,1.449841056220341,1.3950248756218906,0.05481618059845039,-3.9294052426135977
30,500101016,2010,2.699502487562189,3.002438479572958,1.2586903912972602,1.1781094527363185,0.08058093856094173,-6.839851626161016
30,500101018,2010,5.314427860696518,5.329453537138854,1.674684120462559,1.664179104477612,0.01050501598494713,-0.6312431129968231
30,500101019,2010,8.966666666666667,9.080177708373714,2.187466424015629,2.199004975124378,-0.011538551108749129,0.5247169169363292
30,500101021,2010,2.6154228855721393,2.7649269888549592,1.0243605577257495,0.9890547263681592,0.035305831357590356,-3.5696539752895684
30,500101022,2010,27.45174129353234,27.096218780887792,9.499014306620396,9.900995024875622,-0.40198071825522597,4.060003234475675
30,500101023,2010,13.71592039800995,14.077293779008315,3.6221501116019597,3.5398009950248754,0.08234911657708421,-2.326377010821353
30,500101024,2010,10.056218905472637,10.35507036280392,3.224825134576048,3.17363184079602,0.05119329378002835,-1.6130823091057687
30,500101025,2010,13.146268656716417,13.769994374672654,4.7885905089168945,4.857213930348259,-0.06862342143136413,1.4128144737994663
30,500101026,2010,10.371144278606964,10.867595238743252,1.9749588426377016,1.7840796019900498,0.19087924064765183,-10.699031614662024
30,500101027,2010,29.02139303482587,29.259612345483518,5.544671289656141,5.682089552238806,-0.1374182625826652,2.4184459135903777
30,500101028,2010,6.388557213930349,6.436825852368402,2.2186360639670792,2.156218905472637,0.062417158494442404,-2.8947505439277625
30,500101029,2010,9.221890547263682,9.543002803293758,1.9539971393845077,1.9104477611940298,0.04354937819047788,-2.2795377646578268
30,500101030,2010,11.933830845771144,11.90220285483694,2.3652316120396892,2.3407960199004973,0.024435592139191886,-1.0439009606753602
30,500101031,2010,8.890049751243781,8.776628136523835,2.5243658241861437,2.3,0.22436582418614393,-9.755035834180172
30,500101032,2010,28.13134328358209,28.000503605510847,4.212640749024365,4.51592039800995,-0.3032796489855851,6.715788195009653
30,500101033,2010,13.777114427860697,13.990371338582863,3.12227622337072,3.014925373134328,0.10735085023639179,-3.5606470127912133
30,500101034,2010,4.604975124378109,4.792110778753903,1.6823555127170897,1.5293532338308458,0.15300227888624396,-10.004378027369887
30,500101035,2010,4.933830845771144,5.376653773802811,1.907451716826191,1.8338308457711443,0.07362087105504678,-4.014594433549757
30,500101036,2010,2.719402985074627,3.2435058657250786,1.4696782031890891,1.1771144278606964,0.29256377532839273,-24.854319036773855
30,500101037,2010,4.146766169154229,4.591993723366868,1.632354401695516,1.5293532338308458,0.10300116786467028,-6.734949492777726
30,500101038,2010,3.628855721393035,4.226501859484769,2.0445183469730925,1.7930348258706468,0.25148352110244576,-14.025579284570366
30,500101039,2010,5.965174129353234,6.2308425757021775,1.4375817355138254,1.2925373134328357,0.14504442208098967,-11.221681615965714
30,500101040,2010,3.9149253731343285,4.473217466814237,1.6168408254065652,1.2955223880597015,0.3213184373468636,-24.80222961087542
30,500101041,2010,6.583582089552239,7.1824930237727695,2.3676102306789275,2.1850746268656716,0.18253560381325595,-8.353746895825239
30,500101042,2010,6.112935323383085,6.252025790177238,1.9624290435462772,1.7039800995024876,0.2584489440437896,-15.167368686949404
30,500101091,2010,9.770646766169154,10.042116985705528,2.023109707279246,1.9517412935323384,0.07136841374690772,-3.656653368118392
30,500101092,2010,6.191044776119403,6.530014970152896,1.4564237356618441,1.3601990049751245,0.09622473068671966,-7.074312680333083
30,500101093,2010,3.181094527363184,3.783438175535846,1.3752063724219925,1.2119402985074628,0.16326607391452974,-13.47146176388361
30,500101094,2010,8.900497512437811,8.909780051370014,2.111139374586675,2.1601990049751243,-0.04905963038844918,2.2710699465864317
30,500101095,2010,23.9955223880597,24.10096071036955,3.019898336364358,3.262686567164179,-0.24278823079982104,7.441359315456546
30,500101097,2010,22.5044776119403,22.72758052272952,2.4694213063789068,2.5616915422885573,-0.09227023590965056,3.6019260861992155
30,500101098,2010,6.187562189054726,6.493489655307517,1.2677675348052546,1.1935323383084577,0.07423519649679688,-6.219789285475687
30,500101099,2010,21.633830845771143,21.434198729274556,3.414512321912813,3.5223880597014925,-0.10787573778867943,3.062573911797255
30,500101100,2010,17.498507462686568,17.944270959415952,2.4267616309959794,2.3761194029850747,0.05064222801090468,-2.13129979694134
30,500101101,2010,13.341293532338309,13.88384859740572,3.8159936708502045,3.7950248756218907,0.02096879522831374,-0.5525338018997197
30,500101102,2010,8.695522388059702,8.888035686052826,1.663646998623057,1.6228855721393034,0.04076142648375369,-2.5116636184041976
30,500101103,2010,16.6318407960199,16.796185700921036,2.7833239053734147,2.945273631840796,-0.16194972646738126,5.498630915531019
30,500101104,2010,5.044776119402985,5.258444313162835,2.0473764176818063,1.9711442786069653,0.07623213907484105,-3.8674053392334806
30,500101105,2010,11.024378109452737,11.452304802929188,2.396122997607911,2.3870646766169155,0.009058320990995572,-0.37947530620885994
30,500101107,2010,13.938805970149254,13.806992537280072,3.674912980602764,3.764179104477612,-0.089266123874848,2.3714632433048437
30,500101108,2010,8.090547263681591,8.057459627773227,2.434731530784195,2.5104477611940297,-0.07571623040983466,3.016044849856672
30,500101109,2010,14.974626865671642,14.924521832670514,4.353996858450502,4.424875621890547,-0.07087876344004496,1.6018249889193878
30,500101110,2010,15.490049751243781,15.58267891564883,3.923563395079498,4.023880597014926,-0.10031720193542748,2.493046190531766
30,500101113,2010,32.30547263681592,32.51834498919253,4.655112891497293,5.122388059701493,-0.4672751682041998,9.12221336529178
30,500101114,2010,10.512437810945274,11.10634093636484,3.0091750429719233,2.992039800995025,0.017135241976898197,-0.5726943194806348
30,500101115,2010,14.360696517412935,14.653443031468866,3.7509864368290162,3.870646766169154,-0.11966032934013793,3.091481516371173
30,500101116,2010,17.393034825870647,17.271839528050304,3.378583022991685,3.4233830845771145,-0.044800061585429596,1.3086487979467154
30,500101118,2010,4.749253731343283,4.9790128296214435,1.7707201471391265,1.7771144278606965,-0.00639428072157,0.3598125490021193
30,500101119,2010,7.609950248756219,7.81714389273133,1.5542186154410247,1.5711442786069652,-0.016925663165940463,1.0772825510937407
30,500101120,2010,10.293532338308458,10.79793577364523,2.241732767422584,2.180099502487562,0.06163326493502197,-2.8270849502372015
30,500101122,2010,3.97363184079602,4.26896810490393,1.2547519485225762,1.1104477611940298,0.14430418732854644,-12.995135149210501
30,500101123,2010,9.098507462686568,9.600137309531888,2.5538067058199383,2.551243781094527,0.0025629247254110865,-0.10045785292660461
30,500101124,2010,7.786567164179105,8.143495618110935,2.609016332673758,2.6373134328358208,-0.028297100162062883,1.0729517322344162
30,500101125,2010,10.282089552238807,10.416855999129558,3.6176700490753997,3.7840796019900496,-0.16640955291464987,4.397622947126561
30,500101126,2010,9.506965174129354,9.754341784521282,2.556281981575578,2.6009950248756217,-0.044713043300043775,1.719074541566335
30,500101127,2010,15.369154228855722,15.56018344244437,3.4381029853774376,3.581592039800995,-0.14348905442355742,4.006292532176002
30,500101128,2010,9.664676616915424,10.198621849385077,2.699877077831503,2.593034825870647,0.10684225196085606,-4.120355457431326
30,500101129,2010,12.33134328358209,12.42479323799766,2.538905710158004,2.5825870646766167,-0.04368135451861255,1.6913797453749033
30,500101130,2010,14.302985074626866,14.116341231238327,2.3281635906095746,2.3587064676616913,-0.03054287705211678,1.294899448950743
30,500101131,2010,6.871144278606965,7.5690320857416875,2.226328889121966,2.0701492537313433,0.15617963539062263,-7.544365948934186
30,500101132,2010,8.395522388059701,8.968041477213667,2.355689915460828,2.274626865671642,0.08106304978918599,-3.5637954959812737
30,500101133,2010,9.454726368159204,9.515556541541855,3.0945886207310687,3.1213930348258705,-0.02680441409480183,0.8587324247776806
30,500101134,2010,2.9601990049751246,3.5772500828777285,1.9677899467886795,1.936318407960199,0.03147153882848053,-1.6253287010597601
30,500101135,2010,10.192537313432835,10.630936991188634,3.1653752488867326,3.2965174129353234,-0.1311421640485908,3.9782032861102854
30,500101136,2010,6.203980099502488,6.324636462046184,1.9662992409704407,2.02636815920398,-0.060068918233539215,2.964363507228427
30,500101137,2010,15.7318407960199,15.909454773477849,3.62269634283649,3.5766169154228855,0.04607942741360427,-1.28835233135825
30,500101138,2010,7.6681592039801,8.050473388720473,2.918944507817105,3.0074626865671643,-0.0885181787500593,2.9432843554610284
30,500101139,2010,13.739800995024876,13.908666183788112,3.1512006674448054,3.21044776119403,-0.05924709374922443,1.8454464347736108
30,500101140,2010,5.406467661691543,5.818956359624962,1.7221812307776625,1.6398009950248755,0.08238023575278697,-5.023794716720322
30,500101141,2010,6.622388059701493,6.839406182982128,2.4651179773152667,2.4955223880597015,-0.030404410744434784,1.218358564519815
30,500101142,2010,9.436318407960199,9.610335090867009,2.1303703240527483,2.0671641791044775,0.06320614494827081,-3.057625784501188
30,500101143,2010,6.48407960199005,6.582372885082346,1.700550740236451,1.7293532338308457,-0.028802493594394685,1.6655066779267353
30,500101144,2010,21.72189054726368,21.550738055722316,4.697099313475111,5.016915422885572,-0.31981610941046057,6.374755850010172
30,500101145,2010,4.627363184079602,4.960518405645308,1.775664908733366,1.844776119402985,-0.069111210669619,3.746319672220448
30,500101146,2010,8.542288557213931,8.741152152503298,2.204146434047188,2.2572139303482586,-0.05306749630107044,2.351017579130518
30,500101147,2010,8.202985074626866,8.294873860106861,2.5292983140986736,2.409950248756219,0.11934806534245457,-4.952304115159655
30,500101148,2010,15.523880597014925,15.943279112645133,3.283055738679841,3.593532338308458,-0.31047659962861696,8.63987214804818
30,500101149,2010,5.8552238805970145,6.322604433402368,1.8601832273982437,1.6288557213930348,0.2313275060052089,-14.201841388835366
30,500101150,2010,9.639303482587065,9.897307041959928,3.5875054638933843,3.472636815920398,0.11486864797298635,-3.307822097789435
30,500101151,2010,7.0228855721393035,7.23402056980079,2.047749715952745,2.035323383084577,0.012426332868168188,-0.610533587509608
30,500101152,2010,6.723880597014926,7.245754265966343,2.3501494314642253,2.2606965174129354,0.08945291405128986,-3.9568740590469322
30,500101153,2010,8.990547263681592,8.720331030021756,2.72050725451723,2.7144278606965173,0.006079393820712653,-0.22396593804311643
30,500101154,2010,8.208955223880597,8.225215349086845,2.4726278897089693,2.4776119402985075,-0.004984050589538214,0.20116348765003633
30,500101155,2010,5.20547263681592,5.327242808948228,2.4096775779049655,2.499502487562189,-0.08982490965722345,3.593711552767101
30,500101156,2010,15.052238805970148,15.207633391579623,3.8264280450496373,3.906467661691542,-0.08003961664190484,2.048900018469546
30,500101157,2010,7.506467661691542,7.595658766347168,1.8474373052366329,1.8487562189054727,-0.0013189136688398495,0.07134059403573997
30,500101158,2010,8.949253731343283,8.924505744569142,1.876273698678237,1.8577114427860697,0.0185622558921672,-0.9992001698783094
30,500101159,2010,10.82587064676617,10.739243423585547,2.896597843620583,2.825870646766169,0.07072719685441387,-2.5028462267142935
30,500101160,2010,6.974626865671642,6.875562729042518,2.3271351860968257,2.299004975124378,0.0281302109724475,-1.2235819964211097
30,500101161,2010,6.263681592039801,6.324329473600354,2.5916475606515585,2.6154228855721393,-0.023775324920580765,0.9090432393069685
30,500101162,2010,20.1681592039801,19.987464966943275,2.140252030008958,2.234328358208955,-0.09407632819999723,4.210496986907024
30,500101163,2010,6.538805970149253,6.581825310795475,2.602349292925628,2.727363184079602,-0.1250138911539742,4.58369064610522
30,500101165,2010,7.208457711442786,7.305785586711719,2.153776547159921,2.2139303482587063,-0.06015380109878521,2.7170593305293997
30,500101166,2010,15.00597014925373,15.268148095059924,3.3124651901755002,3.3671641791044777,-0.05469898892897751,1.624482383972293
30,500101167,2010,16.17860696517413,16.41958080374994,5.133592063948873,5.07860696517413,0.054985098774743335,-1.082680726266008
30,500101168,2010,8.23731343283582,8.65645736906171,3.321662727433329,3.4323383084577115,-0.11067558102438246,3.2244951131904442
30,500101169,2010,12.631343283582089,12.967658648555126,4.484112747262933,4.612935323383085,-0.12882257612015202,2.7926378127858666
30,500101170,2010,16.81044776119403,16.588598607753514,3.494019932021613,3.653233830845771,-0.15921389882415804,4.358163375140374
30,500101171,2010,7.651741293532338,8.090510554444965,2.5243189770986363,2.4895522388059703,0.034766738292665966,-1.3965056748253115
30,500101172,2010,8.785572139303483,9.26989096015329,3.583629175402518,3.573134328358209,0.01049484704430892,-0.29371543524172833
30,500101173,2010,6.433333333333334,6.751915306703987,2.1451072281822516,2.110945273631841,0.03416195455041082,-1.6183249739883514
30,500101174,2010,10.624875621890547,10.74011338492668,3.2824279014652626,3.3358208955223883,-0.05339299405712561,1.6005953475737877
30,500101175,2010,5.502487562189055,5.7271521722523095,1.7188625065604786,1.681592039800995,0.037270466759483645,-2.2163798280047966
30,500101176,2010,6.734825870646766,6.905465733131887,1.2191132358034054,1.0885572139303483,0.13055602187305704,-11.993491954517578
30,500101177,2010,4.993034825870647,5.2406313288365505,1.8589592201020233,1.8487562189054727,0.010203001196550598,-0.5518846180050243
30,500101179,2010,10.033830845771144,10.050291648293069,4.005163923288571,4.170646766169154,-0.16548284288058301,3.967798093641558
30,500101180,2010,5.407960199004975,5.440954042852659,1.709390259727479,1.7592039800995025,-0.04981372037202347,2.831605711192511
30,500101181,2010,23.513432835820897,23.31177169226215,8.870171189747953,9.092537313432835,-0.22236612368488196,2.445589344531696
30,500101182,2010,6.962686567164179,7.321120057507172,2.0161225224883266,1.8870646766169155,0.12905784587141111,-6.83907909837955
30,500101184,2010,3.8945273631840798,4.239818791635031,2.151000940913767,2.0796019900497513,0.07139895086401582,-3.433298833413201
30,500101185,2010,11.766169154228855,12.008356187521475,2.4212253368385963,2.4477611940298507,-0.026535857191254397,1.0840868486671005
30,500101186,2010,8.9044776119403,9.09552807764345,2.4405101838083647,2.494029850746269,-0.05351966693790411,2.145911241675389
30,500101187,2010,7.675621890547264,7.566618057140038,1.587493339738892,1.4915422885572138,0.09595105118167813,-6.4330091019070395
30,500101188,2010,7.848756218905472,8.060121496689723,1.4802055447895197,1.4338308457711442,0.04637469901837554,-3.234321479074769
30,500101189,2010,5.160199004975125,5.501153038429897,1.7966153787271473,1.6865671641791045,0.11004821454804281,-6.524982632494574
30,500101190,2010,10.075124378109452,10.133338520467627,2.6089327449363218,2.6159203980099504,-0.006987653073628586,0.2671202487256268
30,500101191,2010,9.013930348258706,9.561431976626713,3.4117542486875574,3.5970149253731343,-0.18526067668557689,5.150400555159191
30,500101192,2010,9.022885572139304,9.305285110041611,2.8192391358612645,2.8024875621890546,0.01675157367220992,-0.597739447561547
30,500101193,2010,16.165174129353233,16.658910977190352,3.309723965815255,2.9711442786069653,0.33857968720828957,-11.395598983400234
30,500101194,2010,5.864179104477612,6.2759074314408405,2.2438894192969574,2.0522388059701493,0.1916506133268081,-9.338611703924467
30,500101196,2010,5.609452736318408,6.4122688664007805,2.202179487243217,2.0139303482587065,0.18824913898451046,-9.347351021711116
30,500101197,2010,5.577611940298508,5.592010600207882,1.6636035942494596,1.5507462686567164,0.1128573255927432,-7.277613873641765
30,500101198,2010,9.712935323383084,9.623128704467291,2.5290295014000863,2.556716417910448,-0.02768691651036148,1.0829091688232453
30,500101199,2010,10.133830845771143,10.208001454915033,2.5541811876010954,2.6099502487562187,-0.05576906115512337,2.136786369077354
30,500101200,2010,6.352238805970149,6.483537081101398,1.5743155956475425,1.627860696517413,-0.05354510086987041,3.2892925656613548
30,500101201,2010,4.642786069651741,5.222715769961189,2.1261615379808694,2.102487562189055,0.023673975791814517,-1.1259983753323988
30,500101202,2010,5.091542288557214,5.331275829129524,1.7106929682548828,1.5577114427860697,0.15298152546881316,-9.820915560278328
30,500101203,2010,8.296517412935323,8.583621207223208,1.9173850268044152,1.836318407960199,0.08106661884421618,-4.414627577265633
30,500101204,2010,6.1716417910447765,6.547897089475428,1.863197061633911,1.7582089552238807,0.10498810641003042,-5.971309957106994
30,500101205,2010,6.521393034825871,6.718891216042689,1.767572665453642,1.790547263681592,-0.022974598227950116,1.2831048190658443
30,500101206,2010,12.576616915422886,12.857878083751645,3.4159799890318894,3.4228855721393034,-0.0069055831074140706,0.201747413457882
30,500101207,2010,6.17910447761194,6.613730514547466,2.5436099826320837,2.47363184079602,0.06997814183606366,-2.8289634973951716
30,500101208,2010,8.185572139303483,8.212736229840294,2.0386725133002104,2.0338308457711443,0.004841667529066118,-0.23805654925202782
30,500101209,2010,11.203482587064677,11.769006480517058,3.1546290421032173,2.992039800995025,0.16258924110819217,-5.434060103549488
30,500101210,2010,12.040796019900498,12.225705141325168,2.4128017272109483,2.3870646766169155,0.025737050594032862,-1.0781882387245947
30,500101211,2010,7.422388059701492,7.650947429399053,1.9649821329900745,2.008955223880597,-0.04397309089052248,2.188853707031951
30,500101212,2010,9.427363184079603,9.388297587480203,2.708576716163479,2.7059701492537314,0.0026065669097476984,-0.09632652120965018
30,500101213,2010,6.853233830845771,7.134437985601054,1.6074030867109124,1.5985074626865672,0.008895624024345183,-0.5564956205706137
30,500101214,2010,5.736318407960199,5.992903308254827,1.8513468478769914,1.727860696517413,0.12348615135957841,-7.146765454441479
30,500101215,2010,8.212437810945273,8.211380685405546,2.076211829021471,2.1338308457711443,-0.05761901674967351,2.700261684934571
30,500101216,2010,10.929353233830845,10.958424543523353,1.983068283022376,2.0686567164179106,-0.08558843339553457,4.137391801948641
30,500101217,2010,7.532338308457711,7.8612441064205125,2.908881754136131,2.906467661691542,0.002414092444588789,-0.08305932580663242
30,500101218,2010,9.090547263681591,9.206799979087348,2.1479020157245263,2.129850746268657,0.018051269455869434,-0.8475368279910666
30,500101219,2010,5.088557213930348,5.312967592547804,1.0952809132529655,0.9054726368159204,0.18980827643704512,-20.96234261749784
30,500101221,2010,10.08407960199005,9.881862227277837,2.9118684082358386,2.9507462686567165,-0.03887786042087793,1.3175602671718873
30,500101222,2010,7.53134328358209,7.75208760787311,2.3023197495841448,2.2850746268656716,0.017245122718473116,-0.7546853181826902
30,500101223,2010,6.0990049751243784,6.097368352341937,1.841100731888285,1.963681592039801,-0.12258086015151592,6.24240002291733
30,500101224,2010,9.436318407960199,9.469913366457805,2.223088347349418,2.219900497512438,0.00318784983697995,-0.14360327593746525
30,500101225,2010,6.437810945273632,6.603128458017169,1.6674793538228416,1.6582089552238806,0.00927039859896106,-0.5590609416115131
30,500101226,2010,8.843283582089553,9.091934658681794,2.518308602838266,2.5955223880597016,-0.0772137852214354,2.9748841919701965
30,500101227,2010,10.829850746268656,10.692770930130022,2.289459418108556,2.2064676616915424,0.08299175641701373,-3.7612949356978036
30,500101228,2010,5.845273631840796,6.124481502557273,1.802098387418892,1.7661691542288558,0.03592923319003627,-2.0343030623090956
30,500101229,2010,10.82686567164179,10.395820713515228,2.8175702605106734,2.8786069651741295,-0.06103670466345612,2.120355623462613
30,500101230,2010,8.94726368159204,8.880922677643348,2.3862756621192736,2.4437810945273633,-0.057505432408089696,2.3531335329857552
30,500101231,2010,12.11044776119403,11.975092243685314,1.8895674313744777,1.6507462686567165,0.23882116271776122,-14.467466457585894
30,500101232,2010,5.062189054726368,5.194949682551055,2.4369526158426256,2.5522388059701493,-0.11528619012752372,4.5170612506105785
30,500101233,2010,6.974129353233831,7.375007461419681,2.376773018905807,2.2905472636815922,0.08622575522421494,-3.7644172024472637
30,500101234,2010,6.536318407960199,6.756513291006165,1.762136044134436,1.6686567164179105,0.09347932771652556,-5.602070623441156
30,500101235,2010,4.649751243781094,4.942398848261471,1.6928260569106475,1.6985074626865673,-0.005681405775919801,0.3344940131692677
30,500101236,2010,7.934328358208956,7.966627979737387,2.1735794801819397,2.1776119402985072,-0.004032460116567549,0.1851780862303124
30,500101237,2010,8.11094527363184,8.350566151907739,2.134419652620934,2.1512437810945273,-0.01682412847359327,0.7820651765014448
30,500101238,2010,9.098507462686568,9.179865048960314,2.0730468264113204,2.0437810945273633,0.02926573188395709,-1.4319406301546678
30,500101239,2010,6.870149253731343,6.807322654726767,1.9395790725188584,2.0218905472636814,-0.08231147474482303,4.071015360164722
30,500101240,2010,17.449253731343283,17.473879482786597,2.52057045694092,2.53681592039801,-0.016245463457090104,0.6403879495734675
30,500101241,2010,5.466666666666667,5.783760083786753,1.8383345248786664,1.845273631840796,-0.006939106962129626,0.3760475867856713
30,500101242,2010,6.2343283582089555,6.287366746128945,1.9162896640035834,1.9348258706467663,-0.018536206643182895,0.9580297082231324
30,500101243,2010,5.9099502487562185,6.214156355453385,1.8415859141710669,1.872139303482587,-0.030553389311520185,1.6320040530469193
30,500101244,2010,7.735820895522388,7.670718976671269,2.010769467868554,1.9970149253731344,0.01375454249541952,-0.688755117483638
30,500101245,2010,10.370149253731343,10.263215624225806,1.2024859667832428,1.1611940298507464,0.04129193693249644,-3.555989427348665
30,500101246,2010,9.313930348258706,9.37850423698342,2.286431429777762,2.3308457711442787,-0.04441434136651656,1.905503226183528
30,500101247,2010,5.972139303482587,6.384436254373373,2.4532971757850626,2.2955223880597013,0.15777478772536124,-6.87315395162497
30,500101248,2010,9.54726368159204,9.559017730544202,2.252389905683757,2.191044776119403,0.06134512956435367,-2.7998117716700923
30,500101250,2010,3.9388059701492537,4.632683875518147,1.6396190645727884,1.5422885572139304,0.09733050735885795,-6.310784509396918
30,500101251,2010,7.5049751243781095,7.672487043033314,3.2015388791794526,3.2248756218905474,-0.02333674271109487,0.7236478378478971
30,500101252,2010,5.714925373134329,5.65826363716645,2.2262063059098676,2.3592039800995024,-0.13299767418963482,5.637396143423998
30,500101253,2010,7.534825870646766,7.654074864082418,2.335182839358144,2.3990049751243783,-0.0638221357662343,2.6603586248471784
30,500101254,2010,11.725373134328358,11.84231017922889,2.6749918719589085,2.6328358208955223,0.04215605106338627,-1.6011652047884808
30,500101255,2010,8.7,8.698782496410345,2.700985252504116,2.843283582089552,-0.1422983295854361,5.00471815339854
30,500101256,2010,7.323880597014925,7.569667876704589,1.4900322068738208,1.417412935323383,0.07261927155043768,-5.12336735052228
30,500101257,2010,8.734825870646766,8.804914215533737,2.03205528004238,2.053731343283582,-0.02167606324120186,1.055447846773637
30,500101258,2010,8.51044776119403,8.64361866574951,2.413110912976635,2.439800995024876,-0.02669008204824097,1.0939450431681148
30,500101259,2010,6.565174129353234,6.481716994818982,1.6375257593760622,1.6074626865671642,0.030063072808897973,-1.8702190141097161
30,500101260,2010,5.88955223880597,6.272692529781056,0.9292236304390379,0.763681592039801,0.16554203839923687,-21.676840207326784
30,500101261,2010,9.16268656716418,9.119346868591851,2.0670662438657312,1.9840796019900497,0.0829866418756815,-4.182626634155461
30,500101262,2010,8.546268656716418,8.714622676713141,2.002708475447636,1.9064676616915424,0.09624081375609372,-5.048122015912013
30,500101264,2010,6.059701492537314,6.243647376444175,1.9853642028404612,1.9034825870646765,0.08188161577578468,-4.301674012266785
30,500101265,2010,8.17910447761194,8.09839170599784,2.264196932106809,2.3865671641791044,-0.12237023207229525,5.127458129358213
30,500101267,2010,7.561691542288557,7.525314351476261,1.1887715970347552,1.035820895522388,0.15295070151236723,-14.766134007678104
30,500101268,2010,5.474129353233831,5.74915926758283,1.527295598120176,1.4671641791044776,0.060131419015698295,-4.098479220805479
30,500101269,2010,4.193532338308458,5.102555311413525,2.414014267359899,2.1507462686567163,0.26326799870318274,-12.240774401882891
30,500101270,2010,4.848756218905472,5.009894585281371,1.6653304615734357,1.7134328358208955,-0.04810237424745978,2.807368531863942
30,500101271,2010,3.5860696517412936,3.935098262509581,1.6272440156114896,1.6388059701492537,-0.011561954537764096,0.7055108870948948
30,500101272,2010,6.433333333333334,6.462283679752075,1.5031902881981654,1.4666666666666666,0.036523621531498796,-2.4902469226021906
30,500101273,2010,2.8318407960199004,3.257294929487056,1.1788485859231894,0.9064676616915422,0.27238092423164717,-30.048609094709704
30,500101274,2010,7.997512437810945,8.849488413497179,3.0262653563867246,2.7681592039800993,0.25810615240662527,-9.324107949987722
30,500101276,2010,7.923880597014925,7.904608674637543,3.760626404652195,3.743283582089552,0.01734282256264308,-0.46330506845976327
30,500101277,2010,7.070646766169154,7.0922834312938505,1.8131317070924133,1.8442786069651742,-0.03114689987276087,1.6888391892163297
30,500101279,2010,2.380099502487562,2.8459137547965248,1.3988094394690305,1.3527363184079602,0.04607312106107031,-3.405920313819468
30,500103001,2010,20.529353233830847,20.294336743255336,2.3691765799904383,2.490049751243781,-0.12087317125334263,4.854247237147226
30,500103002,2010,9.814427860696517,10.182873072780778,2.217232234554812,2.192537313432836,0.024694921121976243,-1.1263170287082425
30,500103003,2010,8.66268656716418,8.438167973566518,1.447123526724524,1.3512437810945275,0.09587974562999646,-7.0956660057545236
30,500103004,2010,14.233333333333333,14.198778823633832,3.766364974906486,3.9288557213930346,-0.1624907464865486,4.135828801291158
30,500103005,2010,20.108457711442785,19.949024526658754,2.7830150519840036,2.791542288557214,-0.008527236573210306,0.3054668599563842
30,500103006,1799,7.275708727070595,7.188044892161333,1.3191085877471622,1.1634241245136188,0.15568446323354346,-13.381574264555407
30,500103007,2010,7.352238805970149,7.406109312893878,1.6663385740136574,1.7482587064676618,-0.08192013245400442,4.685812926367356
30,500103008,2010,15.843283582089553,15.817005123441303,2.2543087630846346,2.2517412935323384,0.002567469552296142,-0.11402151568968726
30,500103009,2010,23.867164179104478,23.54245491413957,6.003769006240059,6.381094527363184,-0.377325521123125,5.913178679693446
30,500103010,2010,15.848258706467663,16.07290544510806,2.0541674459540955,1.9796019900497512,0.07456545590434427,-3.7666892779022865
30,500103011,2010,17.739800995024876,17.98087317697754,2.136323855862703,2.272636815920398,-0.1363129600576949,5.99800896926372
30,500103012,2010,13.537313432835822,13.588355754103024,1.2044544774064339,1.1950248756218906,0.009429601784543218,-0.7890715897973299
30,500103013,2010,9.255223880597015,9.339251021239019,1.4877912845700116,1.4686567164179105,0.019134568152101128,-1.3028618558849345
30,500103019,2010,5.913432835820895,6.255300821052171,1.589499623986137,1.4741293532338309,0.1153702707523061,-7.826332912998153
30,500103020,2010,14.74776119402985,14.962032107483553,2.06657534964704,2.1213930348258705,-0.054817685178830455,2.5840419139176647
30,500103021,2010,14.869651741293533,14.760383857411309,2.594351100274079,2.6039800995024875,-0.009628999228408652,0.36978006207683206
30,500103022,2010,7.066666666666666,7.0060419781469685,1.4222075502654827,1.418905472636816,0.003302077628666744,-0.2327200572798091
30,500103023,2010,7.118407960199005,7.479211296337426,1.949329598168036,1.9268656716417911,0.02246392652624496,-1.1658273255293665
30,500103024,2010,7.7432835820895525,8.448464955690318,2.602685905016334,2.451741293532338,0.15094461148399585,-6.15662883690811
30,500103025,2010,5.947761194029851,6.43934854984974,2.2138668083731403,2.2059701492537314,0.007896659119408955,-0.357967632611908
30,500103026,2010,2.861691542288557,3.5507804088262076,1.5863560470486098,1.3293532338308458,0.25700281321776397,-19.332921203881195
30,500103027,2010,9.04726368159204,9.641128708948349,2.9316605898973735,2.9298507462686567,0.001809843628716834,-0.0617725538074518
30,500103028,2010,14.17960199004975,14.53761274763813,3.908511190164339,3.8950248756218904,0.013486314542448419,-0.3462446318855706
30,500103029,2010,4.615422885572139,4.675768998690636,1.723718087839632,1.817910447761194,-0.09419235992156194,5.181353131974261
30,500103030,2010,12.957213930348258,13.055423744186053,4.319227874213561,4.491542288557214,-0.1723144143436528,3.8364197256395896
30,500103031,2010,10.450746268656717,10.43610880480643,2.06354639348332,2.0248756218905473,0.038670771592772546,-1.9097850344342215
30,500103032,2010,4.510945273631841,4.770759454174926,1.2384866780102666,1.0945273631840795,0.14395931482618707,-13.152646490938002
30,500103033,2010,8.308955223880597,8.379634805277092,1.909517869040917,1.8621890547263682,0.04732881431454872,-2.5415687088496637
30,500103034,2010,14.374129353233831,14.113338348132736,3.440518424977188,3.56318407960199,-0.12266565462480195,3.442585392290588
30,500103035,2010,14.760696517412935,14.686794310136401,2.694324224343678,2.744776119402985,-0.05045189505930736,1.8381060190177232
30,500103036,2010,4.272636815920398,4.675450127422437,1.4725695100724494,1.4517412935323384,0.020828216540111022,-1.4347058000556254
30,500103037,2010,11.006965174129354,10.916909468459211,3.2456518672166355,3.399502487562189,-0.1538506203455534,4.525680475553379
30,500103038,2010,9.419900497512439,9.318676168076658,2.16190929185524,2.2388059701492535,-0.07689667829401348,3.4347182971326022
30,500103039,2010,10.650746268656716,11.071738853420824,2.090488799748174,2.06318407960199,0.027304720146184014,-1.3234262718550729
30,500103040,2010,12.346268656716418,12.592089705835356,2.2105197495468625,2.2666666666666666,-0.05614691711980413,2.4770698729325353
30,500103041,2010,14.180597014925374,14.033158978675537,1.548909934092093,1.4323383084577115,0.11657162563438161,-8.138553925846024
30,500103042,2010,6.449751243781095,6.50612551632938,2.135360442062975,2.2238805970149254,-0.08852015495195031,3.9804364978393765
30,500103043,2010,8.0,8.055204731055198,2.487934785826731,2.5855721393034825,-0.09763735347675162,3.7762378389122717
30,500103044,2010,17.34825870646766,17.354607241417092,5.567319641873221,5.695024875621891,-0.12770523374866993,2.2423999286697525
30,500103045,2010,10.533830845771144,10.501645765625828,2.425675795244016,2.4965174129353236,-0.07084161769130759,2.837617607802476
30,500103046,2010,4.8373134328358205,5.321819042063443,1.6233932252506738,1.5343283582089553,0.08906486704171845,-5.804811373341572
30,500103047,2010,6.458706467661692,6.9610823746034125,2.1730619756529728,2.0945273631840795,0.07853461246889326,-3.749514752077802
30,500103048,2010,7.528855721393035,7.813967257374415,2.4372185382071097,2.4800995024875623,-0.04288096428045263,1.7290017693823425
30,500103049,2010,5.2119402985074625,5.440528143401941,1.7295499073486837,1.7557213930348259,-0.026171485686142137,1.4906400178278747
30,500103050,2010,16.664676616915422,16.3884598234862,3.118863605202067,3.0865671641791046,0.03229644102296225,-1.046354713993458
30,500103051,2010,8.332338308457711,8.22999081222338,2.4590629459318807,2.446268656716418,0.012794289215462662,-0.5230124328468568
30,500103052,2010,5.759203980099502,6.403854606453659,1.8270286902507276,1.654726368159204,0.17230232209152363,-10.412738045819678
30,500103053,2010,5.648756218905473,5.793652743438654,2.5055696882949863,2.616915422885572,-0.11134573459058572,4.254846511921622
30,500103054,2010,9.234328358208955,9.125238983618578,2.4252073920557047,2.494029850746269,-0.06882245869056414,2.75948817011837
30,500103055,2010,6.197014925373134,6.3929826862983505,1.9227174642791844,1.9736318407960198,-0.05091437651683539,2.579730194072073
30,500103056,2010,5.674626865671642,5.817403784867976,1.4395663532082936,1.364179104477612,0.0753872487306817,-5.526198758157192
30,500103057,2010,13.730348258706467,13.49226544867735,2.936734619380553,2.8233830845771144,0.11335153480343862,-4.014741585108575
30,500103058,1799,21.05780989438577,20.560066893555355,2.8018242380999854,2.772095608671484,0.029728629428501296,-1.0724243902521322
30,500103059,2010,14.423880597014925,14.205937891985352,2.5494341309951776,2.5686567164179106,-0.01922258542273303,0.7483516695660156
30,500103060,2010,4.893034825870647,5.34516600365378,1.6452281345572994,1.6044776119402986,0.04075052261700085,-2.53980001426889
30,500103061,2010,6.446268656716418,6.671882801740625,1.2658662948938453,1.2203980099502487,0.04546828494359656,-3.725693140506689
30,500103062,2010,6.283084577114428,6.350987087015464,1.4951107308515055,1.4875621890547264,0.007548541796779107,-0.5074437796496991
30,500103063,2010,6.642288557213931,6.63016407687331,1.6654541859597813,1.6800995024875622,-0.014645316527780894,0.8716934030452945
30,500103064,2010,7.417910447761194,7.454022865567391,1.7429555510743677,1.76318407960199,-0.020228528527622247,1.1472726394052122
30,500103065,2010,7.628358208955224,7.5439231088407634,1.9703877166142933,2.0437810945273633,-0.07339337791306999,3.591058656408731
30,500103066,2010,6.1751243781094525,6.112798783212515,1.9083688902102496,2.0159203980099503,-0.10755150779970069,5.3351068775271075
30,500103068,2010,10.732835820895522,10.668754651435357,1.7840170489227296,1.7174129353233831,0.06660411359934648,-3.8781653631137436
30,500103069,2010,5.170646766169154,5.436998603808825,1.8711218870918758,1.8507462686567164,0.020375618435159337,-1.1009406735126417
30,500103070,2010,7.802487562189055,7.8771954850278,1.6316013947574408,1.6507462686567165,-0.01914487389927566,1.15977084199952
30,500103071,2010,6.253233830845772,6.365957709647399,1.7240799854275997,1.7124378109452736,0.011642174482326073,-0.6798596952200874
30,500103072,2010,5.312935323383084,5.533352210772501,1.5610960533845208,1.5323383084577114,0.028757744926809492,-1.8767229643794507
30,500103073,2010,8.580597014925374,8.430172380565795,1.628724545038081,1.663681592039801,-0.034957047001719976,2.1011861385603217
30,500103074,2010,11.137313432835821,11.415552429912852,1.2637587092054632,1.1432835820895522,0.12047512711591102,-10.537641666796395
30,500103075,2010,4.051741293532339,4.370955657693833,1.1710543032050353,1.0109452736318407,0.16010902957319462,-15.837556567033525
30,500103076,2010,6.822885572139303,7.009399400590019,1.0697462423780537,0.9935323383084577,0.07621390406959605,-7.671003864791591
30,500103077,2010,4.730845771144279,5.126392385789308,1.3652948561829392,1.2587064676616915,0.10658838852124775,-8.46808936473154
30,500103078,2010,10.952238805970149,10.890655603338898,1.644758534971269,1.4358208955223881,0.20893763944888089,-14.551789857666341
30,500103079,2010,5.520895522388059,5.613632445272512,1.6432686281884656,1.6741293532338308,-0.03086072504536519,1.8433895197974453
30,500103080,2010,8.757213930348259,8.57910157616507,1.4228748069442327,1.300995024875622,0.12187978206861083,-9.368197398007945
30,500103081,2010,6.238308457711443,6.3012420633019355,1.4934449868907778,1.3890547263681592,0.10439026052261857,-7.515201420145535
30,500103082,2010,5.304477611940299,5.5399013178131336,2.315292524334555,2.365174129353234,-0.04988160501867922,2.1090034936378887
30,500103083,2010,13.565174129353235,13.732048683939656,1.5969469370465643,1.600995024875622,-0.004048087829057634,0.2528482453824066
30,500103084,2010,12.514427860696518,12.480329541324378,2.5206142808064134,2.4527363184079602,0.06787796239845312,-2.76743822354748
30,500103085,2010,9.34228855721393,9.168477027759279,1.4802262349142694,1.4517412935323384,0.028484941381931028,-1.9621224187005266
30,500103086,2010,3.945771144278607,4.490164466994441,1.7194571768073628,1.5970149253731343,0.12244225143422849,-7.666944715975055
30,500103087,2010,7.849751243781094,7.898962258904209,1.3078586681356417,1.263681592039801,0.04417707609584065,-3.495902478450382
30,500103088,2010,4.224875621890547,4.566617740298109,1.2024356210614189,1.1258706467661692,0.07656497429524967,-6.800512520258587
30,500103089,2010,6.140298507462687,6.075043537893473,1.3656639105391872,1.3691542288557215,-0.0034903183165342355,0.2549251386712868
30,500103090,2010,5.643283582089552,5.594182557452347,1.5688894353316818,1.5731343283582089,-0.004244893026527086,0.26983665348891345
30,500104001,2010,6.7119402985074625,6.797938071224781,2.077209644210676,2.220398009950249,-0.14318836573957272,6.448770224883288
30,500104002,2010,7.4412935323383085,7.336053259152522,1.4948441437241502,1.4437810945273633,0.05106304919678695,-3.536758404050371
30,500104003,2010,17.6681592039801,17.374063906244658,3.499138867188246,3.656716417910448,-0.15757755072220192,4.309263631994909
30,500104004,2010,35.85621890547264,34.853814288514066,5.642481134944607,5.762686567164179,-0.12020543221957247,2.0859269512331924
30,500104005,2010,6.804477611940299,7.059707564387015,1.3245578914072473,1.2019900497512437,0.12256784165600365,-10.19707623048706
30,500104006,2010,7.898009950248756,7.760603434075615,1.9166175964479502,2.0169154228855724,-0.1002978264376222,4.972832539211164
30,500104007,2010,13.050746268656717,12.897959767021057,2.636197913337066,2.7129353233830846,-0.07673741004601853,2.8285749897762194
30,500104008,2010,17.755721393034825,17.97564472004857,2.4140647510125843,2.371144278606965,0.04292047240561914,-1.8101164401026955
30,500104009,2010,24.106965174129353,23.67940205640684,3.382464163939057,3.421890547263682,-0.03942638332462467,1.152181309719331
30,500104010,2010,15.337810945273631,15.111821030914369,3.627625587360256,3.7940298507462686,-0.16640426338601255,4.385950293809143
30,500104012,2010,8.935323383084578,8.944328289740268,1.8517005718437807,1.8333333333333333,0.018367238510447415,-1.0018493732971316
30,500104013,2010,5.137313432835821,5.502203886399671,1.4262573097336912,1.3970149253731343,0.029242384360556928,-2.093204863415934
30,500104014,2010,28.203482587064677,27.903226764051837,2.7024687352778027,2.7935323383084576,-0.09106360303065486,3.259801283911243
30,500104015,2010,5.718407960199005,5.8332390320607646,1.6030678190100631,1.6119402985074627,-0.008872479497399555,0.550422339190528
30,500104016,2010,7.127363184079602,7.330177105411573,1.7540769326080567,1.7114427860696517,0.04263414653840503,-2.4911230971568052
30,500104018,2010,4.845273631840796,4.995748357570685,1.6642330836862593,1.7592039800995025,-0.09497089641324319,5.3985153221328845
30,500104019,2010,8.541293532338308,8.70762673695544,1.6360362237315882,1.4885572139303482,0.14747900980123996,-9.907513693198272
30,500104020,2010,5.866666666666666,6.227476538717798,1.8294214682721273,1.774129353233831,0.05529211503829634,-3.116577432052037
30,500104021,2010,16.56318407960199,16.619190145612194,2.7158345751164354,2.817910447761194,-0.10207587264475837,3.6223959042366585
30,500104022,2010,8.107960199004975,8.294909074560348,1.8510260596632966,1.8606965174129353,-0.009670457749638706,0.5197224619458235
30,500104023,2010,15.874626865671642,15.520537706769824,2.963614118966,2.982587064676617,-0.01897294571061714,0.6361237844593903
30,500104024,2010,14.105970149253732,14.070468747163307,2.35610214169936,2.3601990049751245,-0.004096863275764306,0.17358126442424654
30,500104025,2010,6.579601990049751,6.6623961474864055,2.1303746747052523,2.288557213930348,-0.15818253922509573,6.91188921396614
30,500104026,2010,8.280597014925373,8.478884183014396,1.7543486124252352,1.7492537313432837,0.005094881081951552,-0.29126026663033616
30,500104027,2010,10.121890547263682,10.038192674708862,2.3056894190144064,2.301492537313433,0.004196881700973432,-0.18235478207861214
30,500104028,2010,10.123880597014926,10.425268530149168,2.4309698408842815,2.36318407960199,0.06778576128229163,-2.868408003734867
30,500104029,2010,8.755721393034825,8.784945064910115,1.5404693264673788,1.4666666666666666,0.07380265980071221,-5.031999531866742
30,500104030,2010,21.8,21.318895091557657,2.082064283661979,1.9611940298507462,0.12087025381123295,-6.163095133449473
30,500104031,2010,20.875621890547265,20.838610646139696,5.8259705404875,6.345273631840796,-0.5193030913532963,8.184092940411837
30,500104032,2010,9.03681592039801,9.220104503723144,1.7302048393543596,1.7582089552238807,-0.028004115869521007,1.5927638058216531
30,500104033,2010,9.81592039800995,10.021571512838522,1.5345647915647904,1.545273631840796,-0.010708840276005605,0.6930060835406073
30,500104034,2010,7.95820895522388,7.848889000993091,1.8832448797428465,1.9029850746268657,-0.019740194884019235,1.0373278880229715
30,500104035,2010,16.28358208955224,15.737145176191833,3.204595517807945,3.1850746268656716,0.019520890942273272,-0.6128864541388516
30,500104036,2010,21.27363184079602,21.450772850732456,2.9518182992365998,2.8835820895522386,0.06823620968436117,-2.3663695905032083
30,500104037,2010,8.046268656716418,8.075775443151505,1.6075113619145176,1.5442786069651742,0.06323275494934344,-4.094646825005809
30,500104038,2010,21.839303482587066,21.553731684394858,3.0872985844206378,3.217412935323383,-0.13011435090274537,4.04406750138423
30,500104039,2010,16.749253731343284,16.44295330319467,2.6457279513327916,2.664676616915423,-0.018948665582631197,0.7111056351958309
30,500104040,2010,8.919900497512439,8.83412061619659,1.9501786278665791,1.8855721393034826,0.06460648856309659,-3.4263599475415343
30,500104041,2010,10.049253731343283,10.0196088668779,3.337346240124358,3.261691542288557,0.07565469783580081,-2.31949271888285
30,500104042,2010,11.176616915422885,11.020662583172381,1.8847358488060741,1.863681592039801,0.02105425676627304,-1.1297131900749815
30,500104043,2010,9.493532338308457,9.470113187580084,1.808958390088391,1.8348258706467662,-0.025867480558375178,1.4098057462671938
30,500104044,2010,11.409452736318409,11.460165400524989,2.910657705552119,3.0885572139303483,-0.17789950837822932,5.759955087632747
30,500104045,2010,6.658208955223881,6.9024653702750385,1.4747401972367415,1.3800995024875622,0.09464069474917935,-6.857526908646377
30,500104046,2010,8.062189054726367,8.458735926632379,3.3391902453190694,3.4,-0.06080975468093053,1.7885221964979567
30,500104047,2010,7.765174129353234,7.902673381377804,1.1381463967492735,1.0835820895522388,0.054564307197034756,-5.035549011296596
30,500104048,2010,7.74726368159204,7.7850173729469105,1.0127605378601399,0.8577114427860697,0.15504909507407016,-18.077069669308646
30,500104049,2010,7.13681592039801,7.137185228554281,1.112932102112897,1.1253731343283582,-0.012441032215461112,1.1055028626470749
30,500104050,2010,7.7791044776119405,7.946668673040093,0.9895337735192611,0.8686567164179104,0.12087705710135066,-13.915400044313563
30,500104051,2010,17.437810945273633,17.070844815762268,1.9031104909465715,1.791044776119403,0.11206571482716843,-6.257002411183571
30,500104052,2010,5.601492537313433,5.694636784882415,0.7295737946392383,0.6228855721393035,0.10668822249993481,-17.128061279941612
30,500104054,2010,14.974626865671642,14.840233799852815,1.4920855119052088,1.4597014925373135,0.032384019367895256,-2.2185371141605135
30,500104055,2010,13.710447761194029,13.469184610224442,2.88109355611606,2.955223880597015,-0.0741303244809548,2.508450373850491
30,500104056,2010,8.528855721393034,8.206751225555395,1.5508998451012161,1.5069651741293533,0.04393467097186288,-2.9154403649205802
30,500104057,2010,5.187064676616916,5.183279078049911,1.110045968169989,1.1154228855721393,-0.005376917402150294,0.4820519169635188
30,500104058,2010,11.588557213930349,11.531633677758476,1.0160411251292936,1.0109452736318407,0.005095851497452841,-0.5040679876909553
30,500104059,2010,7.282587064676617,7.262250686208369,1.6588128266600355,1.6348258706467662,0.02398695601326928,-1.4672483745182974
30,500104060,2010,14.687064676616915,14.549971995988546,1.3895929080810039,1.3407960199004976,0.048796888180506315,-3.6393968550210647
30,500104061,2010,9.460696517412936,9.550604377465664,0.9945499328236489,0.9233830845771144,0.07116684824653452,-7.707185612905948
30,500104062,2010,7.135323383084577,7.327116336730558,1.410604373253437,1.3761194029850747,0.03448497026836228,-2.5059577093061525
30,500104063,2010,7.7019900497512435,7.631111866428888,0.8127659743953392,0.709452736318408,0.10331323807693116,-14.562384890226621
30,500104064,2010,12.540796019900498,12.36769976498996,1.3843448045438118,1.3407960199004976,0.04354878464331424,-3.247979856514346
30,500104065,2010,10.650248756218906,10.433123421495191,1.890046167404234,1.819402985074627,0.07064318232960698,-3.8827671994123603
30,500104066,2010,7.578109452736318,7.663643389079151,0.6910098617075384,0.618905472636816,0.07210438907072247,-11.650307237311267
30,500104067,2010,7.889054726368159,7.726933460217625,0.8368473410114939,0.6875621890547263,0.14928515195676761,-21.71223990109283
30,500104068,2010,5.327860696517413,5.452327889105243,0.5973631756167321,0.5233830845771145,0.07398009103961767,-14.134979371637977
30,500104070,2010,5.9099502487562185,6.032513267245413,1.0056999544862069,0.9402985074626866,0.06540144702352024,-6.955391985041041
30,500104071,2010,8.255721393034825,7.991853039210708,2.1445277983116187,2.100497512437811,0.04403028587380753,-2.0961836713963318
30,500104072,2010,20.414925373134327,19.97302989247319,3.3263733292120183,3.353233830845771,-0.026860501633752865,0.8010327638552412
30,500104073,2010,12.237810945273631,12.133762519949354,2.8152464461698314,2.927860696517413,-0.11261425034758155,3.846298100231757
30,500104074,2010,13.98358208955224,13.873589966131986,2.089715932390702,2.1074626865671644,-0.01774675417646243,0.842091026786815
30,500104075,2010,20.423880597014925,19.95761466280742,1.9786713326464482,1.818905472636816,0.15976586000963233,-8.78362632985123
30,500104076,2010,6.785572139303483,7.202431042277492,1.5431479624272137,1.4019900497512439,0.1411579126759699,-10.068396184481884
30,500104077,2010,10.785572139303483,11.026771546972135,2.279155006463169,2.1592039800995027,0.11995102636366628,-5.555335552787309
30,500104078,2010,8.43731343283582,8.324359575672284,1.8534952820635997,1.8149253731343284,0.03856990892927126,-2.125151232122676
30,500104079,2010,7.029850746268656,7.12137855869529,1.276059771485146,1.2626865671641792,0.013373204320966892,-1.059107197996196
30,500104080,2010,7.471144278606965,7.437625520046065,0.7046175483511353,0.663681592039801,0.04093595631133429,-6.168011408229528
30,500104081,2010,11.069154228855721,11.116558886404558,1.9306410409556727,1.9283582089552238,0.0022828320004488756,-0.11838215482203922
30,500104082,2010,4.961691542288557,5.185990918094131,2.0684747336089693,2.172139303482587,-0.10366456987361783,4.772464165047454
30,500104083,2010,6.922885572139304,7.069302347528819,1.0982872145706821,1.0199004975124377,0.0783867170582444,-7.685722014003477
30,500104084,2010,4.019900497512438,4.2024926474330035,1.4682160589242539,1.5059701492537314,-0.03775409032947752,2.5069613994796764
30,500104085,2010,12.933333333333334,12.798716667457375,2.432607023857367,2.464179104477612,-0.03157208062024486,1.2812413092407058
30,500104086,2010,5.142786069651741,5.255312306962249,0.7950436487804287,0.6208955223880597,0.17414812639236898,-28.047895356463275
30,500104087,2010,15.918407960199005,15.939576188516178,2.331866847363945,2.2597014925373133,0.07216535482663167,-3.193579110557676
30,500104088,2010,12.740796019900497,12.849239005598688,2.0653593078798873,2.0592039800995026,0.006155327780384745,-0.2989178264936781
30,500104089,2010,8.605970149253732,8.978594374488347,1.3737671342310702,1.2577114427860696,0.11605569144500061,-9.227529264416583
30,500104090,2010,19.87462686567164,19.843614910870997,1.3783738149039484,1.2805970149253731,0.09777679997857525,-7.635251280378254
30,500104091,2010,19.925870646766167,20.100289606297704,3.589272338901478,3.616915422885572,-0.027643083984094208,0.7642723357363048
30,500104092,2010,5.744776119402985,5.783033540944033,1.038962057881024,1.0009950248756219,0.03796703300540205,-3.792929241593346
30,500104094,2010,6.641293532338309,6.4743132439029125,0.8916985160547161,0.7850746268656716,0.10662388918904442,-13.581369915714784
30,500104095,2010,13.365174129353234,13.164731115490891,1.303786701752304,1.2771144278606965,0.026672273891607423,-2.0884795684507567
30,500104096,2010,6.7109452736318405,6.743815502377774,1.3217374877977708,1.2786069651741294,0.043130522623641365,-3.373243209086348
30,500104097,2010,3.8686567164179104,3.949333488543182,0.9730971684031492,0.9696517412935324,0.0034454271096168165,-0.35532624373164706
30,500104098,2010,7.841791044776119,7.659893516167179,2.2470745432461006,2.299004975124378,-0.051930431878277616,2.258822074774681
30,500104099,2010,6.443283582089553,6.506182622144252,1.4783033561037142,1.3880597014925373,0.0902436546111769,-6.501424579514895
30,500104100,2010,5.293034825870647,5.287372592504083,1.1906489431356575,1.1522388059701492,0.03841013716550834,-3.3335222669547395
30,500104101,2010,8.146268656716417,8.04215645370983,1.226673105415108,1.1502487562189054,0.07642434919620267,-6.644158386002049
30,500104102,2010,5.803980099502487,6.02863403196783,1.4759103430475107,1.4875621890547264,-0.011651846007215694,0.7832846312542991
30,500104103,2010,10.131840796019901,10.224384178343504,1.322244040788189,1.2965174129353234,0.025726627852865613,-1.9842871060729041
30,500104104,2010,10.025373134328358,9.992410074874929,2.6604232200964852,2.7094527363184078,-0.04902951622192253,1.809572669960784
30,500104105,2010,10.465671641791046,10.187100990364577,1.5139138706337634,1.4587064676616917,0.05520740297207172,-3.784682127348709
30,500104106,2010,5.877611940298507,6.078519246751874,1.4119216820577953,1.409950248756219,0.001971433301576342,-0.13982289824165303
30,500104107,2010,22.375124378109454,21.91866790601663,3.0828915812649704,3.2477611940298505,-0.1648696127648801,5.076408113624526
30,500104108,2010,18.916915422885573,18.963759990362643,4.406102080911287,4.552238805970149,-0.1461367250588621,3.2102165832602494
30,500104109,2010,8.98457711442786,8.995796054468949,1.5241721317850683,1.4845771144278608,0.039595017357207496,-2.6670906463802635
30,500104110,2010,5.755721393034825,5.714693903466124,1.2328529073332934,1.1661691542288557,0.06668375310443775,-5.718188726105796
30,500104112,2010,12.534328358208954,12.367837612044683,2.9009179271140773,2.8990049751243783,0.0019129519896989855,-0.06598650247631647
30,500104113,2010,6.651741293532338,6.684856833299482,2.008991916984031,2.1014925373134328,-0.09250062032940187,4.401663041242845
30,500104114,2010,10.59004975124378,10.418460959086449,2.0833894446485495,2.091044776119403,-0.007655331470853621,0.36610079125424166
30,500104115,2010,6.080099502487562,6.222408263839675,2.110333684571822,2.1522388059701494,-0.04190512139832725,1.9470479429181176
30,500104116,2010,14.27363184079602,13.956200033678437,1.7978918181504557,1.7945273631840797,0.0033644549663760515,-0.18748418304452075
30,500104117,2010,10.628358208955223,10.572282874226781,1.111941594821828,1.0756218905472636,0.036319704274564435,-3.376623755405852
30,500104118,2010,7.636318407960199,7.52821184361426,0.9050857143935508,0.7791044776119403,0.12598123678161044,-16.170005487294826
30,500104119,2010,5.785572139303483,5.9431953671285385,1.294562784026777,1.1800995024875622,0.11446328153921481,-9.69946019788456
30,500104120,2010,5.389054726368159,5.555449551716432,1.4747231773482934,1.4447761194029851,0.029947057945308275,-2.072781903239312
30,500104121,2010,7.023383084577114,6.916993015269025,1.7625630671346864,1.7228855721393035,0.03967749499538287,-2.302967512004608
30,500104122,2010,5.960199004975125,6.005423593215715,0.6406997078490294,0.5442786069651742,0.09642110088385525,-17.715394220891138
30,500104123,2010,12.879104477611941,12.844986526906979,1.5580186288705808,1.4338308457711442,0.12418778309943668,-8.661257599926016
30,500104124,2010,6.192537313432836,6.3077757989830845,1.5618566061651842,1.5781094527363184,-0.01625284657113424,1.0298934933158834
30,500104125,2010,7.55273631840796,7.460650594558485,1.6974508500797636,1.7746268656716417,-0.07717601559187814,4.348858742351418
30,500104126,2010,12.16865671641791,12.115361478143353,1.808560492147471,1.9,-0.09143950785252897,4.812605676448894
30,500104128,2010,7.518905472636816,7.329923567992006,2.1762497570491655,2.3238805970149254,-0.14763083996575999,6.35277217579057
30,500104129,2010,7.018905472636816,7.0629331756521525,0.7443624672431001,0.7154228855721393,0.02893958167096078,-4.045101471392988
30,500104130,2010,8.383582089552238,8.174550067276872,1.0333514103887058,0.9333333333333333,0.10001807705537247,-10.71622254164705
30,500104131,2010,6.119402985074627,6.217299424246298,0.611388623255199,0.5313432835820896,0.08004533967310945,-15.064712803647001
30,500104132,2010,10.51044776119403,10.560189296596969,2.0247816224156523,2.0288557213930347,-0.004074098977382423,0.2008077230146805
30,500104133,2010,8.531343283582089,8.488461157051304,0.848052860874841,0.7293532338308458,0.11869962704399517,-16.274641907123485
30,500104134,2010,13.111940298507463,12.934973443919805,1.1665471778458607,1.0776119402985074,0.08893523754735333,-8.252992957995394
30,500104135,2010,10.830348258706467,10.72685731482422,1.5708453108426197,1.5323383084577114,0.03850700238490834,-2.5129569738203172
30,500104136,2010,7.183582089552239,7.2584175042941,0.8850205567894383,0.7940298507462686,0.09099070604316961,-11.45935583626384
30,500104137,2010,7.087562189054727,7.252302764845093,1.1396916830556933,1.0298507462686568,0.10984093678703655,-10.665714151784707
30,500104138,2010,5.344776119402985,5.440140528550728,0.32063694330033427,0.21592039800995025,0.10471654529038402,-48.497754846468176
30,500104139,2010,5.879601990049752,5.894733762052807,1.4820971551644126,1.4582089552238806,0.02388819994053204,-1.638187713424408
30,500104140,2010,10.076119402985075,9.863569145032674,1.9655958057138672,1.916915422885572,0.04868038282829512,-2.539516467294918
30,500104141,2010,11.64179104477612,11.472416605635697,1.885411630478349,1.8746268656716418,0.010784764806707203,-0.5753019443068332
30,500104142,2010,8.046766169154228,8.149827862889113,2.8189654687296124,2.879601990049751,-0.06063652132013875,2.1057257749391654
30,500104143,2010,10.712935323383084,10.701530549923085,0.9363987022454702,0.8686567164179104,0.06774198582755975,-7.7984760316950235
30,500104144,2010,7.479601990049751,7.3592538035113435,1.953068747914176,2.027860696517413,-0.07479194860323712,3.6882192515335284
30,500104145,2010,4.42139303482587,4.71733949400169,0.8378271169697633,0.6626865671641791,0.17514054980558424,-26.42886674994177
30,500104146,2010,9.121393034825871,9.027164438517731,0.6317965267950586,0.472636815920398,0.15915971087466058,-33.67484409032292
30,500104147,2010,10.570149253731342,10.536870462726368,1.449700678610863,1.416915422885572,0.03278525572529101,-2.3138470508369005
30,500104148,2010,5.4278606965174125,5.402093374153058,1.442717875651121,1.4378109452736318,0.004906930377489127,-0.3412778567042611
30,500104149,2010,5.269154228855721,5.518890862026146,1.1408137853830391,1.0577114427860697,0.08310234259696947,-7.8568066142948565
30,500104150,2010,8.960199004975124,8.848354976381932,0.9457510111884653,0.8776119402985074,0.06813907088995785,-7.764145832699279
30,500104151,2010,9.235323383084577,9.025170003803032,2.0970089878929765,2.072139303482587,0.024869684410389503,-1.200193653418557
30,500104152,2010,7.472139303482587,7.615041608306347,1.1618448442214848,1.0601990049751244,0.10164583924636039,-9.58743016823953
30,500104153,831,7.991576413959085,8.080607653863595,1.734019149752527,1.8002406738868832,-0.06622152413435622,3.67848172163436
30,500104154,2010,7.912935323383085,7.841275642143031,0.3065823542976369,0.1791044776119403,0.12747787668569663,-71.17514781618063
30,500104155,2010,9.053731343283582,9.031642360585723,1.553261635225807,1.5442786069651742,0.008983028260632908,-0.5816973841453655
30,500104156,2010,7.858706467661691,7.89538565821178,0.8399883846865193,0.7840796019900498,0.05590878269646948,-7.130498300755308
30,500104157,2010,9.998009950248756,9.815620391684952,0.7067463724285753,0.6074626865671642,0.09928368586141112,-16.34399742681706
30,500104158,2010,8.137810945273632,7.949147905223592,1.0129318689193008,0.9393034825870646,0.07362838633223612,-7.838615282192511
30,500104159,2010,7.882587064676617,7.883343767962734,1.4739870070485954,1.4417910447761193,0.03219596227247612,-2.2330532839087995
30,500105001,2010,15.800995024875622,15.621718885124164,4.303185140040082,4.402487562189055,-0.09930242214897333,2.2555980169446985
30,500105002,2010,6.086069651741293,6.343433905141895,2.4319615811106416,2.5014925373134327,-0.06953095620279104,2.7795787980829356
30,500105003,2010,12.773134328358209,12.54365544342452,2.835677394064512,2.864676616915423,-0.028999222850910833,1.012303541686884
30,500105004,2010,16.85422885572139,16.58375474928333,2.4700239148071703,2.4601990049751246,0.009824909832045758,-0.3993542722429115
30,500105005,2010,5.9691542288557216,5.961685587908165,2.868858608136854,3.0527363184079603,-0.18387771027110622,6.023373494865116
30,500105006,1908,7.8930817610062896,7.82946983388589,1.5631634190871315,1.5555555555555556,0.007607863531575942,-0.4890769413155963
30,500105007,2010,19.860199004975126,20.01376683245455,3.0280073642610303,3.171144278606965,-0.14313691434593467,4.513730747338072
30,500105008,2010,14.181592039800995,14.268677295932727,2.096284050819734,2.081592039800995,0.01469201101873896,-0.7058064566841613
30,500105009,2010,15.377114427860697,14.924540582403171,2.4182821461498407,2.5014925373134327,-0.08321039116359197,3.326429718353617
30,500105010,2010,14.557213930348258,14.411263517757057,2.45237358563391,2.5343283582089553,-0.08195477257504535,3.2337866681554996
30,500105011,2010,10.853731343283583,10.624518127788372,2.325981424341203,2.3592039800995024,-0.033222555758299244,1.4082103980215412
30,500105012,2010,16.50398009950249,16.21831378300414,2.35390631759333,2.4139303482587064,-0.060024030665376316,2.4865684591386312
30,500105013,2010,13.136318407960198,12.945039557265575,2.5782132296351676,2.6407960199004976,-0.06258279026532998,2.3698456750812595
30,500105014,2010,6.206467661691542,6.262054037299523,1.726097450268553,1.7338308457711442,-0.007733395502591112,0.446029410622902
30,500105015,2010,5.580099502487562,5.689930674439407,1.8556071415225888,1.7791044776119402,0.07650266391064853,-4.300065840615312
30,500105016,2010,12.761691542288558,12.650029469176873,2.5692252459332687,2.6,-0.030774754066731358,1.1836443871819753
30,500105017,2010,6.098009950248756,6.300563083507564,1.7488801378136096,1.7462686567164178,0.0026114810971917812,-0.14954635342893108
30,500105018,2010,25.100995024875623,24.88449987390353,2.696051143211146,2.743781094527363,-0.04772995131621727,1.739568488587429
30,500105019,2010,8.465671641791046,8.967459624968628,2.301001318659592,2.109452736318408,0.19154858234118377,-9.080487040230645
30,500105020,2010,8.235820895522387,8.599681190801556,1.753938247827711,1.709452736318408,0.04448551150930302,-2.602324741958646
30,500105021,2010,5.375621890547263,5.826483895048539,1.300059730864916,1.1412935323383084,0.15876619852660756,-13.911074936289504
30,500105022,2010,16.870149253731345,16.62544102446624,2.1863174086637485,2.191044776119403,-0.0047273674556547185,0.21575859640930933
30,500105023,2010,9.778606965174129,10.150057580088783,2.1451003786337552,2.1313432835820896,0.013757095051665669,-0.6454659443008401
30,500105024,2010,13.656716417910447,13.680103712660515,1.8475656326492194,1.8228855721393036,0.02468006050991578,-1.3539006993703797
30,500105025,2010,11.171641791044776,11.148781773182606,1.2971891390778938,1.2427860696517412,0.054403069426152584,-4.377508788893783
30,500105026,2010,11.105970149253732,11.263816548568652,1.4873517858277376,1.4646766169154228,0.022675168912314803,-1.5481348340269279
30,500105027,2010,15.856716417910448,15.872935872711064,1.6569666030509502,1.7497512437810945,-0.09278464073014425,5.30273323479073
30,500105028,2010,13.933333333333334,13.822908171637332,2.3138307670542138,2.219900497512438,0.09393026954177586,-4.231282872679728
30,500105029,2010,12.286567164179104,12.291944720946626,1.4507674873503784,1.4119402985074627,0.038827188842915694,-2.7499171802065026
30,500105030,2010,9.765174129353234,9.699583976374049,1.4562849200611756,1.364179104477612,0.09210581558356368,-6.7517392167382555
30,500105031,2010,12.49950248756219,12.42992354563882,1.7222495592884701,1.7427860696517412,-0.020536510363271088,1.178372418788892
30,500105032,2010,18.969651741293532,18.49807633244213,1.8894735010419244,1.8238805970149254,0.06559290402699891,-3.5963376185015767
30,500105033,2010,10.712437810945273,11.307404593324087,1.8125139264974566,1.725870646766169,0.08664327973128749,-5.0202649829889845
30,500105034,2010,6.758706467661692,6.896041746007457,0.9811089785976107,0.7651741293532338,0.2159348492443769,-28.22035416002585
30,500105035,2010,10.785074626865672,11.001286066365564,1.567632327927679,1.5512437810945274,0.016388546833151496,-1.0564778426758983
30,500105036,2010,11.467661691542288,11.511989644978373,1.7513019236258434,1.6398009950248755,0.11150092860096783,-6.799662211406109
30,500105037,2010,10.227363184079602,10.287312963985913,1.287240126999734,1.2875621890547264,-0.00032206205499241136,0.02501332034523751
30,500105038,2010,13.349751243781094,13.121924005414911,1.6877292485735713,1.708955223880597,-0.021225975307025635,1.2420439699307577
30,500105039,2010,6.222885572139304,6.214918962490428,1.4486685583160464,1.4298507462686567,0.018817812047389637,-1.3160682747130539
30,500105040,2010,6.163681592039801,6.166984404253504,1.0004386429354615,0.9621890547263682,0.0382495882090933,-3.975267440552096
30,500105041,2010,5.686069651741294,5.797090365215026,1.2740572997631157,1.2497512437810945,0.02430605598202118,-1.9448715176696885
30,500105042,2010,10.919900497512439,10.78686227583642,0.65152301709038,0.5950248756218905,0.056498141468489416,-9.495088992614024
30,500105043,2010,5.552238805970149,5.52412691637451,1.2019463115337576,1.1860696517412936,0.015876659792464,-1.338594219079389
30,500105044,2010,4.124875621890547,4.380717010117553,0.8509629341756718,0.6930348258706468,0.15792810830502502,-22.78790363913139
30,500105046,2010,4.6482587064676615,4.849278814897168,1.4965516862966208,1.5402985074626865,-0.04374682116606565,2.840152149347286
30,500105047,2010,6.041293532338308,6.128504255246927,2.256081297897744,2.382587064676617,-0.12650576677887315,5.309596809887973
30,500105048,2010,7.419402985074627,7.308303847823367,2.029048727672671,1.9920398009950249,0.0370089266776461,-1.8578407248268898
30,500105049,2010,9.419402985074626,9.521932092537122,1.281409273284773,1.2716417910447761,0.009767482239996905,-0.7681001292016345
30,500105050,2010,9.844776119402985,9.6484856513488,1.5785684555270247,1.4338308457711442,0.14473760975588057,-10.094468966319221
30,500105051,2010,2.0771144278606966,2.4144253256822905,0.6909701547633265,0.4646766169154229,0.22629353784790357,-48.699144654634495
30,500105053,2010,9.170149253731344,9.181415926609748,1.4985747841551065,1.501492537313433,-0.0029177531583264305,0.19432352048496107
30,500105054,2010,4.319900497512438,4.53537375718307,0.7520311957368946,0.6298507462686567,0.12218044946823792,-19.39831780656858
30,500105055,2010,17.776119402985074,17.597029784845976,2.42010720602247,2.47363184079602,-0.05352463477355007,2.163807640684546
30,500105056,2010,6.155223880597015,6.056174508278507,1.2340316411024552,1.2298507462686568,0.004180894833798465,-0.3399514003209917
30,500105057,2010,4.430845771144279,4.431434799022804,0.8319421171702157,0.7631840796019901,0.06875803756822563,-9.009364766110398
30,500105058,2010,2.819900497512438,3.1694530816731574,0.545307582676943,0.31044776119402984,0.23485982148291318,-75.65196172766915
30,500105059,2010,4.716915422885572,4.984419173932825,1.309835319772027,1.2681592039800995,0.041676115791927426,-3.2863473025411585
30,500105060,2010,7.11044776119403,7.109474843299981,1.2213975251501195,1.2338308457711442,-0.012433320621024757,1.0077005825911194
30,500105061,2010,11.464179104477612,11.609230076866776,2.3976826514608547,2.4233830845771145,-0.025700433116259802,1.0605187962160172
30,500105063,2010,3.9238805970149255,4.018914833970466,1.0401744833352866,0.954228855721393,0.08594562761389357,-9.006814989777167
30,500105064,2010,4.965671641791045,5.1657222923328066,0.6618005232999379,0.5442786069651742,0.11752191633476372,-21.592235085271945
30,500105066,2010,3.364179104477612,3.8817056125210923,1.734721750110378,1.617910447761194,0.11681130234918391,-7.219886768814873
30,500105067,2010,16.54726368159204,16.37135310306463,2.678937515227211,2.7213930348258706,-0.042455519598659563,1.5600657110293552
30,500105068,2010,5.018407960199005,4.9786596663535905,1.6610836639698965,1.7194029850746269,-0.05831932110473037,3.3918355156397
30,500105069,2010,12.207960199004976,12.20391161960807,2.047795351652976,2.074626865671642,-0.026831514018665903,1.2933175821946874
30,500105070,2010,36.25870646766169,35.62058640452451,4.8478792754607944,5.097014925373134,-0.24913564991233983,4.887873658602275
30,500105071,2010,5.2800995024875625,5.396711598007164,2.058241280985303,2.080597014925373,-0.022355733940070177,1.074486494967505
30,500105072,2010,8.180597014925374,8.254880137843328,1.0846278076582296,1.0059701492537314,0.07865765840449823,-7.819084737539141
30,500105073,2010,10.032338308457712,10.023970349369856,1.5694081901083274,1.5422885572139304,0.027119632894397006,-1.7584020037979993
30,500105074,2010,4.3149253731343284,4.532853645509522,1.5475306343456912,1.5383084577114428,0.009222176634248402,-0.599501133080184
30,500105075,2010,5.353731343283582,5.394561804960708,1.3231704280632723,1.2626865671641792,0.06048386089909319,-4.79009300264686
30,500105076,2010,5.919900497512438,6.029342338384737,1.126641973781781,1.0666666666666667,0.05997530711511434,-5.62268504204197
30,500105077,2010,6.714427860696517,6.771772066441112,1.3992308597098917,1.4208955223880597,-0.021664662678168023,1.5247189069719091
30,500105079,2010,6.793034825870647,6.821920562535434,1.5105783183430987,1.5522388059701493,-0.041660487627050546,2.6838967990503715
30,500105080,2010,5.285572139303483,5.574349507923787,1.2494610356617688,1.1402985074626866,0.10916252819908223,-9.573153650966635
30,500105081,2010,16.97462686567164,16.491371155937188,2.1685918968423468,2.1502487562189057,0.018343140623441112,-0.853070630567252
30,500105082,2010,7.345273631840796,7.2366381848381796,1.5824245819867322,1.5472636815920398,0.03516090039469244,-2.2724569065380003
30,500105083,2010,7.538308457711443,7.4517928225736645,1.2766419594397653,1.2616915422885573,0.01495041715120804,-1.184950255281079
30,500105084,2010,12.969651741293532,12.895703838604293,1.1359120252596377,1.1298507462686567,0.006061278990981078,-0.5364672290564495
30,500105085,2010,5.112935323383085,5.194764717089942,1.1630075766425092,1.1890547263681592,-0.02604714972565003,2.190576190316174
30,500105086,2010,6.750248756218905,6.884896331972052,1.5619301628838895,1.537313432835821,0.024616730048068636,-1.6012824400199985
30,500105087,2010,10.75820895522388,10.40748829799859,1.9488726267645675,1.9572139303482587,-0.008341303583691229,0.4261825166044578
30,500105088,2010,6.314427860696518,6.453382318263821,0.9925181080658123,0.9442786069651742,0.04823950110063813,-5.108608915294131
30,500105089,2010,11.840298507462686,11.907862476271337,1.9492422004928562,1.916915422885572,0.032326777607284196,-1.6863956135645273
30,500105090,2010,8.472139303482587,8.583012154020516,1.7422212852567243,1.5781094527363184,0.16411183252040584,-10.399268075851694
30,500105091,2010,5.834328358208955,5.913493299473052,1.6220315729148296,1.6955223880597015,-0.07349081514487188,4.334405470692268
30,500105092,2010,10.082587064676616,9.884700076689175,1.3543023544900026,1.2606965174129354,0.09360583707706716,-7.424930249601617
30,500105093,2010,3.255223880597015,3.4599679982946845,0.750880151509554,0.5761194029850746,0.17476074852447943,-30.33411956253918
30,500105094,2010,8.10547263681592,8.061359131797856,1.2332603232091726,1.2208955223880598,0.012364800821112798,-1.0127648594309993
30,500105095,2010,5.301990049751244,5.43753874736893,1.564161152523491,1.5800995024875621,-0.015938349964071064,1.008692803141777
30,500105096,2010,6.1303482587064675,6.1504912499048165,1.5305780797850188,1.5288557213930347,0.0017223583919840912,-0.11265669924790184
30,500105097,2010,4.923880597014925,5.073315651952093,1.1307213340038422,1.0756218905472636,0.05509944345657858,-5.122566204797546
30,500105098,2010,8.292039800995024,8.210422665418218,1.5656212954292434,1.5985074626865672,-0.03288616725732374,2.057304580990374
30,500105100,2010,7.24179104477612,7.224693064693837,0.8936798642444087,0.7751243781094528,0.11855548613495592,-15.295027415356957
30,500105101,2010,5.348756218905472,5.631243646788506,1.2237476938922376,1.0945273631840795,0.12922033070815808,-11.806039305608989
30,500105102,2010,6.5810945273631845,6.724718727802153,1.176161002501896,1.118407960199005,0.05775304230289113,-5.163861878505836
30,500105103,2010,9.113432835820895,9.209436086629045,0.9459068648532597,0.9164179104477612,0.02948895440549848,-3.217850073564166
30,500105104,2010,4.456218905472637,4.6507948190415975,0.9413999541821124,0.7592039800995025,0.1821959740826099,-23.998290164223192
30,500105106,2010,9.696019900497513,9.607362897175657,1.3057828073443247,1.3064676616915423,-0.000684854347217545,0.05242030608938559
30,500105107,2010,10.824875621890547,10.805806354504607,1.0416166243820733,0.9771144278606965,0.06450219652137679,-6.6012940431755265
30,500105108,2010,4.684577114427861,4.976617749719962,1.0761165397493635,0.9840796019900497,0.09203693775931376,-9.352590742983857
30,500105109,2010,7.01592039800995,6.943938582787468,2.1079721492296257,2.2054726368159203,-0.09750048758629459,4.420843222387822
30,500105110,2010,10.472636815920398,10.345971703988788,1.0398024037365792,0.9900497512437811,0.04975265249279803,-5.02526791510171
30,500105111,2010,13.42587064676617,13.398908930477141,1.5605923897348117,1.492537313432836,0.06805507630197583,-4.55969011223238
30,500105112,2010,7.745771144278607,7.791541970817252,0.8594555853466012,0.7616915422885572,0.09776404305804398,-12.835122569997937
30,500105113,2010,8.535323383084577,8.593458905065152,1.0773638381298543,1.0199004975124377,0.057463340617416536,-5.634210470293037
30,500105114,2010,4.445273631840796,4.678015008586814,0.5984130335841911,0.44776119402985076,0.1506518395543403,-33.64557750046933
30,500105115,2010,15.111442786069652,15.111433634199939,1.4692917811424495,1.3781094527363185,0.09118232840613105,-6.616479425860051
30,500105116,2010,3.265671641791045,3.5876794042968574,1.2385084508788617,1.1930348258706467,0.04547362500821506,-3.811592421455891
30,500105117,2010,5.618407960199005,5.84789337664518,1.8576421616224874,1.836318407960199,0.021323753662288336,-1.1612231065077094
30,500105118,2010,9.407960199004975,9.403116453382857,0.8897922951150821,0.8606965174129353,0.029095777702146775,-3.3804920914054923
30,500105119,2010,7.9278606965174125,7.9645355463462675,1.0049783494149196,0.9532338308457712,0.05174451856914841,-5.428313273694587
30,500105120,2010,4.986567164179104,5.189649095740366,0.6294827879721335,0.5343283582089552,0.09515442976317834,-17.80823126852779
30,500105121,2010,8.48855721393035,8.42141629301302,1.6730782947872642,1.680597014925373,-0.0075187201381088364,0.4473838803315205
30,500105122,2010,6.200497512437811,6.350317664503758,0.9695902657107567,0.9422885572139303,0.027301708496826338,-2.8973830030950865
30,500105123,2010,6.646268656716418,6.998000358925633,1.2366337369211466,1.0308457711442787,0.20578796577686798,-19.96302177661702
30,500105124,2010,5.147263681592039,5.12672007055816,0.9399162991259697,0.8985074626865671,0.04140883643940263,-4.608624653554778
30,500105125,2010,4.412935323383085,4.614872021691001,1.4815576925251268,1.462686567164179,0.018871125360947705,-1.290168774677037
30,500105126,2010,10.340796019900498,10.365027302549292,1.8237895582800796,1.76318407960199,0.06060547867808963,-3.4372746090000046
30,500105128,2010,9.14726368159204,9.101282142736247,1.0442238368240617,1.0169154228855721,0.027308413938489595,-2.685416439156756
30,500105129,2010,7.308457711442786,7.36861200414644,0.6693770763084484,0.5761194029850746,0.09325767332337387,-16.18721272711412
30,500105130,2010,7.993034825870647,8.116511783738856,0.8426605145401428,0.7383084577114428,0.10435205682869997,-14.13393761628618
30,500106001,2010,4.925373134328358,5.1220533650296,1.721522479287185,1.4870646766169153,0.23445780267026972,-15.76648321737177
30,500106002,2010,5.874129353233831,6.18968003517874,2.3067964050081806,2.244776119402985,0.06202028560519546,-2.7628717656569783
30,500106003,2010,3.084577114427861,3.4549453473953466,2.03622593701219,1.9681592039800995,0.06806673303209054,-3.458395687424216
30,500106004,2010,4.181592039800995,4.278368545261557,2.0710855625308904,2.0492537313432835,0.021831831187606898,-1.065355199977904
30,500106005,2010,8.244278606965175,8.33205560824518,2.46706204054265,2.4890547263681593,-0.021992685825509284,0.8835758246906588
30,500106006,2010,10.814925373134328,11.319195788644901,3.1318066724249594,3.1,0.03180667242495927,-1.0260216911277185
30,500106007,2010,8.622388059701493,8.96039968216497,2.5780116273576965,2.564179104477612,0.013832522880084408,-0.5394522892698809
30,500106008,2010,13.706467661691542,13.63525587419378,1.4663853856032236,1.3477611940298508,0.11862419157337278,-8.80157346114726
30,500106009,2010,24.62139303482587,24.432750233038007,3.148361317665976,3.1587064676616916,-0.010345149995715452,0.3275122301368414
30,500106010,2010,16.175621890547262,16.188809082287353,3.4716161096943683,3.5940298507462685,-0.12241374105190017,3.406030170464
30,500106011,2010,7.619900497512438,7.777643449376298,1.699446831955731,1.599004975124378,0.10044185683135298,-6.281522471406954
30,500106012,2010,5.5049751243781095,5.545810584515444,1.7332914660733936,1.6970149253731344,0.03627654070025921,-2.137667745749663
30,500106013,2010,7.617412935323383,7.46137493943237,2.043496649925899,2.0507462686567166,-0.007249618730817531,0.35351124815485774
30,500106014,2010,26.66766169154229,26.542035158050275,5.568170385327603,5.867164179104478,-0.29899379377687474,5.096052959310763
30,500106015,2010,4.0542288557213935,4.394177929702953,1.5580044195565916,1.4766169154228856,0.08138750413370599,-5.511754828461894
30,500106016,2010,3.5199004975124377,3.8733698508423755,1.4911234383234657,1.4791044776119402,0.012018960711525528,-0.8125836202545009
30,500106017,2010,12.749751243781095,13.115257158345347,2.950547809089628,3.0024875621890548,-0.05193975309942678,1.7298906997489283
30,500106018,2010,23.64726368159204,23.631491527373857,3.1992354207659055,3.4034825870646768,-0.20424716629877127,6.001122705167814
30,500106019,2010,6.741293532338308,6.931797498197222,2.1484288865758026,2.144278606965174,0.004150279610628527,-0.19355132290866217
30,500106020,2010,4.6840796019900495,5.053997375221567,1.5791154128488143,1.5333333333333334,0.045782079515480856,-2.985787794487882
30,500106021,2010,14.93731343283582,15.11928853858969,2.452545911333445,2.518407960199005,-0.06586204886556013,2.61522556736025
30,500106022,2010,7.848258706467662,8.22497751337288,2.576338885290621,2.5417910447761196,0.03454784051450144,-1.3591927859492636
30,500106023,2010,6.08955223880597,6.285408003364661,1.764165183821134,1.7243781094527364,0.03978707436839768,-2.3073288944165995
30,500106025,2010,18.38955223880597,18.316635343430445,2.7346304108912083,2.919402985074627,-0.18477257418341875,6.3291219173256925
30,500106026,2010,8.272139303482588,8.343336125861924,1.384734630724593,1.3621890547263682,0.02254557599822471,-1.6550988954138666
30,500106027,2010,12.312935323383085,12.315803251787548,1.873742571356342,1.8965174129353233,-0.022774841578981242,1.200877008755307
30,500106028,2010,7.064179104477612,7.026513201768315,1.427737594808461,1.4472636815920399,-0.019526086783578922,1.349172720350417
30,500106029,2010,8.886069651741293,8.785568857980032,1.9999409556986687,2.053731343283582,-0.05379038758491328,2.6191540466491205
30,500106030,2010,6.645771144278607,6.675920507129663,1.6351744945909275,1.4666666666666666,0.1685078279242609,-11.48917008574506
30,500106031,2010,6.942786069651741,7.065980284333585,1.5416739690233203,1.4656716417910447,0.07600232723227562,-5.185494831530007
30,500106037,2010,13.656716417910447,13.54077660340939,1.8536241515077736,1.8527363184079602,0.0008878330998134398,-0.047920100177900486
30,500106038,2010,10.860696517412935,11.013959453471534,2.75678166964276,2.734825870646766,0.02195579899599398,-0.8028225574303784
30,500106039,2010,8.133830845771143,8.106285476986626,2.1227683364247114,2.0338308457711443,0.08893749065356715,-4.372904995442025
30,500106040,2010,10.388557213930348,10.475025857596556,2.175882792714779,2.1691542288557213,0.0067285638590575125,-0.31019296689691744
30,500106041,2010,5.505970149253732,5.776856955165785,1.7587944277551075,1.654726368159204,0.1040680595959036,-6.289140101857073
30,500106042,2010,10.356218905472637,10.524310077256475,2.351602908809441,2.2606965174129354,0.09090639139650536,-4.021167401121826
30,500106043,2010,7.759701492537314,8.184740711276875,1.7802056869599665,1.6845771144278607,0.09562857253210577,-5.676710891598718
30,500106044,2010,6.212437810945274,6.790600728932936,1.6636223274865072,1.4845771144278608,0.1790452130586464,-12.060351147717133
30,500106046,2010,3.999004975124378,4.263665055709241,1.7988456304853169,1.663681592039801,0.13516403844551594,-8.124393459195186
30,500106047,2010,11.553731343283582,11.713734924635444,4.27250164851583,4.519402985074627,-0.2469013365587971,5.463140538123978
30,500106048,2010,11.333333333333334,11.99866699204979,3.2431574228180993,3.292039800995025,-0.048882378176925645,1.4848659533870416
30,500106049,2010,3.2791044776119405,3.8694731346963778,1.8032017954146409,1.6248756218905474,0.17832617352409352,-10.974758382836127
30,500106050,2010,11.234825870646766,11.407280514551475,2.409604066454412,2.3582089552238807,0.05139511123053131,-2.1794129445858212
30,500106051,2010,10.224875621890547,10.261672228602738,2.3028440474575538,2.2587064676616917,0.04413757979586208,-1.9541087090238496
30,500106052,2010,8.281094527363184,8.556471514987232,2.4642745046842034,2.318407960199005,0.14586654448519853,-6.291668549683457
30,500106053,2010,13.781592039800994,13.835462273780259,3.053512634828964,3.166169154228856,-0.11265651939989185,3.558133312284453
30,500106054,2010,6.830348258706468,7.001772054750804,1.973305189125783,2.0049751243781095,-0.03166993525232664,1.5795674902525199
30,500106055,2010,16.093034825870646,16.695313208795152,3.15180817713921,3.382089552238806,-0.230281375099596,6.80884913136493
30,500106056,2010,13.637313432835821,13.960231890241609,2.8622025147947294,2.8507462686567164,0.011456246138012993,-0.40186832002453954
30,500106057,2010,17.255721393034825,17.290753730366813,2.5994626139370935,2.6786069651741293,-0.07914435123703578,2.9546832464049393
30,500106058,2010,8.355223880597014,8.57238471421804,2.0951555851707804,2.0796019900497513,0.015553595121029051,-0.7479121098868037
30,500106059,2010,10.546766169154228,10.782930186639598,2.851173456240133,2.9174129353233833,-0.06623947908325034,2.27048691946339
30,500106060,2010,5.165174129353233,5.3884366064506555,2.125222704594618,2.1054726368159202,0.019750067778697922,-0.9380348826839042
30,500106061,2010,4.579601990049751,4.9239634350568355,1.3526599052983526,1.2756218905472636,0.07703801475108896,-6.039251546399719
30,500106062,2010,16.32487562189055,16.432049032415183,3.4706167666895062,3.4651741293532337,0.005442637336272593,-0.15706677739997005
30,500106063,2010,6.749751243781095,6.884519048853037,1.6500558361536855,1.6049751243781094,0.04508071177557604,-2.8088106220988176
30,500106064,2010,10.712935323383084,10.840334425448281,1.6813517918081986,1.6855721393034826,-0.004220347495283994,0.2503807103164353
30,500106065,2010,11.792039800995024,12.071398844778399,3.963947867279616,4.149751243781094,-0.18580337650147838,4.477458179690344
30,500106066,2010,14.995522388059701,14.721955543043888,3.7555203344072394,3.819900497512438,-0.06438016310519856,1.6853884845200457
30,500106067,2010,27.072139303482587,26.679429844487252,3.9528354769770635,4.143283582089552,-0.19044810511248844,4.596550087369137
30,500106068,2010,12.803980099502487,12.87562640879793,1.8384622702559252,1.8134328358208955,0.025029434435029696,-1.38022395649958
30,500106069,2010,7.1124378109452735,7.406023258392867,2.4545109967650816,2.43681592039801,0.01769507636707157,-0.726155645116657
30,500106070,2010,9.600995024875623,9.804566846568276,3.355264525658038,3.364676616915423,-0.009412091257384958,0.279732417970483
30,500106071,2010,10.897512437810946,11.248131387400583,2.5223738005871024,2.524378109452736,-0.0020043088656338526,0.07939812416089956
30,500106072,2010,3.6587064676616916,4.302549980524416,1.9655594846521487,1.8781094527363185,0.08745003191583023,-4.656279845054802
30,500106073,2010,6.3681592039801,6.471560124702954,1.7317727245767895,1.5840796019900498,0.14769312258673972,-9.323592223597576
30,500106074,2010,7.49452736318408,7.3215732803061035,1.8369135437462885,1.7601990049751244,0.07671453877116408,-4.358287815998864
30,500106075,2010,5.419402985074627,5.860975282927386,2.2492934838762753,2.301492537313433,-0.052199053437157694,2.268052256997124
30,500106077,2010,8.472139303482587,8.679981687023432,2.6376205274729365,2.6791044776119404,-0.041483950139003856,1.5484259940463834
30,500106078,2010,6.935820895522388,7.325742751755871,1.9739531253737852,1.9447761194029851,0.029177005970800085,-1.500275825052652
30,500106079,2010,3.583582089552239,4.0262406073210535,1.217019986733955,0.9950248756218906,0.2219951111120645,-22.31050866676248
30,500106080,2010,7.04726368159204,7.019203482919163,2.5203732368158565,2.5194029850746267,0.0009702517412297773,-0.03851117693269851
30,500106083,2010,10.614427860696518,10.562097734855064,2.332541532388289,2.0875621890547262,0.24497934333356275,-11.735187800296979
30,500106084,2010,5.47363184079602,5.955045508935823,2.4154304663978863,2.342786069651741,0.0726443967461452,-3.1007695362019936
30,500106085,2010,8.094029850746269,8.385455399679064,2.493384424143636,2.41592039800995,0.07746402613368586,-3.2063981163243116
30,500106086,2010,7.4233830845771145,7.655359734835132,1.9225726135556576,1.7661691542288558,0.15640345932680177,-8.85551980977103
30,500106087,2010,6.862686567164179,6.815203498070019,1.6568914159963528,1.600995024875622,0.05589639112073086,-3.4913532054900256
30,500106088,2010,6.785074626865671,6.976263400546877,1.6331813941946416,1.608955223880597,0.024226170314044504,-1.5057081735074043
30,500106089,2010,7.116915422885572,7.422084800978545,1.904633013035165,1.918407960199005,-0.013774947163839979,0.7180405549615757
30,500106090,2010,10.730348258706467,10.759901262007276,2.31480097200445,2.1104477611940298,0.20435321081042002,-9.682931488188219
30,500106091,2010,9.28407960199005,9.739342128845228,2.465250785365345,2.4567164179104477,0.008534367454897218,-0.34738919773882965
30,500106092,2010,8.197014925373134,8.530976478411329,2.823356000146924,2.7611940298507465,0.062161970296177316,-2.2512713566723677
30,500106093,2010,4.20497512437811,4.387167181852362,1.345939416648188,1.3054726368159204,0.04046677983226754,-3.099780010017445
30,500106094,2010,6.025373134328358,6.1487547317591025,1.711497702225225,1.6288557213930348,0.0826419808321901,-5.073621914254799
30,500106095,2010,7.849751243781094,8.159628406162245,2.2844149306887873,2.31044776119403,-0.026032830505242632,1.1267439559762638
30,500106096,2010,8.138308457711442,8.226439467703544,2.440569325869273,2.584577114427861,-0.14400778855858798,5.571812415837571
30,500106097,2010,11.038805970149253,11.051132776038319,1.8503671026543342,1.809950248756219,0.040416853898115335,-2.2330367326886154
30,500106098,2010,5.482587064676617,5.795593744453053,1.8185839430517856,1.6646766169154228,0.15390732613636282,-9.245478946027772
30,500106099,2010,3.446766169154229,3.920874180570502,1.2947731096349975,1.0492537313432835,0.245519378291714,-23.399428656536045
30,500106100,2010,9.50049751243781,9.778610441320401,1.6921473660600372,1.6671641791044776,0.024983186955559678,-1.4985438907990138
30,500106101,2010,4.026865671641791,4.485054687342587,1.2784696948836944,1.1228855721393034,0.15558412274439104,-13.855741547019317
30,500106102,2010,4.949253731343283,5.218690291551513,2.1355108433811765,2.0796019900497513,0.055908853331425146,-2.6884400764632663
30,500106103,2010,2.8676616915422883,3.367149004834837,1.5206475385614902,1.4930348258706467,0.02761271269084342,-1.849435271862555
30,500106104,2010,5.923880597014925,6.06302958036277,2.1432532338854546,2.1313432835820896,0.011909950303365058,-0.5588001893035426
30,500106105,2010,7.633830845771144,7.671215155074619,2.574676526683598,2.6313432835820896,-0.056666756898491766,2.153529615541094
30,500106106,2010,7.436318407960199,7.696501346495508,2.2167552023137245,2.1845771144278605,0.03217808788586396,-1.4729664461531897
30,500106107,2010,4.598009950248756,4.927812495874048,1.4948981395088172,1.4149253731343283,0.07997276637448891,-5.652083699462824
30,500106108,2010,6.040298507462687,6.103571004465452,1.8043737725007545,1.882089552238806,-0.07771577973805144,4.129228582434137
30,500106109,2010,5.5049751243781095,5.6486829385461945,1.440799162475258,1.400497512437811,0.04030165003744712,-2.877666663419848
30,500106110,2010,5.017412935323383,5.616536570839208,2.7543576166537056,2.7388059701492535,0.015551646504452066,-0.567825785176179
30,500106111,2010,6.475124378109452,6.6472355299018755,1.7507162739779294,1.6676616915422886,0.08305458243564079,-4.980301631731443
30,500106112,2010,12.317910447761195,12.220476667127677,3.6837380834977558,3.791542288557214,-0.10780420505945809,2.8432810939445057
30,500106113,2010,6.63134328358209,6.5864781850127905,1.9042824195118506,1.8796019900497511,0.024680429462099474,-1.313066787157754
30,500106114,2010,5.773134328358209,5.943571374276407,1.6995777652308923,1.6582089552238806,0.04136881000701176,-2.4947887222950387
30,500106115,2010,7.106467661691542,7.36456982597765,1.42654313950158,1.3741293532338308,0.052413786267749174,-3.8143269514183866
30,500106116,2010,7.434825870646766,7.460107327791337,2.3244393106281094,2.435820895522388,-0.11138158489427852,4.572650850439131
30,500106117,2010,10.618407960199004,10.796836797800104,1.9701006348717183,1.935323383084577,0.034777251787141195,-1.7969736784615373
30,500106118,2010,3.9985074626865673,4.207424532612361,2.123650271606853,2.226865671641791,-0.10321540003493812,4.635007910416122
30,500106119,2010,10.48955223880597,10.464814688238219,2.2783835562888055,2.3059701492537314,-0.027586592964925938,1.1963117984789888
30,500106120,390,7.248717948717949,7.340772491680533,1.687179694945695,1.6307692307692307,0.056410464176464226,-3.459132237236014
30,500106121,2010,15.40995024875622,15.410572438602845,3.3174013969672487,3.418905472636816,-0.10150407566956732,2.968905589287403
30,500106122,2010,5.34228855721393,5.636528492333546,1.0535527387547288,1.0228855721393035,0.030667166615425234,-2.9981033510216304
30,500106123,2010,5.859203980099503,6.11584127645566,1.9617458974474782,1.9915422885572138,-0.029796391109735643,1.4961465433566985
30,500106124,1287,4.905205905205905,5.1717983426593035,1.4582315991911055,1.4467754467754468,0.011456152415658671,-0.7918403952176536
30,500106125,2010,6.120398009950248,6.135813493638839,1.825184516963949,1.871641791044776,-0.046457274080827116,2.4821669564716244
30,500106126,2010,4.763681592039801,5.383336909586112,2.202968876042582,2.154228855721393,0.04874002032118874,-2.2625275022076066
30,500106127,2010,5.511442786069652,5.6438133546557365,1.6802093703469383,1.6850746268656716,-0.004865256518733263,0.2887264718823106
30,500106128,2010,12.449253731343283,12.431183143351642,1.9871661943147012,1.9681592039800995,0.019006990334601737,-0.9657242308531216
30,500106129,2010,11.793034825870647,11.819160828746138,1.4157253689197058,1.3865671641791044,0.02915820474060138,-2.1029060469540286
30,500106130,2010,8.233830845771145,8.141419521428688,1.5424452269233062,1.51044776119403,0.03199746572927631,-2.1184092923532734
30,500106131,2010,3.2308457711442786,3.8041587588305665,1.2278863459226332,1.0149253731343284,0.21296097278830484,-20.982919377671212
30,500106132,2010,17.461194029850745,17.563607167531668,3.2343210556538957,3.482587064676617,-0.24826600902272133,7.1287811162238555
30,500106133,2010,5.278606965174129,5.567611534989636,1.3592077575197528,1.2805970149253731,0.07861074259437961,-6.138601111682324
30,500106134,2010,8.751741293532339,8.771648453593965,1.1085515501452512,1.0258706467661691,0.08268090337908207,-8.059583695051163
30,500106135,2010,4.7800995024875625,5.100906025244784,2.6145026974147294,2.6318407960199006,-0.017338098605171215,0.6587821965291898
30,500106136,2010,7.664179104477612,7.801009571956256,2.423655994128975,2.328855721393035,0.09480027273593983,-4.070680371699189
30,500106137,2010,4.537810945273632,4.872696861500011,1.6762699434567772,1.5398009950248757,0.1364689484319015,-8.862765310117029
30,500106138,2010,5.607960199004975,6.030891654429967,1.5141522160478529,1.399004975124378,0.11514724092347484,-8.230652711813102
30,500106142,2010,4.883084577114428,5.339801304726551,1.9048173247896554,1.7930348258706468,0.1117824989190086,-6.234262564572899
30,500106143,2010,8.860199004975124,8.752129735348728,1.6206635320163185,1.5144278606965174,0.10623567131980116,-7.014904709356122
30,500106144,2010,3.7935323383084576,4.032921212428201,1.3200525544984592,1.2532338308457711,0.06681872365268804,-5.3317044280231425
30,500106145,2010,7.731840796019901,7.786585070875118,1.2636259712209759,1.191044776119403,0.0725811951015729,-6.093909864417776
30,500106146,2010,4.0129353233830845,4.468717493896199,1.7376385110002273,1.5791044776119403,0.15853403338828698,-10.039489827046529
30,500106147,2010,3.7965174129353234,4.205972203728442,1.452683918751305,1.3432835820895523,0.10940033666175264,-8.144247284819363
30,500106149,2010,8.82039800995025,8.642888630199945,1.9852772341269058,2.0621890547263684,-0.07691182059946255,3.729620251023395
30,500106150,2010,11.538308457711443,11.496541605693167,2.8269582958486197,2.8572139303482587,-0.030255634499638973,1.058920866172285
30,500106151,2010,5.5587064676616915,5.7204778056916545,1.4755735802516794,1.4756218905472638,-4.8310295584386154e-05,0.003273893935421988
30,500106152,2010,6.195522388059701,6.508571534732696,1.3008476523517103,1.154726368159204,0.14612128419250636,-12.654191349717268
30,500107001,2010,11.743781094527364,11.68516884861506,2.304021212732946,2.298507462686567,0.005513750046378885,-0.23988393058921123
30,500107002,2010,6.519402985074627,6.422704841217057,1.4088285265307903,1.3422885572139303,0.06653996931686001,-4.957203051404323
30,500107003,2010,4.553731343283582,4.86858508624664,0.9776693818549053,0.8616915422885573,0.115977839566348,-13.459322028196274
30,500107004,2010,5.457213930348258,5.576271741400761,0.7211242314229827,0.5661691542288557,0.15495507719412693,-27.369042632706073
30,500107005,2010,10.93681592039801,11.159775006792461,2.4658770483967762,2.481592039800995,-0.015714991404218726,0.633262484412182
30,500107006,2010,5.569651741293533,5.8247153123048,1.454894028091679,1.3467661691542288,0.10812785893745014,-8.028703231040813
30,500107007,2010,10.68457711442786,11.119692066993407,1.899521656459061,1.765174129353234,0.13434752710582698,-7.611007031643523
30,500107008,2010,10.551741293532338,10.922837120071692,2.9241675926205777,2.872636815920398,0.0515307767001798,-1.7938493447759163
30,500107009,2010,8.496517412935324,8.578902220150127,2.038675132174235,2.1154228855721393,-0.07674775339790418,3.6280099795340406
30,500107010,2010,17.493034825870648,17.225334220625296,3.8756526714654873,4.0766169154228855,-0.2009642439573982,4.929681844695758
30,500107011,2010,7.782089552238806,8.121961869688526,2.3702672666990434,2.309452736318408,0.060814530380635556,-2.633287506787537
30,500107012,2010,12.998507462686566,13.378568920439909,3.4282054336926198,3.5064676616915422,-0.07826222799892246,2.2319392491179646
30,500107013,2010,8.64726368159204,9.138681349882916,3.5156855596645866,3.524378109452736,-0.008692549788149595,0.24664067016065339
30,500107014,2010,7.394029850746269,7.450015062473081,2.5688404184177274,2.629850746268657,-0.061010327850929524,2.319915985251009
30,500107015,2010,12.838308457711443,13.04228457151273,1.581824857579796,1.4407960199004974,0.14102883767929852,-9.788258416277282
30,500107016,2010,15.30547263681592,15.63043293064487,2.3895240338032586,2.370646766169154,0.018877267634104467,-0.7962918771154245
30,500107017,2010,9.98358208955224,10.174648911830339,3.014280778934715,2.9935323383084578,0.020748440626257025,-0.6931089522814795
30,500107018,2010,6.34228855721393,6.7872600072410005,1.5294077653851141,1.4049751243781095,0.12443264100700469,-8.856572536263435
30,500107019,2010,5.781094527363184,6.492271598025688,2.211251556345379,2.072636815920398,0.1386147404249809,-6.68784513332241
30,500107020,2010,15.66915422885572,15.45346179246256,2.223032119507956,2.191044776119403,0.03198734338855269,-1.459912811330402
30,500107021,2010,19.540796019900498,19.16523485001702,3.7849204234268767,3.7756218905472636,0.00929853287961313,-0.24627818010307542
30,500107022,2010,12.019402985074628,12.205534651343822,2.6884092476076886,2.8024875621890546,-0.11407831458136597,4.070609130277749
30,500107023,2010,27.83084577114428,27.353826821636417,4.4574112121491725,4.604975124378109,-0.14756391222893672,3.204445371436504
30,500107024,2010,16.19601990049751,16.493798701087574,5.432580523038401,5.70497512437811,-0.27239460133970894,4.774685172170707
30,500107025,2010,7.372139303482587,7.358738364542669,2.1876111101188664,2.243283582089552,-0.05567247197068559,2.4817402674889784
30,500107026,2010,3.719900497512438,4.1225885507152675,1.2291129848034719,1.0875621890547265,0.1415507957487454,-13.015420835085923
30,500107027,2010,15.493034825870646,15.730793671688618,2.864587814574206,2.981094527363184,-0.11650671278897784,3.908185792821186
30,500107028,2010,16.955721393034825,17.014654653745595,4.051973769774388,4.105970149253731,-0.05399637947934366,1.3150699473340695
30,500107029,2010,11.895522388059701,12.1354846657813,2.818669862853546,2.8835820895522386,-0.06491222669869279,2.2510968886192635
30,500107030,2010,6.372636815920398,6.788511005281958,1.6926610837486922,1.6517412935323383,0.040919790216353835,-2.4773728414117833
30,500107031,2010,8.918407960199005,8.972782499993645,1.7472705541757487,1.7383084577114427,0.008962096464306013,-0.5155642213295675
30,500107032,2010,7.402487562189055,7.864832239928112,1.427424096285334,1.2895522388059701,0.1378718574793638,-10.69145191101548
30,500107033,2010,6.949751243781095,7.0679033734475105,2.182222064167368,2.261691542288557,-0.07946947812118887,3.513718676277819
30,500107034,2010,7.958706467661692,8.368039696773437,2.157851238908899,2.1402985074626866,0.017552731446212277,-0.8201066993697508
30,500107035,2010,8.102487562189054,8.780081361477338,2.70480704878092,2.563681592039801,0.14112545674111887,-5.504796585477371
30,500107036,2010,11.129353233830846,11.381642936440612,3.6715027175470287,3.8303482587064677,-0.15884554115943894,4.147026077808446
30,500107037,2010,11.454228855721393,11.179755389950627,2.4124695622577574,2.4258706467661693,-0.01340108450841182,0.5524237051252616
30,500107038,2010,4.394527363184079,4.825795447371826,2.6487532702433674,2.690049751243781,-0.04129648100041372,1.5351567747518324
30,500107040,2010,13.532835820895523,13.611084279278492,2.177412544688865,2.2318407960199007,-0.05442825133103568,2.438715674885905
30,500107041,2010,13.798507462686567,13.999989430102142,1.592643917409372,1.5422885572139304,0.05035536019544162,-3.264976580414118
30,500107042,2010,4.52636815920398,5.088512391811399,1.7875147034669825,1.535820895522388,0.2516938079445945,-16.38822656199012
30,500107043,2010,5.437810945273632,5.555533720404892,1.9083440819357602,1.835820895522388,0.07252318641337219,-3.9504499916227127
30,500107044,2010,6.502487562189055,6.54955498571775,2.172058360337271,2.2338308457711444,-0.06177248543387348,2.765316163075405
30,500107045,2010,7.76318407960199,7.87575317191504,2.9550268940654734,3.007960199004975,-0.052933304939501546,1.7597741139331478
30,500107046,2010,8.987064676616916,8.90623921278711,1.6667004913373713,1.6786069651741293,-0.011906473836758025,0.7093068290421941
30,500107047,1699,7.364920541494997,7.24292257289141,2.1092629276445063,2.0824014125956447,0.026861515048861584,-1.2899297362356084
30,500107048,2010,15.59502487562189,15.401669499754084,2.582039913706061,2.6597014925373132,-0.07766157883125224,2.9199359044297983
30,500107049,2010,15.945273631840797,16.05035271248339,2.043601632954297,1.9960199004975125,0.04758173245678465,-2.3838305642606468
30,500107051,2010,8.737810945273631,9.401386314195602,2.314712281330236,2.2333333333333334,0.0813789479969027,-3.6438334923986284
30,500107052,2010,7.464676616915423,7.6261081468075735,1.5660432964068491,1.5651741293532337,0.0008691670536153939,-0.05553165218585321
30,500107053,2010,5.686069651741294,5.768266983090209,1.78285592757497,1.8482587064676617,-0.06540277889269164,3.5386160316099646
30,500107054,2010,6.72636815920398,6.63740380009934,2.107171764220776,2.183582089552239,-0.07641032533146275,3.4993108661708843
30,500107055,2010,6.692537313432836,6.753890161169792,1.5784109074877946,1.5412935323383083,0.03711737514948621,-2.408196386393392
30,500107058,2010,9.46318407960199,9.533778031382834,1.1833805278402874,1.1706467661691542,0.01273376167113316,-1.0877543968966277
30,500107059,2010,8.814925373134328,9.129369957042805,3.2871545447683044,3.2676616915422887,0.019492853226015683,-0.5965382914782509
30,500107060,2010,8.381094527363183,8.590372615020595,2.224878953669239,2.2815920398009952,-0.056713086131756185,2.485680399581987
30,500107061,2010,15.585572139303483,15.134031392368993,2.5377953970059446,2.4716417910447763,0.06615360596116826,-2.676504589008619
30,500107062,2010,10.781094527363184,11.105584956534617,2.4582755648916694,2.4318407960199004,0.026434768871768988,-1.0870271160445104
30,500107063,2010,9.537313432835822,9.665933259163266,4.177315372497149,4.2701492537313435,-0.09283388123419467,2.1740195884973934
30,500107064,2010,30.164676616915422,29.92741408035147,2.353976947153583,2.4422885572139306,-0.0883116100603476,3.615936773707449
30,500107065,2010,2.7960199004975124,3.130136602397079,1.286940055102369,1.2039800995024876,0.08295995559988145,-6.890475651064534
30,500107066,2010,6.182587064676617,6.387804213276974,1.8872650298520677,1.8507462686567164,0.036518761195351246,-1.973191129103656
30,500107067,2010,5.568159203980099,5.662109880250614,1.014408516680867,0.9532338308457712,0.06117468583509578,-6.417594912763178
30,500107068,2010,4.306467661691542,4.795053710826191,1.6752583161345727,1.5671641791044777,0.10809413703009496,-6.897435410491774
30,500107069,2010,9.287562189054727,9.54890352274745,2.757746971879301,2.753233830845771,0.004513141033529955,-0.1639214578495701
30,500107070,2010,5.116915422885572,5.2268910635259465,2.0089962991684374,2.0587064676616915,-0.04971016849325416,2.4146311907066424
30,500107071,2010,7.2701492537313435,7.4723917733720535,1.2388103180020877,1.1840796019900497,0.05473071601203805,-4.622215932109096
30,500107072,2010,10.081094527363184,9.9727222114584,2.002124665512227,2.0223880597014925,-0.020263394189265593,1.0019538086205129
30,500107075,2010,7.943283582089553,8.31123999455311,1.6326312317844756,1.5114427860696518,0.12118844571482379,-8.018063722409343
30,500107076,2010,13.655223880597015,13.462861803750439,2.7554701244813615,2.782089552238806,-0.026619427757444303,0.9568141951441891
30,500107078,2010,10.382089552238806,10.324729390834909,2.628733869846156,2.6766169154228856,-0.04788304557672962,1.788939063368523
30,500107079,2010,7.344776119402985,7.435748683958703,1.4388838201944412,1.4567164179104477,-0.017832597716006537,1.2241639825537276
30,500107080,2010,9.39452736318408,9.313248289754256,2.1129157999692443,2.044776119402985,0.0681396805662593,-3.332378538641878
30,500107081,2010,9.803980099502487,9.718841693819032,1.2440317353443209,1.0676616915422885,0.17637004380203236,-16.519281828615334
30,500107082,2010,10.834825870646766,10.645985736665704,2.34741574237882,2.3960199004975125,-0.04860415811869245,2.028537330119847
30,500107083,2010,11.630845771144278,11.75221925899537,3.7728189629617908,3.9835820895522387,-0.21076312659044794,5.290794110738109
30,500107084,2010,6.237313432835821,6.149762025210238,1.7994455935309328,1.8328358208955224,-0.03339022736458963,1.821779506048457
30,500107085,2010,6.623880597014925,7.047207835403722,2.1010203640980545,2.1303482587064675,-0.029327894608413008,1.3766713723239177
30,500107086,2010,4.518905472636816,4.503187393296733,1.3157240335930624,1.290547263681592,0.025176769911470442,-1.950859966154803
30,500107087,2010,8.051243781094527,8.274601725809644,1.7626747937184728,1.7791044776119402,-0.01642968389346744,0.9234805544146967
30,500107088,2010,4.4144278606965175,4.523377586596237,1.7586364032796076,1.8238805970149254,-0.06524419373531787,3.5772184781229925
30,500107089,2010,7.993034825870647,8.120850725207287,2.237838580712785,2.2119402985074625,0.02589828220532242,-1.1708400187291514
30,500107090,2010,5.787562189054726,6.001527768988932,1.6299172217499507,1.6049751243781094,0.024942097371841276,-1.5540488443087714
30,500107091,2010,6.695024875621891,6.819511263961451,1.9500509111899598,1.962189054726368,-0.012138143536408297,0.6186021427023498
30,500107092,2010,9.861691542288558,9.815108034894243,2.332631020445574,2.271641791044776,0.06098922940079765,-2.68480839017966
30,500107093,2010,6.200497512437811,6.6364214404543524,2.526278742171479,2.491542288557214,0.03473645361426492,-1.3941747556843547
30,500107095,2010,9.646268656716417,9.611174786759888,1.3551985852119592,1.3213930348258707,0.03380555038608857,-2.5583266670195037
30,500107096,2010,8.428358208955224,8.437499111116281,1.35676796725032,1.3303482587064677,0.026419708543852227,-1.98592423983332
30,500107097,2010,3.7771144278606967,4.362401159758305,1.9587262995825843,1.8955223880597014,0.06320391152288285,-3.334379584278072
30,500107098,2010,2.9805970149253733,3.458718048774854,1.2951303618296541,1.0885572139303483,0.2065731478993058,-18.97678369641703
30,500107099,2010,3.7228855721393033,3.938954995503418,1.3423937932096015,1.345771144278607,-0.0033773510690053854,0.25096028276158316
30,500107100,2010,4.408457711442786,4.60523149255896,1.4406452298269454,1.4248756218905472,0.015769607936398256,-1.1067357525195705
30,500107101,2010,5.9099502487562185,6.373743006340115,2.346437641383268,2.3134328358208953,0.03300480556237284,-1.4266593372122456
30,500107102,1488,3.4811827956989245,3.840906751938568,1.1546599308465129,0.9939516129032258,0.1607083179432871,-16.168625902610632
30,500107103,2010,4.118407960199005,4.486724851661125,1.5978145975310718,1.5233830845771144,0.07443151295395745,-4.885935370263046
30,500107104,2010,6.070646766169154,6.165686806021736,1.0389542973358135,0.8796019900497513,0.1593523072860622,-18.116410500281958
30,500107105,2010,7.081592039800995,7.061609418630371,1.6617261044751193,1.4258706467661693,0.23585545770895,-16.541153872818892
30,500107106,2010,5.211442786069652,5.527783141356361,1.7736741908522513,1.7388059701492538,0.034868220702997554,-2.005296812962091
30,500107107,2010,7.044278606965174,6.9030597290860065,1.6114852008792402,1.5980099502487561,0.013475250630484048,-0.84325198528247
30,500107108,2010,4.407462686567164,4.8565855497748025,1.7284368136642654,1.63681592039801,0.09162089326625544,-5.597507460947521
30,500107109,2010,6.249751243781095,6.67035008646597,1.5190630479393,1.3850746268656717,0.13398842107362818,-9.67373298699686
30,500107110,2010,5.9368159203980095,6.36939370851031,1.9041899645219935,1.8711442786069652,0.03304568591502832,-1.76606829803794
30,500107111,2010,7.557213930348259,7.970660636065738,1.9744487069079382,1.8925373134328358,0.08191139347510235,-4.328125680466764
30,500107112,2010,6.364179104477612,6.68531996431372,1.837150611704541,1.6840796019900497,0.1530710097144914,-9.089297770343506
30,500107113,2010,5.025373134328358,5.574089134210081,1.6683629773501902,1.5402985074626865,0.12806446988750375,-8.31426306440189
30,500107114,2010,12.069651741293532,12.115304367556844,3.228972147295238,3.317412935323383,-0.08844078802814526,2.6659565677350323
30,500107115,2010,6.765174129353234,7.286980771368935,1.9059042404252078,1.7398009950248756,0.16610324540033217,-9.547255454808914
30,500107116,2010,13.88407960199005,14.0648388139212,1.4595391645900448,1.4935323383084578,-0.03399317371841293,2.276025288941039
30,500107117,2010,5.7019900497512435,5.895405444905676,1.220225335791505,1.2119402985074628,0.008285037284042174,-0.6836176084123468
30,500107118,2010,11.508955223880598,11.646948566302697,2.8178202949116113,2.76318407960199,0.05463621530962115,-1.9772919116373515
30,500107119,2010,7.300497512437811,7.476433611790426,0.9709671990578075,0.9034825870646767,0.06748461199313083,-7.469387120385075
30,500107120,2010,3.6402985074626866,4.098493590773442,1.271308454549024,1.164179104477612,0.10712935007141211,-9.202136480493092
30,500107121,2010,8.800995024875622,9.105936039839024,1.6903247647571178,1.6756218905472637,0.014702874209854055,-0.8774577542104113
30,500107122,2010,5.48407960199005,5.805005720599301,2.507784510909945,2.5402985074626865,-0.03251399655274145,1.2799281839210797
30,500107123,2010,3.834825870646766,4.443154495610494,1.5201983257606435,1.399502487562189,0.12069583819845442,-8.624196046174665
30,500107124,2010,5.500497512437811,5.704445145345555,1.6153380691523478,1.583084577114428,0.03225349203791983,-2.0373827465813594
30,500107125,2010,7.676616915422885,7.463110524807797,1.5236936478425465,1.498507462686567,0.025186185155979368,-1.680751399851213
30,500107126,2010,5.829850746268657,6.277186280568836,2.652998147407124,2.656218905472637,-0.0032207580655128076,0.12125348776326547
30,500107127,2010,6.883582089552239,7.149958853285335,1.8523099721071088,1.8577114427860697,-0.005401470678960907,0.2907594018401559
30,500107128,2010,7.326865671641791,7.325551390673076,2.24259031336644,2.271144278606965,-0.028553965240524892,1.2572501672169778
30,500107129,2010,8.035820895522388,8.074770940143486,2.052659300563937,1.9950248756218905,0.057634424942046625,-2.8889075843769008
30,500107130,2010,11.220398009950248,11.313777673290101,1.369795972871835,1.317910447761194,0.05188552511064093,-3.936953773967092
30,500107131,2010,7.315422885572139,7.348949739234222,1.823023669380092,1.8054726368159204,0.017551032564171676,-0.9721018311927547
30,500107132,2010,11.210945273631841,10.886089421894303,2.658000388470814,2.6666666666666665,-0.008666278195852417,0.32498543234446564
30,500107133,2010,13.117412935323383,13.053450710450972,1.7661622682902323,1.7482587064676618,0.01790356182257047,-1.0240796603120843
30,500107134,2010,7.477611940298507,7.506711546034987,1.488247970210998,1.4915422885572138,-0.003294318346215741,0.22086657357884057
30,500107135,2010,5.325373134328358,5.842235973606282,1.6724107659748466,1.545273631840796,0.1271371341340506,-8.2274835675931
30,500107136,2010,9.577611940298507,9.511478151697958,2.3417624734470306,2.3990049751243783,-0.05724250167734768,2.3860934958828044
30,500107137,2010,3.1318407960199006,3.538829963976751,1.621613043378948,1.554228855721393,0.06738418765755494,-4.335538322397101
30,500107138,2010,7.46865671641791,7.854080192168055,1.6006863865204914,1.4855721393034826,0.1151142472170088,-7.748815703489206
30,500107139,2010,14.370149253731343,14.532324596868024,2.3130853272910765,2.1253731343283584,0.18771219296271813,-8.831964135184068
30,500107140,2010,6.9189054726368155,7.027718675066981,2.620407963921824,2.5497512437810945,0.07065672014072932,-2.7711220972266526
30,500107141,2010,6.322388059701493,6.553515422446952,1.5769423017248676,1.5950248756218905,-0.018082573897022947,1.1336860116349383
30,500107142,2010,7.090547263681592,7.185850529040334,1.8464412198201239,1.8567164179104478,-0.010275198090323956,0.5534069711026568
30,500107143,2010,5.292039800995025,5.485037762084451,1.9665042224561575,1.9870646766169153,-0.020560454160757802,1.034714893918958
30,500107144,2010,11.61044776119403,11.759329128802435,3.1780302384420547,3.2681592039800993,-0.09012896553804461,2.757789933497788
30,500107145,2010,7.5228855721393035,7.754843038766119,1.3376999597847594,1.336318407960199,0.0013815518245603453,-0.10338492804788883
30,500107146,2010,8.66268656716418,8.69465866271663,2.0144696283706973,2.0522388059701493,-0.037769177599451975,1.8403890175732962
30,500107147,2010,4.434328358208956,4.780631350213213,1.4927069201458019,1.364179104477612,0.12852781566818994,-9.42162324919992
30,500107149,2010,10.074626865671641,10.309254415605944,2.1668057533158405,2.12636815920398,0.04043759411186043,-1.901721201797835
30,500107150,2010,5.846766169154229,6.106454986251565,1.3499106413709785,1.3024875621890548,0.04742307918192368,-3.640962152622864
30,500107151,2010,14.603482587064677,14.781752896798105,2.8485371674051176,2.9228855721393034,-0.0743484047341858,2.543664570480229
30,500107152,2010,8.402487562189055,8.625447743714826,1.439186145978248,1.407960199004975,0.031225946973272967,-2.2178146083490695
30,500107153,2010,4.20547263681592,4.385132407519902,0.9605434008348984,0.8417910447761194,0.11875235605877899,-14.107106127549986
30,500107154,419,3.0143198090692125,3.4244507794733887,1.0142295155788563,0.8138424821002387,0.20038703347861764,-24.62233637171284
30,500107155,2010,10.639303482587065,10.685599020025714,1.8068323445774697,1.7174129353233831,0.08941940925408653,-5.2066342004841815
30,500107156,2010,5.777611940298508,5.924873454925515,1.8371959296581328,1.9054726368159205,-0.06827670715778766,3.583190114547081
30,500107157,2010,5.616915422885572,6.057101084059486,1.3189732105797891,1.1701492537313434,0.14882395684844574,-12.718373863323807
30,500107158,2010,9.490547263681592,9.735353434366464,1.4034025153817267,1.317910447761194,0.08549206762053263,-6.48694057822841
30,500107159,2010,5.5945273631840795,5.959442980654476,2.017155445862277,1.98955223880597,0.027603207056307033,-1.3874080065810737
30,500107160,2010,9.856218905472637,9.99030986565434,1.5182889927378396,1.4766169154228856,0.041672077314953926,-2.8221319205881867
30,500107161,2010,5.221890547263682,5.520677553454764,1.9493046197859094,1.9701492537313432,-0.020844633945433788,1.0580230866242908
30,500107162,2010,7.413930348258707,7.560453323112408,1.4114617435277512,1.416915422885572,-0.005453679357820818,0.3848980164754159
30,500107163,2010,7.019900497512438,6.830252902679769,1.7437573573794163,1.7233830845771145,0.02037427280230175,-1.1822254137594261
30,500107164,2010,4.919900497512438,5.211401662166385,1.9451213313493885,1.955223880597015,-0.010102549247626547,0.5166952668633424
30,500107165,2010,4.603980099502488,5.049433745099624,1.9302500666229379,1.8890547263681592,0.04119534025477867,-2.180738317411249
30,500107166,2010,12.273134328358209,12.04471854050261,2.3151883779053306,2.328358208955224,-0.013169831049893332,0.5656273591941366
30,500107167,2010,11.165671641791045,11.469599140228018,2.508593121362152,2.3691542288557215,0.1394388925064307,-5.885597940737625
30,500107168,2010,4.5039800995024875,4.95888151783043,1.8673825009138958,1.8233830845771144,0.043999416336781394,-2.4130648523037
30,500107169,2010,10.93233830845771,10.879036645779964,1.167107430859512,1.1502487562189054,0.01685867464060653,-1.4656546724748758
30,500107170,2010,11.261691542288558,11.221180747637053,2.536768303218651,2.5776119402985076,-0.04084363707985661,1.5845533783152246
30,500107171,2010,8.67313432835821,9.027810704228733,1.381747570232527,1.3338308457711443,0.04791672446138273,-3.592413881662786
30,500107172,2010,10.779601990049752,10.800817088783374,2.741316315393133,2.78955223880597,-0.048235923412837334,1.729163653643714
30,500107173,2010,8.159203980099502,8.000619335136838,2.117782060700363,2.0890547263681594,0.028727334332203647,-1.3751355562688574
30,500107174,2010,6.016417910447761,6.150917135843073,2.276346074322096,2.270646766169154,0.005699308152941729,-0.2509993292597037
30,500107175,2010,6.740298507462686,6.877601030403139,2.4907603197712067,2.482587064676617,0.00817325509458966,-0.3292233014053149
30,500107176,2010,8.966666666666667,8.835193562034306,2.285050705669106,2.3721393034825873,-0.08708859781348144,3.671310436348525
30,500107177,2010,6.756218905472637,7.194121702966626,2.001561040139793,1.9393034825870648,0.062257557552728215,-3.2103050456896796
30,500107178,2010,8.897014925373135,8.909962777281063,1.9748547686595501,1.973134328358209,0.0017204403013411085,-0.08719326791970822
30,500107179,2010,10.793034825870647,10.724030399927235,1.3110376396254146,1.2532338308457711,0.05780380877964353,-4.612372197184736
30,500107180,2010,8.799004975124378,8.836415615317796,1.5227757999640383,1.4935323383084578,0.02924346165558056,-1.9580065931951007
30,500107181,2010,8.837810945273631,8.987637338564802,1.5801280370814201,1.4865671641791045,0.09356087290231563,-6.293753498448943
30,500107182,2010,5.412437810945273,5.669247345955266,1.5162391355303273,1.462686567164179,0.05355256836614819,-3.6612470209509476
30,500107183,2010,5.113432835820896,5.493813352684747,1.3369415229529633,1.1781094527363185,0.1588320702166448,-13.481945149301353
30,500107184,2010,5.989054726368159,6.186629657198754,1.676400863703945,1.6756218905472637,0.0007789731566811842,-0.04648859990882364
30,500107185,2010,5.881592039800995,6.213755621431141,1.3110655545000391,1.2318407960199005,0.07922475848013866,-6.431412138331127
30,500107186,2010,5.7835820895522385,5.935533823300688,2.089935122243107,2.1054726368159202,-0.015537514572813382,0.7379585135008246
30,500107187,2010,9.097512437810945,9.00721150349381,2.162650739113099,2.1950248756218906,-0.03237413650879173,1.4748869987006203
30,500107188,2010,14.900995024875622,14.705991780623275,1.242867642814685,1.137313432835821,0.105554209978864,-9.281013213364682
30,500107189,2010,6.088059701492537,6.331844264262213,2.340454251396517,2.345273631840796,-0.004819380444278654,0.20549331126432105
30,500107190,2010,11.051741293532338,11.406650756904847,2.3638718011094437,2.234825870646766,0.12904593046267765,-5.774317013134063
30,500107191,2010,6.670646766169154,6.967042777472381,1.3413465924446382,1.2955223880597015,0.04582420438493662,-3.537121767040038
30,500107192,2010,9.545771144278607,9.378851613714225,2.5048096294929785,2.5960199004975126,-0.09121027100453416,3.5134657861079654
30,500107193,2010,9.69452736318408,9.795578163782016,1.4601647011516314,1.3975124378109454,0.06265226334068608,-4.48312742309644
30,500107194,2010,8.51144278606965,8.403737126372008,2.1890092178610767,2.1611940298507464,0.02781518801033034,-1.287028726997329
30,500107195,2010,8.222885572139303,8.203377907162306,1.4693532841318893,1.4557213930348258,0.01363189109706342,-0.9364354444667626
30,500107196,2010,7.777114427860696,8.06819231982405,1.2546744043521025,1.0746268656716418,0.18004753868046075,-16.75442373832065
30,500107197,2010,6.439303482587064,6.64657347565888,1.5546091383509717,1.5522388059701493,0.002370332380822404,-0.1527041053029818
30,500107198,2010,17.360696517412936,17.041358728778786,1.9388014928465727,1.7522388059701492,0.1865626868764234,-10.647103935877658
30,500107199,2010,9.67910447761194,9.556184131622846,2.168553746493755,2.2223880597014927,-0.05383431320773768,2.422363320966034
30,500107200,2010,8.355721393034825,8.280913947109648,2.1618035768677637,2.157213930348259,0.004589646519504775,-0.21275806052132373
30,500107201,2010,9.239303482587065,9.17115132874774,1.2908741840256521,1.245771144278607,0.045103039747045104,-3.6204916090878854
30,500107203,2010,6.332338308457712,6.464885540968511,1.3523137872513957,1.3064676616915423,0.04584612555985346,-3.509166503248494
30,500107204,2010,9.98407960199005,9.99622918337075,1.7812265263987472,1.7472636815920397,0.033962844806707526,-1.9437732933223841
30,500107205,2010,5.623383084577115,5.785922189519044,2.0226733198746265,2.009452736318408,0.013220583556218468,-0.6579196075265937
30,500107206,2010,5.6034825870646765,5.922131752301059,1.5397718347429352,1.5199004975124377,0.0198713372304975,-1.3074104037086736
30,500107207,2010,2.861194029850746,3.4182889365819,1.3428414215737503,1.1890547263681592,0.15378669520559107,-12.933525412687784
30,500107208,2010,5.259701492537314,5.537826451509739,0.8853436645756302,0.7651741293532338,0.12016953522239637,-15.70486123517664
30,500107209,2010,7.323383084577115,7.538372193494608,0.7994479457493172,0.6179104477611941,0.18153749798812313,-29.37925692078321
30,500107210,2010,7.422885572139304,7.629425491514531,0.9496489080677809,0.8348258706467662,0.11482303742101474,-13.754130227427869
30,500108001,2010,11.52089552238806,11.636191597266134,1.7620012160865242,1.8049751243781094,-0.042973908291585206,2.3808587559560714
30,500108002,2010,6.529850746268656,6.743385892417319,0.9930409627084459,0.8686567164179104,0.12438424629053546,-14.319148627948241
30,500108003,2010,10.040796019900498,10.45602978381651,1.7080182517441491,1.600497512437811,0.10752073930633821,-6.717957289578482
30,500108004,2010,6.507462686567164,6.661908293394897,1.2272607250349044,1.1766169154228856,0.05064380961201875,-4.304188470196943
30,500108005,2010,18.033830845771146,18.065987111154275,2.3348673489117724,2.3970149253731345,-0.06214757646136215,2.5927071126471133
30,500108006,2010,9.351741293532339,9.480872085281346,2.1969474049144853,2.274626865671642,-0.0776794607571567,3.4150419099274925
30,500108007,2010,12.351741293532339,12.557377067441424,2.3404194903853135,2.3930348258706466,-0.05261533548533315,2.1986865764141297
30,500108008,2010,18.27363184079602,18.50625757129439,2.4318712448725357,2.3990049751243783,0.03286626974815743,-1.3699958978389968
30,500108009,2010,9.242786069651741,9.700105479664382,1.7453734294254963,1.6437810945273632,0.10159233489813313,-6.180405361538971
30,500108010,2010,6.574129353233831,6.814132740484493,1.2968772181967472,1.2318407960199005,0.06503642217684669,-5.279612624210898
30,500108011,2010,12.550746268656717,12.641842846128634,2.1157836604386047,2.1860696517412936,-0.07028599130268898,3.2151762066091223
30,500108012,2010,5.633333333333334,5.877615874725403,1.399378621752038,1.3353233830845772,0.06405523866746088,-4.796983223606421
30,500108013,2010,6.714925373134329,6.8442749467161565,1.1146432527135188,1.0223880597014925,0.09225519301202634,-9.02350063037338
30,500108014,2010,7.372139303482587,7.435116919947543,1.8795406935469767,1.8199004975124378,0.05964019603453896,-3.277113013379533
30,500108015,2010,4.8965174129353235,5.156841331034195,1.8292274638167456,1.7661691542288558,0.06305830958788983,-3.5703437259622124
30,500108016,2010,8.503482587064676,9.00939790492002,1.9859472419377027,1.9029850746268657,0.08296216731083694,-4.359580556726334
30,500108018,2010,7.170646766169154,7.261775684027245,1.5693596599773676,1.5562189054726367,0.013140754504730845,-0.8444027031492647
30,500108019,2010,7.5049751243781095,7.677146022066541,1.450163370458828,1.4437810945273633,0.006382275931464676,-0.44205288153838723
30,500108020,2010,7.761691542288557,7.98390631780299,2.0610261994894734,2.0069651741293533,0.05406102536012014,-2.6936703265701905
30,500108021,2010,8.714427860696517,8.810773531952675,2.3388411705767034,2.2686567164179103,0.07018445415879304,-3.0936568609467985
30,500108022,2010,6.354228855721393,6.471819799309507,1.8724646885132887,1.818905472636816,0.05355921587647283,-2.944584899116805
30,500108023,2010,5.171144278606965,5.39430086869789,2.270662124025563,2.426865671641791,-0.156203547616228,6.436431543842114
30,500108024,2010,8.503482587064676,8.709791691727164,1.58798357507598,1.5751243781094528,0.012859196966527264,-0.8163924795552685
30,500108025,2010,11.134328358208956,11.347584709970842,2.8324552504319653,2.854228855721393,-0.02177360528942751,0.76285422052901
30,500108026,2010,11.048756218905472,11.374394879678334,2.3416249287176587,2.4,-0.05837507128234121,2.432294636764217
30,500108027,2010,22.01641791044776,21.739552702117642,3.4151237818901743,3.575621890547264,-0.16049810865708958,4.488676755262975
30,500108028,2010,8.572139303482587,9.176802261068907,2.6184755775332764,2.569154228855721,0.04932134867755522,-1.9197504035996515
30,500108029,2010,6.125870646766169,6.4606284068346564,1.1623593757417878,1.0437810945273631,0.11857828121442471,-11.360454968588831
30,500108030,2010,4.807462686567164,5.08695332813185,1.4436985767154382,1.407960199004975,0.035738377710463176,-2.538308805584134
30,500108031,2010,5.361194029850746,5.6169820168999385,1.774829579958742,1.8169154228855722,-0.042085842926830264,2.3163347284482154
30,500108032,2010,3.6731343283582087,4.05997333051553,1.335777556046628,1.2875621890547264,0.048215366991901654,-3.7447019958934438
30,500108033,2010,17.060199004975125,17.11543656690497,2.751003589976135,2.876616915422886,-0.12561332544675086,4.366703288619322
30,500108035,2010,9.478109452736318,9.377857820170894,1.19000022584935,1.182089552238806,0.007910673610544094,-0.669211025134412
30,500108036,2010,12.464179104477612,12.369173975024525,1.4444893428754761,1.4,0.044489342875476234,-3.1778102053911597
30,500108037,2010,3.8223880597014928,4.016814128286329,1.175081622916451,1.090547263681592,0.08453435923485886,-7.751553926189156
30,500108038,2010,9.839800995024875,9.756793335669979,2.1239992128047103,2.165174129353234,-0.041174916548523566,1.9016907689001004
30,500108039,2010,7.791044776119403,7.905177412135851,1.2939221050693512,1.2875621890547264,0.006359916014624822,-0.4939502005176156
30,500108040,2010,8.181592039800995,8.249422955176904,0.9290343127396294,0.872636815920398,0.05639749681923145,-6.462883044849215
30,500108041,2010,6.937810945273632,7.021437852207177,1.153365457205392,1.0199004975124377,0.13346495969295424,-13.086076535748198
30,500108043,2010,10.857213930348259,11.135185470315585,1.6954190447803639,1.6751243781094527,0.020294666670911177,-1.2115319277853123
30,500108044,2010,19.430845771144277,19.66008282491554,2.430937170252291,2.654726368159204,-0.2237891979069131,8.429840475878848
30,500108045,2010,14.451243781094528,14.523491862301741,2.1175883498451777,2.1771144278606966,-0.0595260780155189,2.7341731446799127
30,500108046,2010,23.17810945273632,22.924303735985887,1.5770898921101315,1.454726368159204,0.12236352395092753,-8.411446071866086
30,500108047,2010,5.132338308457712,5.348319066965864,1.584080007905766,1.490547263681592,0.09353274422417401,-6.275060610500327
30,500108048,2010,8.361194029850747,8.60120768065425,0.8353396454241101,0.6885572139303483,0.1467824314937618,-21.317390701044882
30,500108049,2010,18.132835820895522,18.129221585478067,2.165825154601453,2.2676616915422887,-0.10183653694083583,4.49081700858008
30,500108050,2010,7.028358208955224,6.79162175830742,1.7069157501813728,1.5691542288557214,0.13776152132565134,-8.779348695769157
30,500108051,2010,14.361194029850747,14.42446290772227,1.084652441496342,1.0417910447761194,0.04286139672022271,-4.114202837041435
30,500108052,2010,10.185572139303483,10.086771484228708,1.6923314516270944,1.6706467661691542,0.021684685457940223,-1.2979814702340633
30,500108054,2010,17.774129353233832,17.73878802830236,2.0349890780685356,2.1248756218905474,-0.08988654382201178,4.230202600848599
30,500108055,2010,11.930845771144279,12.242769429175143,1.8859505086789585,1.8223880597014925,0.06356244897746599,-3.487865750606242
30,500108056,2010,13.485074626865671,13.310211656866112,1.7504882478568096,1.7044776119402985,0.04601063591651111,-2.6993980791648378
30,500108057,2010,13.976616915422886,13.933975356616909,2.8594112624852612,2.8865671641791044,-0.027155901693843187,0.9407680524754362
30,500108058,2010,10.692537313432835,10.700199814960158,0.9102931976890037,0.863681592039801,0.04661160564920275,-5.396850654083958
30,500108059,2010,10.486567164179105,10.445201001113935,0.9260814637745216,0.9074626865671642,0.018618777207357384,-2.051740251468659
30,500108060,2010,6.627363184079602,6.903686712703936,1.4184243038670794,1.3223880597014925,0.09603624416558687,-7.2623344910771115
30,500108061,2010,7.002487562189055,7.095490411877696,1.9592588417661223,2.0402985074626865,-0.08103966569656418,3.971951427702853
30,500108062,2010,7.794029850746269,7.845329181928592,1.5060720113377983,1.4920398009950249,0.014032210342773466,-0.9404715834936535
30,500108063,2010,4.525870646766169,4.72541699695602,1.3886332627489202,1.372139303482587,0.016493959266333125,-1.2020615708966491
30,500108064,2010,4.403980099502488,4.403502264697668,1.3247350518032661,1.245273631840796,0.07946141996247014,-6.381040915883539
30,500108065,2010,7.332835820895522,7.4128681529353235,0.6119974605016363,0.5442786069651742,0.06771885353646212,-12.441946582110498
30,500108066,2010,8.750248756218905,8.828197459532083,1.1010835829991303,1.0935323383084576,0.007551244690672698,-0.6905369348613342
30,500108067,2010,6.414925373134328,6.704128620263901,1.4934364108676708,1.4388059701492537,0.05463044071841705,-3.796928971093301
30,500108068,2010,17.222388059701494,17.000341547720804,2.1047525583067297,2.1283582089552238,-0.02360565064849407,1.109101397930647
30,500108069,2010,7.01044776119403,7.0365215608286675,0.5755701969912951,0.4855721393034826,0.0899980576878125,-18.534436060707286
30,500108070,2010,9.669651741293533,9.839798633909778,3.6168126803639833,3.616915422885572,-0.00010274252158870567,0.002840611669784022
30,500108071,2010,9.481592039800995,9.878184506399789,1.4122205745658625,1.283084577114428,0.12913599745143456,-10.06449611777369
30,500108072,2010,11.732338308457711,11.838891273961734,1.0500977880589155,1.0109452736318407,0.03915251442707479,-3.8728619093710797
30,500108073,2010,5.7298507462686565,5.933446129208247,1.1590748481755737,1.0248756218905473,0.13419922628502645,-13.094196351111805
30,500108075,2010,3.68955223880597,4.076360115185369,1.1175355297561582,0.918407960199005,0.19912756955715327,-21.68182095394789
30,500108076,2010,7.602487562189054,7.765353883738026,1.7814840737534516,1.7850746268656716,-0.0035905531122200074,0.20114302551734156
30,500108077,2010,11.269651741293533,11.20865639029984,1.1982480032098608,1.181592039800995,0.01665596340886588,-1.4096204821819127
30,500108078,2010,10.919402985074626,10.997940072990271,0.9530777040350535,0.890049751243781,0.06302795279127249,-7.081396596448167
30,500108079,2010,7.658706467661691,7.64516849149526,0.7525253192764747,0.7213930348258707,0.03113228445060401,-4.315578741083728
30,500108081,2010,7.721393034825871,8.054477073118324,2.034357842786763,2.005970149253731,0.028387693533031833,-1.4151603174948906
30,500108082,2010,9.4318407960199,9.497818299820414,3.767529087985492,3.9472636815920397,-0.17973459360654775,4.553397191191845
30,500108083,2010,6.980099502487562,7.305180206685119,2.1381185312692663,2.074626865671642,0.06349166559762454,-3.0603896367200316
30,500108084,2010,9.107960199004975,9.638536493221629,2.6729410230876334,2.664676616915423,0.008264406172210581,-0.31014668420730523
30,500108085,2010,3.743283582089552,4.204866580738859,1.1920683075453833,1.0328358208955224,0.1592324866498609,-15.41701821609925
30,500108086,2010,9.441791044776119,9.455367602146437,1.7219652556512954,1.7641791044776118,-0.0422138488263164,2.3928323784798637
30,500108087,2010,4.567164179104478,4.787354912164922,0.5757137708082546,0.4736318407960199,0.1020819300122347,-21.553012534095775
30,500108088,2010,10.525373134328358,10.63487318967984,1.3198130983968233,1.3343283582089551,-0.014515259812131864,1.0878326704841554
30,500108089,2010,9.365174129353234,9.447309976919065,1.644023094063966,1.6756218905472637,-0.031598796483297775,1.8857951582965715
30,500108090,2010,8.703482587064677,8.651925602786877,1.0182210334872501,0.9890547263681592,0.029166307119090962,-2.948907309324589
30,500108091,2010,4.970149253731344,5.228496634945557,1.1577796331588066,1.0507462686567164,0.10703336450209022,-10.186413951193247
30,500108092,2010,4.730845771144279,5.06834218436365,1.0865941952331868,0.9771144278606965,0.10947976737249032,-11.204395744333278
30,500108093,2010,7.582587064676617,7.5891405825837515,1.8227093790025999,1.827860696517413,-0.005151317514813014,0.2818222156988067
30,500108094,2010,5.38955223880597,5.492837559026376,1.5352932826883727,1.4199004975124379,0.11539278517593488,-8.126821941262406
30,500108095,2010,11.165174129353234,11.111344736985764,1.5862557457312532,1.5353233830845772,0.050932362646676,-3.31737034736937
30,500108096,2010,8.622885572139303,8.786440945565534,1.3834292847819412,1.3064676616915423,0.07696162309039889,-5.890817304329847
30,500108097,2010,7.903482587064676,7.9905488901743436,0.48226317727891926,0.3990049751243781,0.08325820215454116,-20.86645714845732
30,500108098,2010,6.15771144278607,6.365518682941062,2.193978997792534,2.1855721393034826,0.008406858489051316,-0.38465252818104134
30,500108099,2010,9.183084577114428,9.41556837297104,2.2355130989394123,2.262686567164179,-0.02717346822476685,1.2009382394850785
30,500108100,2010,7.927363184079602,7.998831339486728,0.5962485778645282,0.536318407960199,0.0599301699043292,-11.174363776224647
30,500108102,2010,4.595522388059702,4.767237732363273,0.9743661294142469,0.9054726368159204,0.06889349259832656,-7.608567039705296
30,500108103,2010,8.2363184079602,8.268237702806248,2.2519461503173486,2.219900497512438,0.032045652804910674,-1.4435625759271729
30,500108104,2010,6.154726368159204,6.42309249628514,0.7170184476791046,0.5213930348258706,0.19562541285323398,-37.51975952624049
30,500108105,2010,5.554726368159204,5.849314434402596,1.3258133956975402,1.2965174129353234,0.029295982762216788,-2.25959038189009
30,500108106,2010,8.063681592039801,8.308360199402607,1.4983189479994374,1.4706467661691542,0.027672181830283193,-1.8816334735747366
30,500108107,2010,7.074129353233831,7.35436352824054,1.4032614622291035,1.3313432835820895,0.071918178647014,-5.401925974607554
30,500108108,2010,5.208955223880597,5.354714009089172,0.9508896509883958,0.8656716417910447,0.08521800919735112,-9.844149338314699
30,500108109,2010,4.170149253731343,4.39270366955679,1.1160486167927646,0.9741293532338309,0.1419192635589337,-14.56883144808257
30,500108110,2010,10.475621890547263,11.079372354321615,2.1740918146817565,2.120398009950249,0.053693804731507644,-2.5322512320584316
30,500108111,2010,7.372636815920398,7.5440092773377705,1.050895048700051,1.0059701492537314,0.04492489944631961,-4.465828283239486
30,500108112,2010,6.4412935323383085,6.632456093408953,1.4823825641936337,1.4796019900497512,0.0027805741438824416,-0.18792716977820134
30,500108115,2010,11.555721393034826,11.526895235201135,0.9531079454024529,0.8706467661691543,0.08246117923329865,-9.471255443367445
30,500108116,2010,5.70497512437811,5.777192441992763,1.4976053204323192,1.4407960199004974,0.05680930053182176,-3.942910706801165
30,500108117,2010,6.357213930348259,6.51255785956014,1.4893984779658123,1.4109452736318409,0.0784532043339714,-5.560329362174983
30,500108118,2010,7.563681592039801,7.707797018524566,1.3012222025963918,1.3223880597014925,-0.02116585710510077,1.6005783589636025
30,500108119,2010,4.2119402985074625,4.482530107985694,1.3225598963596734,1.2049751243781095,0.11758477198156392,-9.758273810195849
30,500108120,2010,6.120398009950248,6.281970888403709,1.2763918081243155,1.2686567164179106,0.007735091706404962,-0.6097072286225087
30,500108121,2010,7.325373134328358,7.525276141731373,1.544258566757301,1.483582089552239,0.060676477205062085,-4.089863151649054
30,500108122,2010,5.257213930348259,5.573075730096777,1.7498771185521393,1.6328358208955225,0.11704129765661686,-7.167977095971965
30,500108123,2010,6.827363184079602,6.864809592636208,0.65128807983346,0.545273631840796,0.10601444799266402,-19.44243069938455
30,500108124,2010,6.591044776119403,6.719369386880374,1.0815598219275673,1.0651741293532337,0.016385692574333532,-1.5383111664834377
30,500108125,2010,6.506965174129353,6.58582602034599,1.1598186880101493,1.0711442786069652,0.08867440940318416,-8.278474821198337
30,500108126,2010,8.11592039800995,8.214546288650217,0.7355779253768204,0.6029850746268657,0.13259285074995475,-21.989408416452893
30,500108127,2010,10.59004975124378,10.484257358832696,1.2558574275623682,1.181094527363184,0.07476290019918408,-6.329967540032014
30,500108128,2010,7.517910447761194,7.578243998016686,2.9093049874903127,3.0606965174129352,-0.1513915299226225,4.946309739019363
30,500108129,2010,11.624875621890547,11.658754063067956,1.3449375744323906,1.3004975124378109,0.04444006199457973,-3.417158554288648
30,500108131,2010,12.237810945273631,11.83489274095421,2.0559786835424614,1.9761194029850746,0.07985928055738678,-4.041217369595857
30,500108132,2010,8.751741293532339,8.74230690099488,1.1461844852218603,1.0895522388059702,0.05663224641589015,-5.197754123102246
30,500108133,2010,7.490049751243781,7.59901086062536,1.0332387939987062,1.0109452736318407,0.022293520366865494,-2.2052153512499824
30,500108134,2010,4.148756218905473,4.352443500469794,0.8082842228738756,0.7263681592039801,0.08191606366989546,-11.277485477841772
30,500108135,2010,10.5681592039801,10.57045061464455,1.0983742457472272,1.0985074626865672,-0.00013321693933998624,0.012127085510569399
30,500108136,2010,6.481592039800995,6.530642456309686,1.9388220340448756,1.953233830845771,-0.014411796800895438,0.7378428825725887
30,500108137,2010,8.825373134328359,8.993129545391485,1.0200277794823063,0.9900497512437811,0.029978028238525134,-3.027931495449021
30,500108138,2010,7.749253731343283,7.89371992731203,1.2655761017304201,1.2,0.06557610173042017,-5.4646751442016805
30,500108139,2010,5.240796019900498,5.410406792739061,1.2767340874063404,1.2124378109452736,0.06429627646106684,-5.303057681031775
30,500108140,2010,10.388557213930348,10.4999360103421,2.078433092718247,2.0398009950248754,0.03863209769337139,-1.8939150332604027
30,500108141,2010,6.106965174129353,6.403635403114533,1.0333177333951211,0.9781094527363184,0.05520828065880268,-5.644386781495085
30,500108142,2010,4.612935323383085,4.86185174337664,0.9495292393287172,0.8437810945273632,0.10574814480135408,-12.5326515949718
30,500108143,2010,3.4805970149253733,3.7313043473052843,0.8029648511699844,0.5970149253731343,0.20594992579685012,-34.496612570972395
30,500108144,2010,3.4129353233830844,3.589618695240373,0.73703791550544,0.6019900497512438,0.13504786575419614,-22.433571088093736
30,500108145,2010,4.310945273631841,4.6128996375305835,1.2926182648826545,1.1651741293532338,0.1274441355294207,-10.937775935701776
30,500108146,2010,7.379601990049752,7.536242338525347,1.639551391798861,1.5572139303482586,0.08233746145060228,-5.2874855436329256
30,500108147,2010,12.317412935323382,12.234516188577633,0.8773043464320311,0.808955223880597,0.0683491225514341,-8.449061274808274
30,500108148,2010,5.159203980099503,5.28405574218595,0.8829080567162596,0.7970149253731343,0.08589313134312526,-10.77685355803257
30,500108150,2010,4.42139303482587,4.677954379644466,1.4436853610514875,1.2487562189054726,0.19492914214601487,-15.609863574242626
30,500108151,2010,4.441791044776119,4.685951982855829,1.7084963640093078,1.7034825870646766,0.005013776944631232,-0.2943251068548124
30,500108152,2010,3.8203980099502486,4.07285602296794,1.3787887828989225,1.290547263681592,0.08824151921733048,-6.837527125167088
30,500108153,2010,4.844776119402985,5.179085215127526,1.4458641916872033,1.2417910447761193,0.2040731469110839,-16.43377505173392
30,500108154,2010,5.375621890547263,5.670173511288366,1.5000772562793536,1.4437810945273633,0.05629616175199037,-3.8992172681426824
30,500108156,2010,9.881094527363183,9.925472504654774,1.3174826509051858,1.2746268656716417,0.04285578523354405,-3.362222026519264
30,500108157,2010,4.830348258706468,5.019464453520801,1.3468354446103703,1.290547263681592,0.0562881809287783,-4.36157454382592
30,500108158,2010,11.311442786069652,11.178491840265645,1.51414618994936,1.418407960199005,0.09573822975035506,-6.749696310003987
30,500108159,2010,10.154726368159205,10.146172591313118,1.9856848803082414,1.973134328358209,0.012550551950032407,-0.6360718461816727
30,500108160,2010,5.841791044776119,5.985939712177148,1.18616002855231,1.1104477611940298,0.07571226735828018,-6.818174614253727
30,500108161,2010,7.701492537313433,7.903307445502403,1.0994369801991595,1.0059701492537314,0.09346683094542807,-9.29121316519834
30,500108162,2010,6.091044776119403,6.245071741871798,0.6628807859976132,0.5606965174129354,0.10218426858467788,-18.22452350090528
30,500108164,2010,4.612935323383085,4.872373551776472,1.1617771161708355,1.0109452736318407,0.15083184253899473,-14.919882062174185
30,500108165,2010,9.56268656716418,9.831705966193125,1.984240213654071,1.9646766169154228,0.01956359673864827,-0.9957667623368707
30,500108166,2010,4.154726368159204,4.290707215179298,1.4180325639007951,1.400995024875622,0.017037539025173132,-1.2161027500212356
30,500108167,2010,4.653233830845771,4.9558822353405985,1.1041969929461972,1.0318407960199005,0.07235619692629669,-7.012341167881212
30,500108168,2010,5.993034825870647,6.177483891302297,1.9889983843861612,1.9462686567164178,0.04272972766974337,-2.195469136405526
30,500108169,2010,12.91542288557214,13.136260757782734,0.9629615591239141,0.9870646766169154,-0.024103117493001314,2.44189849601475
30,500108170,2010,5.4781094527363186,5.7481669265535125,1.557418227521761,1.5532338308457712,0.004184396675989799,-0.26939901725622983
30,500108171,2010,4.745771144278607,4.989685584202917,1.1647603288948303,1.0298507462686568,0.13490958262617347,-13.099915994135683
30,500108172,2010,5.039303482587065,5.360387728097424,1.4255837688802782,1.3681592039800996,0.057424564900178554,-4.19721365270396
30,500108173,2010,6.089054726368159,6.206093376863799,0.4867439883860685,0.36517412935323385,0.12156985903283468,-33.29092869972721
30,500108174,2010,6.193532338308458,6.375545676134432,1.9000603550023325,1.8437810945273632,0.05627926047496934,-3.0523829885237013
30,500108175,2010,7.922885572139304,7.880387475661668,0.7575910287259751,0.6298507462686567,0.1277402824573184,-20.28104010578278
30,500108176,2010,4.917412935323383,5.143211872732526,0.9763639741442829,0.7830845771144279,0.19327939702985497,-24.681803559720993
30,500108177,2010,6.453731343283582,6.720996240299298,0.900948881882233,0.6009950248756218,0.29995385700661115,-49.909540776762285
30,500108178,2010,10.14179104477612,10.111394780481678,1.288047590090556,1.2567164179104477,0.03133117218010817,-2.4930980238328355
30,500108179,2010,8.83134328358209,8.990437671378894,1.2689576465528403,1.162686567164179,0.1062710793886612,-9.140131346649937
30,500108181,2010,8.384577114427861,8.612359093879403,1.627703481020317,1.6378109452736318,-0.010107464253314768,0.6171325379454036
30,500108182,2010,9.451741293532338,9.546599221286094,1.300256258116087,1.2328358208955223,0.06742043722056468,-5.468727958568806
30,500108183,2010,6.699004975124378,6.9782216338149095,1.7148731211262185,1.7074626865671643,0.007410434559054213,-0.43400272330125195
30,500108184,2010,5.321890547263681,5.464482780641009,0.4258466893586938,0.309452736318408,0.11639395304028582,-37.61283691494767
30,500108185,2010,6.548258706467662,6.475621202081827,1.8924372970654046,1.953233830845771,-0.060796533780366424,3.1126090906402575
30,500108186,2010,9.72089552238806,9.817985945115897,1.0043129049653237,0.8925373134328358,0.11177559153248784,-12.523352228556329
30,500108187,2010,7.397512437810946,7.480511588055653,1.8818995441633426,1.9014925373134328,-0.01959299315009022,1.0304007386625156
30,500108188,2010,10.210945273631841,10.343785500870924,2.357416877305308,2.3577114427860697,-0.0002945654807615661,0.012493703657538465
30,500108189,2010,8.74129353233831,8.760611439842634,2.054745246187178,1.9213930348258705,0.13335221136130726,-6.940392150083574
30,500108190,2010,6.645273631840796,6.79343660724951,1.7200145189235638,1.682587064676617,0.03742745424694682,-2.224399261867626
30,500108191,2010,14.853731343283583,15.017722470033862,1.6370126743675388,1.700497512437811,-0.06348483807027216,3.7333096700189308
30,500108192,2010,10.977114427860696,10.947113335295276,0.6480495449171115,0.5781094527363184,0.06994009218079311,-12.09807102266731
30,500108193,2010,6.025373134328358,6.27288880263456,0.8973475635448636,0.808955223880597,0.08839233966426652,-10.926728334881654
30,500108194,2010,4.879601990049752,5.278170518817166,1.3680525119893308,1.2527363184079603,0.11531619358137046,-9.20514492051448
30,500108195,2010,8.439800995024875,8.483710157766293,0.9744114913599482,0.9144278606965174,0.05998363066343082,-6.559689751550378
30,500108196,2010,5.974626865671642,6.18158444692981,1.0639871906203777,1.0059701492537314,0.058017041366646316,-5.767272658108758
30,500108197,2010,7.741293532338308,7.7783743298776455,0.9418222658359964,0.8731343283582089,0.06868793747778745,-7.866823608567111
30,500108199,2010,6.37363184079602,6.527361402381082,1.6446211200398766,1.5243781094527362,0.12024301058714038,-7.8880042846002665
30,500108200,2010,8.55771144278607,8.62391691385162,1.0820694631639418,1.0258706467661691,0.05619881639777269,-5.478158145466688
30,500108201,2010,10.709950248756218,10.552671029371782,0.9954886141190232,0.9114427860696518,0.08404582804937144,-9.22118528270942
30,500108202,2010,7.733333333333333,7.935413617460456,1.2283851990033876,1.1154228855721393,0.1129623134312483,-10.12730820681575
30,500108203,2010,9.7363184079602,9.850197239135683,1.1489415256843465,1.1412935323383084,0.007647993346038051,-0.6701162434845895
30,500108204,2010,6.3059701492537314,6.636468404896834,1.5055708882851035,1.4194029850746268,0.08616790321047674,-6.0707145269210745
30,500108205,2010,8.31542288557214,8.399994286950754,1.15407951746354,1.109452736318408,0.04462678114513219,-4.022413905906534
30,500108206,2010,5.38955223880597,5.653193196562951,1.2007180385879799,1.127363184079602,0.07335485450837798,-6.50676335224359
30,500108207,2010,9.06318407960199,9.067206054684275,1.8225914321182943,1.7044776119402985,0.11811382017799588,-6.929619922877166
30,500108208,2010,5.716915422885572,6.014297290994071,1.3990361500278603,1.3333333333333333,0.06570281669452704,-4.927711252089528
30,500108209,2010,4.470149253731344,4.718393473500383,0.8782033543851473,0.7731343283582089,0.10506902602693835,-13.590009157924458
30,500108211,2010,8.123383084577114,8.171912547076754,0.6088419775595716,0.5512437810945273,0.05759819646504427,-10.448770297359115
30,500108212,2010,11.722388059701492,11.692574866645286,2.1209682462801873,2.0975124378109453,0.023455808469242,-1.1182679085193648
30,500108213,2010,4.66318407960199,4.9402794789856745,0.7297791609618377,0.5960199004975124,0.1337592604643253,-22.442079593764092
30,500108214,2010,8.5681592039801,8.676321415503137,1.6270467426261892,1.653731343283582,-0.026684600657392865,1.6135994982358501
30,500108215,2010,6.670149253731343,6.740574801922767,0.8619345923847622,0.7631840796019901,0.09875051278277214,-12.939278402436244
30,500108216,2010,5.7029850746268655,5.946987651021844,1.5971735338631423,1.591044776119403,0.0061287577437392216,-0.3852033478710392
30,500108217,2010,5.487562189054726,5.634354977928319,0.6042909452136138,0.5074626865671642,0.09682825864644962,-19.08086273327095
30,500108218,2010,6.612935323383085,6.766626186211143,1.9853614006889573,1.9691542288557213,0.016207171833235945,-0.823052435189597
30,500108219,2010,5.9960199004975125,6.074287869832823,1.1121485129260764,0.9990049751243781,0.11314353780169828,-11.325623056843304
30,500108220,2010,9.607960199004975,9.665231180057816,1.2133327545698258,1.1611940298507464,0.05213872471907943,-4.490095830563395
30,500108221,2010,7.73681592039801,7.808395896340258,0.5338258743585452,0.4507462686567164,0.08307960570182882,-18.431568152392487
30,500108222,2010,6.430845771144279,6.460079350533009,0.6800395452866836,0.5661691542288557,0.11387039105782792,-20.11243286698015
30,500108223,2010,6.420398009950249,6.519155240730801,1.1702056666735847,1.1502487562189054,0.01995691045467929,-1.735008218594523
30,500108224,2010,8.661691542288557,8.700871513262454,0.9441366073825627,0.8228855721393035,0.1212510352432592,-14.734859784700785
30,500108225,2010,5.34726368159204,5.689152220722781,1.4536685426251685,1.4199004975124379,0.03376804511273068,-2.3781979914712217
30,500108226,2010,10.070646766169155,10.28826514880341,1.2999867659233404,1.2129353233830846,0.08705144254025576,-7.176923687691308
30,500108227,2010,6.4771144278606965,6.7110905902650995,1.1214195435276877,1.0278606965174129,0.09355884701027484,-9.102288600709219
30,500108228,2010,15.033333333333333,15.025896510267668,0.46778691810589035,0.34129353233830845,0.1264933857675819,-37.06293081528274
30,500108229,2010,3.994029850746269,4.262334218003886,0.4655965479058062,0.2716417910447761,0.1939547568610301,-71.40092697631329
30,500108230,2010,5.436318407960199,5.626962768447307,1.5567731766878985,1.5293532338308458,0.027419942857052737,-1.7929110326179571
30,500108231,2010,6.722388059701492,6.738278344781399,1.367399680556299,1.3487562189054727,0.0186434616508262,-1.382270672008877
30,500108233,2010,6.545771144278607,6.814826264391348,1.5652847580544929,1.5621890547263682,0.0030957033281246993,-0.19816444871116706
30,500108234,2010,4.3373134328358205,4.54119369715396,0.7720187742084617,0.6865671641791045,0.0854516100293572,-12.446212765145505
30,500108235,2010,9.349751243781094,9.2061373868691,0.6908555327036588,0.6179104477611941,0.07294508494246477,-11.805122442379563
30,500108236,2010,8.586567164179105,8.59717684710595,0.6574283898150944,0.5681592039800994,0.08926918583499499,-15.712002060274953
30,500108237,2010,12.346268656716418,12.374023959941594,1.0130080990042296,0.8945273631840795,0.11848073582015006,-13.245065572775397
30,500108238,2010,6.056218905472637,6.161064060057857,0.7597046714612791,0.6109452736318408,0.14875939782943826,-24.34905453071424
30,500108239,2010,6.550746268656717,6.6061639732329684,1.1966457767543086,1.109452736318408,0.0871930404359007,-7.8591036446708715
30,500108240,2010,8.661691542288557,8.671586271150751,1.0611459903394862,0.9771144278606965,0.08403156247878973,-8.599971516413817
30,500108241,2010,7.32636815920398,7.50890296279774,0.9854020418063152,0.9213930348258706,0.06400900698044454,-6.946981859108722
30,500109001,2010,11.73134328358209,11.70698599659514,1.7369260401714695,1.700497512437811,0.036428527733658456,-2.14222764027658
30,500109002,2010,4.61044776119403,5.106498833912276,1.7813890174257154,1.6845771144278607,0.09681190299785469,-5.746955848366449
30,500109003,2010,12.1636815920398,12.332688851612923,2.0446256902399305,2.035323383084577,0.009302307155353517,-0.4570432017174425
30,500109004,2010,6.2611940298507465,6.416090519587118,1.8962226886455693,1.8671641791044775,0.029058509541091793,-1.5562910785396884
30,500109005,2010,17.420895522388058,17.29524423864722,1.6968513934752298,1.682587064676617,0.014264328798612835,-0.8477617056538084
30,500109006,2010,16.39502487562189,16.20719126909905,1.7508148964689891,1.7383084577114427,0.012506438757546423,-0.719460271971045
30,500109007,2010,32.776119402985074,32.48535242731914,2.3444362211517964,2.1781094527363183,0.1663267684154781,-7.636290646759046
30,500109008,2010,19.943283582089553,19.561605898512582,2.104890461818913,2.183084577114428,-0.07819411529551479,3.5818179522330156
30,500109009,2010,8.870646766169154,8.50312913633597,1.8987028278290201,1.872636815920398,0.02606601190862201,-1.3919416561192943
30,500109010,2010,11.808457711442786,12.061622201312149,1.146191258051453,1.0049751243781095,0.1412161336733435,-14.051704390268338
30,500109011,2010,24.808457711442784,24.60991829463444,3.9073031177476323,3.824875621890547,0.0824274958570852,-2.1550372876267074
30,500109012,2010,7.679601990049751,7.695613138971529,0.9988307179764817,0.8786069651741294,0.12022375280235231,-13.683450913518014
30,500109013,2010,17.666666666666668,17.31163374952725,1.338407753171297,1.145771144278607,0.19263660889269008,-16.812834731841384
30,500109014,2010,6.498507462686567,6.670387373411789,1.474386747691837,1.3800995024875622,0.0942872452042749,-6.8319164693796886
30,500109015,2010,13.710447761194029,13.90578879486619,2.2948399902832555,2.236318407960199,0.058521582323056265,-2.6168716455916146
30,500109016,2010,6.828855721393035,6.907357733837129,1.1218721169901684,1.0159203980099503,0.10595171898021816,-10.429135903537635
30,500109017,2010,8.602985074626865,8.74756997954521,0.8174632151951852,0.7472636815920398,0.07019953360314535,-9.39421188697218
30,500109018,2010,8.271144278606965,8.097973111847887,1.231272146715648,1.2069651741293532,0.024306972586294773,-2.0138917930112323
30,500109019,2010,19.271641791044775,19.25198232440573,2.5566483714536425,2.5203980099502488,0.03625036150339378,-1.438279246384159
30,500109020,2010,14.735323383084577,14.486900343050491,1.350931936303042,1.2845771144278606,0.06635482187518149,-5.165499301669822
30,500109022,2010,16.927363184079603,16.80654139312209,1.777307209418734,1.8567164179104478,-0.07940920849171373,4.276862515228955
30,500109023,2010,20.067164179104477,19.83064703912484,3.5242607554842844,3.560199004975124,-0.03593824949083979,1.009444961942258
30,500109024,2010,12.803482587064677,12.598967466648345,2.053084862549889,1.9432835820895522,0.10980128046033677,-5.650296306330694
30,500109025,2010,17.774626865671642,17.277008167473948,4.218523269147649,4.428358208955224,-0.20983493980757473,4.738436456726493
30,500109027,2010,29.891044776119404,29.4327961352175,3.263033194050763,3.3691542288557215,-0.10612103480495838,3.149782633756148
30,500109028,2010,12.408457711442786,12.05074176567004,1.5192988691549127,1.4119402985074627,0.10735857064745002,-7.60361969701813
30,500109029,2010,12.464676616915423,12.184056526470211,1.1932664118752838,1.1343283582089552,0.05893805366632865,-5.195854731110552
30,500109030,2010,8.461194029850747,8.578973978735148,1.2055913439701906,1.12636815920398,0.0792231847662106,-7.033507128095552
30,500109031,2010,17.706965174129355,17.553720132789007,2.8931014259718895,2.8243781094527365,0.06872331651915298,-2.433219415245684
30,500109032,2010,47.22985074626866,46.17302565412485,4.299164282885246,4.5318407960199005,-0.23267651313465443,5.1342605269585615
30,500109033,2010,14.519402985074628,14.789412901692893,2.033583815155088,2.053233830845771,-0.01965001569068292,0.9570276602440677
30,500109034,2010,19.286069651741293,19.175768543930864,3.764422122705617,3.817412935323383,-0.05299081261776628,1.3881341504197866
30,500109035,2010,9.42139303482587,9.841418492929341,1.9581070874964794,1.8477611940298508,0.1103458934666286,-5.971869840277961
30,500109036,2010,12.490547263681592,12.405028759909085,2.8975651028890286,2.8875621890547265,0.010002913834302074,-0.3464137975008127
30,500109037,2010,8.865174129353234,9.125206744933893,2.3493816373969545,2.379601990049751,-0.030220352652796656,1.2699750958001523
30,500109039,2010,9.631343283582089,9.616208553936612,1.7122608753547077,1.7263681592039801,-0.0141072838492724,0.8171654333440209
30,500109040,2010,4.800497512437811,5.2892779141264805,1.5354289021384069,1.4497512437810944,0.08567765835731245,-5.909817889437131
30,500109041,2010,10.427860696517413,10.469591052386445,1.3608476809374057,1.3771144278606966,-0.016266746923290887,1.1812197007158483
30,500109042,2010,12.701492537313433,12.40637705305446,1.7754928783160562,1.727363184079602,0.04812969423645419,-2.7863100638039437
30,500109043,2010,10.7363184079602,10.600064719963797,2.105481492582332,2.0557213930348257,0.049760099547506265,-2.4205663139033784
30,500109044,2010,5.402985074626866,5.612402647498705,1.4939777615965673,1.4129353233830846,0.08104243821348267,-5.735750028489442
30,500109045,2010,8.954228855721393,9.128720089379,2.4306652737890984,2.373134328358209,0.057530945430889435,-2.424259964697857
30,500109046,2010,15.458706467661692,15.441230101257087,2.3739730388095475,2.4860696517412935,-0.112096612931746,4.508989233396227
30,500109047,2010,20.699004975124378,20.53429118910389,1.757128465298483,1.7422885572139304,0.014839908084552711,-0.8517480082795816
30,500109048,2010,12.214427860696517,12.392242088162652,2.034337768317859,2.0069651741293533,0.027372594188505683,-1.3638798790009028
30,500109049,2010,8.518905472636815,8.58944801083204,1.3725238301068934,1.2935323383084578,0.07899149179843556,-6.106649942879057
30,500109050,2010,6.454228855721393,6.80066458113384,1.5745676347420368,1.5318407960199005,0.04272683872213623,-2.7892479971254893
30,500109051,2010,6.955721393034826,7.087408085202546,1.5445818822292356,1.5432835820895523,0.0012983001396833505,-0.08412583110133895
30,500109052,2010,7.928855721393035,7.965391479887378,1.414153762992594,1.417412935323383,-0.003259172330789095,0.2299380970475985
30,500109053,2010,12.796517412935323,12.770436147582036,3.6628372383454066,3.7054726368159203,-0.042635398470513675,1.1506062154367949
30,500109054,2010,27.65174129353234,27.108353111045073,2.2338619984881736,2.136318407960199,0.09754359052797446,-4.565966859832991
30,500109055,2010,16.18407960199005,15.977268950873528,1.2313123007427025,1.082587064676617,0.14872523606608556,-13.737946897648529
30,500109056,2010,13.188557213930348,13.048414533544008,1.1767730110769254,1.0875621890547265,0.08921082202219899,-8.202824897741078
30,500109057,2010,10.536318407960199,10.436721473817425,1.0446469022476847,1.0477611940298508,-0.0031142917821660454,0.297232976360577
30,500109058,2010,7.783084577114428,7.688867503701137,2.061964221064275,2.091044776119403,-0.029080555055128077,1.3907189069904218
30,500109059,2010,9.396517412935323,9.473889036266657,1.3584542226207763,1.2646766169154229,0.09377760570535343,-7.415145061674289
30,500109060,2010,5.950746268656716,5.928698642202237,1.432320294654225,1.3870646766169155,0.0452556180373096,-3.262689822632435
30,500109061,2010,5.791044776119403,5.78488952198827,1.1730717066846006,1.1308457711442785,0.04222593554032206,-3.734013657547177
30,500109062,2010,9.351243781094528,9.228399027416417,0.7687472086837532,0.5870646766169154,0.18168253206683782,-30.94761775036814
30,500109063,2010,12.48905472636816,12.30555756958581,2.2547886588841917,2.2965174129353234,-0.041728754051131745,1.8170449662646189
30,500109064,2010,10.129850746268657,10.162521078499518,3.003350058273978,3.0616915422885573,-0.0583414840145795,1.9055310833491192
30,500109065,2010,10.187562189054727,10.142805465462871,1.3595786052649443,1.3293532338308458,0.030225371434098536,-2.2736899918614544
30,500109066,2010,25.43134328358209,25.3167238772779,1.6524604902661146,1.609950248756219,0.042510241509895685,-2.640469265602297
30,500109067,2010,8.260199004975124,8.462246243548805,1.056804195159279,0.9761194029850746,0.08068479217420443,-8.265873204390973
30,500109068,2010,19.243283582089553,18.75105190955484,1.9536737554746146,1.8756218905472637,0.07805186492735094,-4.161385901962213
30,500109070,2010,12.32636815920398,12.28780781711642,2.1332123558905596,2.166169154228856,-0.032956798338296345,1.5214323532378422
30,500109071,2010,10.39452736318408,10.30427030467234,1.813083230952293,1.8766169154228856,-0.06353368447059249,3.3855436316514025
30,500109072,2010,7.401492537313433,7.476399290919796,0.973372504141358,0.8388059701492537,0.13456653399210428,-16.042629497279336
30,500109073,2010,3.3721393034825873,3.8108573656322093,1.1031968799668712,0.8965174129353234,0.20667946703154783,-23.053592049578864
30,500109074,2010,7.928855721393035,7.895579966258098,1.1328238972055469,1.081592039800995,0.05123185740455183,-4.73670806730217
30,500109075,2010,17.613930348258705,17.5801386487852,6.048123788075725,6.430845771144279,-0.38272198306855376,5.95134756280205
30,500109076,2010,6.767661691542289,7.201219215601821,1.9401405193049202,1.8169154228855722,0.12322509641934798,-6.782104156705625
30,500109077,2010,7.900497512437811,7.767402971427445,1.8388203158409153,1.7422885572139304,0.09653175862698493,-5.540514986871494
30,500109078,2010,8.18407960199005,7.8726326380007405,1.629880582641054,1.5945273631840795,0.03535321945697456,-2.217159784977188
30,500109079,2010,13.377611940298507,13.390803690848445,1.7732699886735348,1.7472636815920397,0.026006307081495095,-1.4884019713498047
30,500109080,2010,7.860199004975124,7.695891962689363,0.7614937234844478,0.6308457711442786,0.13064795234016913,-20.70996720849684
30,500109081,2010,16.36915422885572,16.10772910332101,3.1882937516357384,3.225870646766169,-0.03757689513043072,1.1648605677385218
30,500109082,2010,6.497512437810945,6.440885314268687,0.9158911055849173,0.9293532338308458,-0.013462128245928517,1.4485480607235717
30,500109084,2010,11.748258706467661,11.57983958902007,0.8138328576621097,0.7432835820895523,0.07054927557255741,-9.49156920353684
30,500109085,2010,10.181094527363184,10.0138971895553,1.9149033330642946,1.962189054726368,-0.047285721662073454,2.4098453483967455
30,500109086,2010,12.912437810945274,12.91033942934947,2.1130961046679078,2.1681592039800996,-0.05506309931219189,2.5396243601997632
30,500109087,2010,14.142786069651741,13.85919556342893,1.3042209320319142,1.1592039800995024,0.14501695193241182,-12.510046067989176
30,500109088,2010,8.556716417910447,8.648107871141201,1.2709991769288482,1.2626865671641792,0.008312609764669077,-0.6583272508662271
30,500109089,2010,6.602487562189054,6.64673145964974,1.5747082805924189,1.5313432835820895,0.043364997010329365,-2.831827290148214
30,500109091,2010,9.582587064676616,9.493740177112274,1.766188594842578,1.7616915422885573,0.004497052554020664,-0.25526900970295213
30,500109092,2010,7.32636815920398,7.596613569829992,1.9864609918451162,1.8298507462686566,0.15661024557645953,-8.558634954015325
30,500109093,2010,15.367164179104478,14.889528600410411,1.9887502857735941,1.9393034825870648,0.04944680318652939,-2.5497197127994884
30,500109094,2010,7.6661691542288555,7.751764524249351,0.9978170822924848,0.9875621890547264,0.010254893237758411,-1.0384048064430431
30,500109095,2010,6.239303482587065,6.530735387104979,1.0340767428551536,0.9373134328358209,0.0967633100193327,-10.32347415811352
30,500109096,2010,5.421890547263682,5.451418627807874,0.8937677821028644,0.7074626865671642,0.1863050955357003,-26.334264558843714
30,500109097,2010,7.733830845771144,7.668991543171895,1.0301437719958706,0.9228855721393034,0.10725819985656715,-11.62204753162803
30,500109098,2010,8.845273631840795,8.549305989693872,1.429625095322295,1.3860696517412936,0.043555443581001496,-3.1423704808978106
30,500109099,2010,6.929353233830846,7.098702330250414,2.321519918900643,2.298507462686567,0.023012456214075883,-1.0011912768461586
30,500109100,2010,4.9950248756218905,5.128748287659538,1.2800744202214538,1.1512437810945273,0.1288306391269265,-11.190561134188515
30,500109101,2010,29.14129353233831,28.94118748270253,2.603657211295128,2.43681592039801,0.1668412908971182,-6.846692419420325
30,500109102,2010,4.2,4.392379703342681,0.3751311471992905,0.16119402985074627,0.21393711734854426,-132.7202487254858
30,500109103,2010,7.235323383084577,7.225493567813946,0.9662634195697177,0.8492537313432836,0.1170096882264341,-13.7779421988947
30,500109104,2010,6.176616915422885,6.352365679339141,1.3251459918706625,1.1681592039800994,0.15698678789056308,-13.438817873084831
30,500109105,2010,7.824378109452736,7.75564092207016,1.5318158011225083,1.4701492537313432,0.06166654739116506,-4.194577335236608
30,500109106,2010,7.748258706467662,7.829583041946608,0.8571901007635992,0.745273631840796,0.11191646892280327,-15.016829274688556
30,500109107,2010,7.278109452736318,7.4701900790128954,0.8634601715710292,0.7990049751243781,0.0644551964466511,-8.066933054655586
30,500109108,2010,8.711940298507463,8.598838658040215,0.7751225502014397,0.6796019900497512,0.09552056015168853,-14.055367928615956
30,500109109,2010,5.195024875621891,5.445439381495749,1.0801774188263682,1.0,0.0801774188263682,-8.01774188263682
30,500109110,2010,11.753731343283581,11.54946826646347,0.8293209824348133,0.7199004975124378,0.10942048492237555,-15.199390096335513
30,500109111,2010,8.58457711442786,8.664126528506293,0.9981880204073758,0.9194029850746268,0.07878503533274894,-8.56915157028276
30,500109112,2010,8.480099502487562,8.727072702761564,1.1342253334544665,1.0676616915422885,0.066563641912178,-6.23452564042301
30,500109113,2010,11.530845771144278,11.467402226471183,1.5361350894017602,1.516417910447761,0.01971717895399916,-1.3002470373208108
30,500109114,2010,12.750248756218905,12.654900176084551,1.8809579276460329,1.8766169154228856,0.004341012223147311,-0.2313211709577438
30,500109115,2010,4.727860696517413,5.00695676732228,1.1862022791652176,1.0308457711442787,0.15535650802093892,-15.070780942185676
30,500109116,2010,6.074626865671642,6.352225602416406,1.471997832533654,1.3492537313432835,0.12274410119037049,-9.09718449087923
30,500109117,2010,8.293532338308458,8.392242246295956,1.8225667385994218,1.7865671641791045,0.035999574420317204,-2.01501377289996
30,500109118,2010,10.407960199004975,10.413506196204969,1.1836404201480981,1.1422885572139303,0.041351862934167816,-3.6200890460660853
30,500109119,2010,5.177611940298507,5.490912418057478,0.8979557662265774,0.7970149253731343,0.10094084085344301,-12.664862054645472
30,500109120,2010,33.75870646766169,33.5209133307282,1.1836509021678199,0.9990049751243781,0.18464592704344174,-18.48298373293416
30,500109122,2010,10.093532338308458,9.887947725697252,1.2064622919214787,1.118407960199005,0.08805433172247379,-7.873185354189161
30,500109123,2010,7.965671641791045,8.076606742435047,1.220021357547527,1.1930348258706467,0.026986531676880254,-2.262007033800222
30,500109124,2010,7.75771144278607,8.001031490317619,0.9869227492176706,0.8965174129353234,0.09040533628234726,-10.084058042592563
30,500109125,2010,9.55273631840796,9.540517413994488,0.9686079377923099,0.9462686567164179,0.022339281075892004,-2.3607757603860633
30,500109126,2010,7.601492537313433,7.584186958379782,0.5761952253398147,0.4626865671641791,0.1135086581756356,-24.532516444411566
30,500109127,2010,8.265174129353234,8.157640669900417,0.7000276481862677,0.5253731343283582,0.17465451385790953,-33.24389894454528
30,500109128,2010,18.13582089552239,17.869247202848808,0.6887288547493429,0.49651741293532337,0.1922114418140195,-38.711923651921765
30,500109129,2010,22.416417910447763,22.0763941240367,2.1431904646951483,2.1124378109452735,0.030752653749874792,-1.4557897794924244
30,500109130,2010,6.902985074626866,7.160333213083639,1.145982934523172,1.0437810945273631,0.1022018399958089,-9.791501353268632
30,500109132,2010,6.190547263681592,6.741514258101972,1.1233454479196088,0.8298507462686567,0.29349470165095204,-35.367167285276594
30,500109133,2010,5.804477611940299,5.990414623066763,0.8324826895393254,0.7064676616915423,0.12601502784778307,-17.837338448876334
30,500109134,2010,12.3318407960199,12.258046967519746,1.0941673038644057,1.0278606965174129,0.0663066073469929,-6.450933241406376
30,500109135,2010,10.794029850746268,11.044885878234563,1.191691838135325,1.0696517412935322,0.12204009684179273,-11.40932998381411
30,500109136,2010,6.709950248756219,6.814331194427354,1.1892360545191134,1.128358208955224,0.06087784556388942,-5.395258799974327
30,500109137,2010,9.913432835820895,9.970960229133816,0.9456283348951723,0.9134328358208955,0.03219549907427677,-3.5246706502884697
30,500109138,2010,9.564179104477612,9.52136402766241,1.4504597916216135,1.3303482587064677,0.12011153291514587,-9.028578203419716
30,500109139,2010,5.580597014925373,5.752819212870396,0.6474313437699311,0.5263681592039801,0.121063184565951,-22.999716538521884
30,500110002,2010,8.234825870646766,7.971902509001824,2.7662355770338243,2.7507462686567163,0.015489308377107935,-0.5630947700847703
30,500110003,2010,11.199004975124378,11.394538838288106,2.1768183267457353,2.1422885572139303,0.03452976953180498,-1.6118169242667906
30,500110004,2010,11.26865671641791,11.322810613944894,2.034313892755761,2.033333333333333,0.000980559422427696,-0.04822423388988668
30,500110005,2010,27.4681592039801,27.362265958647807,4.482361518808123,4.697014925373134,-0.2146534065650112,4.569996263061885
30,500110006,2010,5.127860696517413,5.417079477790895,2.4927845035740375,2.569154228855721,-0.07636972528168373,2.972562893419526
30,500110007,2010,10.039800995024876,10.311096531702391,3.4169396893143458,3.4965174129353236,-0.07957772362097781,2.275913837196434
30,500110008,2010,10.470149253731343,10.575331638099778,2.714077526478292,2.8134328358208953,-0.09935530934260317,3.531461923583243
30,500110009,2010,3.4293532338308457,3.882415544605794,1.7359323696283204,1.6865671641791045,0.049365205449215965,-2.9269635089358137
30,500110010,2010,5.8965174129353235,6.028540386963807,1.6809743925427598,1.6069651741293531,0.07400921841340669,-4.6055272139612216
30,500110011,2010,14.379104477611941,14.519407405126493,1.8257267256580743,1.8228855721393036,0.0028411535187706782,-0.1558602230548325
30,500110012,2010,10.72089552238806,10.58406910062968,1.6304024612916659,1.6079601990049752,0.022442262286690662,-1.3956976236462941
30,500110013,2010,19.02039800995025,18.844106784034537,3.257623500913998,3.4039800995024874,-0.14635659858848937,4.29957268580625
30,500110014,2010,13.775621890547264,14.269626243011677,3.1884335255364737,3.334328358208955,-0.14589483267248138,4.375538849174688
30,500110015,2010,6.398009950248756,6.594965582479158,1.8577963940179998,1.791044776119403,0.06675161789859674,-3.726965332671651
30,500110016,2010,4.614925373134328,4.814220746012359,1.5292428547694248,1.5522388059701493,-0.022995951200724507,1.481469933123598
30,500110017,2010,11.15273631840796,11.480255684959703,2.75823117193471,2.7860696517412937,-0.027838479806583827,0.9992025787720266
30,500110018,2010,8.51592039800995,8.577270258544786,2.595682555151211,2.467164179104478,0.128518376046733,-5.209153778058748
30,500110019,2010,14.84726368159204,14.87975814017426,3.557271978570733,3.63681592039801,-0.0795439418272772,2.187186362145378
30,500110020,2010,7.709452736318408,7.902671158631513,2.4460697782399077,2.5562189054726367,-0.11014912723272907,4.309064728255847
30,500110021,2010,12.720398009950248,13.063495951413774,2.5695122985928256,2.628855721393035,-0.05934342280020921,2.257386067911062
30,500110022,2010,8.86318407960199,9.48847671466213,1.73057967111753,1.5771144278606966,0.15346524325683353,-9.730761480953797
30,500110023,2010,23.046268656716418,23.019886662497363,2.538157622709529,2.5378109452736317,0.00034667743589711364,-0.013660491004767662
30,500110024,2010,10.099502487562189,10.264101969123498,2.3906792973043456,2.4597014925373135,-0.06902219523296793,2.8061208013403225
30,500110025,2010,15.796517412935323,15.826671140175044,2.331181399601932,2.343283582089552,-0.012102182487620183,0.5164625647583135
30,500110026,2010,8.386069651741293,8.339772179820912,1.873265618892593,1.7885572139303483,0.08470840496224463,-4.7361305695163205
30,500110027,2010,4.674626865671642,5.0536249449813,1.620045935272758,1.5567164179104478,0.0633295173623103,-4.068147328163748
30,500110028,2010,9.161194029850746,9.683104201315134,2.3224356672551085,2.3482587064676617,-0.025823039212553134,1.0996675596871144
30,500110029,2010,7.391542288557214,7.50658252802251,2.234815051758874,2.3303482587064677,-0.09553320694759382,4.099524892499223
30,500110030,2010,7.397014925373134,7.658439892742301,1.760361958355317,1.7114427860696517,0.048919172285665224,-2.8583586132031136
30,500110031,2010,11.014925373134329,11.285247017984775,1.6918132840589608,1.6328358208955225,0.058977463163438326,-3.6119652942873564
30,500110032,2010,10.133830845771143,10.207735277223891,2.9013712767390567,3.014925373134328,-0.11355409639527148,3.766398246773856
30,500110033,2010,9.997512437810945,10.155128521226372,2.503709529238885,2.529850746268657,-0.0261412170297719,1.0333106436547006
30,500110034,2010,10.008457711442786,9.919876532137069,2.274035369798087,2.283582089552239,-0.009546719754152111,0.4180589696262689
30,500110035,2010,9.10547263681592,9.2755551399727,2.1309893492336123,2.1860696517412936,-0.05508030250768137,2.5196041884487834
30,500110036,2010,9.251741293532339,9.565364479576388,3.3149052164922743,3.3746268656716416,-0.05972164917936729,1.7697260039883276
30,500110037,2010,6.7343283582089555,7.225915342771357,2.679924101061197,2.6522388059701494,0.027685295091047557,-1.0438462414744998
30,500110038,2010,10.081094527363184,10.199615985041248,2.01211727730903,2.080597014925373,-0.06847973761634307,3.291350373238871
30,500110039,2010,15.940796019900498,16.067930052974415,2.8218764544421626,3.027363184079602,-0.2054867296374394,6.787647108812706
30,500110040,2010,10.753731343283581,10.99781119222353,2.4946180877134747,2.556716417910448,-0.062098330196973084,2.428831362053238
30,500110042,2010,9.387562189054727,9.43742605761672,2.3946529485763643,2.4293532338308457,-0.03470028525448132,1.4283754528262842
30,500110043,2010,4.598507462686567,4.917987772820228,2.3703440171729597,2.442786069651741,-0.07244205247878144,2.9655504171558187
30,500110044,2010,15.55771144278607,15.84485559216013,4.495508990777933,4.580597014925373,-0.08508802414744032,1.8575749813875861
30,500110045,2010,12.464179104477612,12.521196477489045,1.8859815474341923,1.8805970149253732,0.005384532508819095,-0.28632037943720584
30,500110046,2010,12.506965174129354,13.018499735032691,3.339039984636506,3.225373134328358,0.11366685030814816,-3.524145752265584
30,500110047,2010,5.332835820895522,5.691829122986874,2.1559224860202457,2.1238805970149253,0.032041889005320456,-1.5086483228084826
30,500110048,2010,9.172139303482586,9.50603450574007,3.164679684236945,3.3054726368159204,-0.1407929525789755,4.259389444366959
30,500110049,2010,8.441791044776119,8.135055995229964,2.617601045965175,2.6049751243781096,0.012625921587065214,-0.4846849195951314
30,500110050,2010,5.1940298507462686,5.332938737368301,1.9496946956629964,1.936318407960199,0.013376287702797418,-0.6908103361413878
30,500110051,2010,8.795024875621891,8.801031195832262,1.9161798607524563,1.8835820895522388,0.03259777120021745,-1.7306265217231134
30,500110052,2010,6.036318407960199,6.255130844661557,2.1973723732782635,2.2781094527363184,-0.08073707945805486,3.544038648409921
30,500110053,2010,7.635323383084577,7.781969226054535,1.2273049698135097,1.1532338308457712,0.07407113896773843,-6.422907218513987
30,500110054,2010,9.395522388059701,9.37824767613381,2.7111279438310607,2.8383084577114426,-0.12718051388038187,4.480855966688301
30,500110055,2010,4.076119402985075,4.412727217315132,1.359651013385909,1.3223880597014925,0.037262953684416456,-2.817853156722238
30,500110056,2010,7.074129353233831,7.343241986319803,2.2561466625405,2.288557213930348,-0.03241055138984805,1.4162001802955346
30,500110057,2010,7.364179104477612,7.2139455996456,2.234202726396983,2.2328358208955223,0.001366905501460458,-0.06121836136219966
30,500110058,2010,4.4860696517412935,4.678748112303971,1.7849927268986754,1.8114427860696518,-0.026450059170976425,1.4601653099055922
30,500110059,2010,11.581592039800995,11.77149485478351,2.7068031088320903,2.671144278606965,0.03565883022512528,-1.3349645884243215
30,500110060,2010,14.037313432835822,14.022748350215986,2.2771617423740387,2.307960199004975,-0.0307984566309365,1.3344448766583825
30,500110061,2010,9.565671641791045,9.819943580979396,2.7532851449323847,2.7935323383084576,-0.040247193376072854,1.44072767027438
30,500110062,2010,15.806467661691542,15.895692335175948,4.478920417616373,4.501492537313433,-0.022572119697059634,0.5014363460553699
30,500110063,2010,16.63134328358209,16.53783316440176,2.645930669558404,2.68955223880597,-0.04362156924756588,1.6218896446098303
30,500110064,2010,6.7432835820895525,7.054674120863654,2.5801821913001666,2.5970149253731343,-0.016832734072967703,0.6481570016602507
30,500110065,2010,10.534328358208954,11.209307187911937,3.8511307283575853,3.982089552238806,-0.1309588238812207,3.288696101964688
30,500110066,2010,9.832338308457711,9.932214732027509,1.931244492630898,1.9164179104477612,0.014826582183136816,-0.7736612198365784
30,500110067,2010,12.708457711442787,12.807871220857104,2.317352350031036,2.279601990049751,0.03775035998128473,-1.6560066251065542
30,500110068,2010,8.283084577114428,8.466503940800925,1.705719226537744,1.5741293532338307,0.13158987330391336,-8.359533670697404
30,500110069,2010,8.977114427860696,8.889875115946984,1.8491601654161138,1.7860696517412935,0.06309051367482033,-3.5323658074203026
30,500110070,2010,6.491044776119403,6.33964637217814,2.045849324914027,2.0144278606965176,0.03142146421750924,-1.5598207724671171
30,500110071,2010,5.767164179104477,6.272320312854426,2.599919426661168,2.5437810945273633,0.0561383321338047,-2.2068853430265487
30,500110072,2010,3.909452736318408,4.419281697689289,2.0246004832825553,1.9164179104477612,0.10818257283479404,-5.645040794338941
30,500110073,2010,8.469651741293532,8.761203384521316,2.049146628445856,2.0154228855721392,0.03372374287371693,-1.6732837120753157
30,500110074,2010,7.878109452736318,8.150516816836328,2.282549591042035,2.2776119402985073,0.0049376507435274775,-0.21679069450612123
30,500110076,2010,10.638308457711442,10.687482601937107,2.007950898745414,1.9248756218905472,0.08307527685486704,-4.315877655163679
30,500110077,2010,8.491044776119402,8.71875467210719,1.8937298968322123,1.8751243781094526,0.018605518722759617,-0.9922285124103697
30,500110078,2010,9.27412935323383,9.432208438581702,3.0014177217514404,3.0313432835820895,-0.029925561830649094,0.9872046492631656
30,500110079,2010,8.544278606965173,8.530749148869484,2.0146952818871466,2.0069651741293533,0.00773010775779337,-0.38516402065356153
30,500110080,2010,5.433333333333334,5.47796726313477,1.4601388799163273,1.5034825870646766,-0.04334370714834934,2.8828872060947113
30,500110081,2010,7.45820895522388,7.420111828670738,2.1147871085088585,2.1880597014925374,-0.07327259298367883,3.348747428312743
30,500110082,2010,9.413930348258706,9.403910402039493,1.7826642277394582,1.7422885572139304,0.04037567052552782,-2.3173928542635895
30,500110083,2010,8.209950248756218,8.077893702558743,0.9721724771439789,0.872636815920398,0.09953566122358093,-11.406310094606482
30,500110084,2010,12.706965174129353,12.60363946911543,2.440353997862681,2.505970149253731,-0.06561615139105026,2.6183931764147514
30,500110085,2010,7.857711442786069,7.696912723694739,1.6397752674715291,1.6388059701492537,0.0009692973222754642,-0.05914655791662669
30,500110086,2010,8.026865671641792,8.22574065351363,1.8699101189355867,1.8577114427860697,0.012198676149516974,-0.6566507514871215
30,500110087,2010,8.846268656716418,8.764311688737436,2.202405260547867,2.2064676616915424,-0.004062401143675398,0.18411333255439796
30,500110088,2010,4.977611940298507,5.153871824062664,1.939631938000739,1.971641791044776,-0.03200985304403714,1.623512607078341
30,500110089,2010,10.866666666666667,10.929012423674878,2.4926579316447075,2.6059701492537313,-0.11331221760902377,4.348177880758644
30,500110090,2010,12.496517412935324,12.498428731831748,1.6120049276457116,1.6069651741293531,0.005039753516358436,-0.3136193364668872
30,500110091,2010,14.91094527363184,14.91004937193116,2.816731507645346,2.943283582089552,-0.12655207444420613,4.299690156065827
30,500110092,2010,6.640796019900497,6.833285453954285,0.8747802561999168,0.7333333333333333,0.14144692286658356,-19.288216754534123
30,500110093,2010,11.106965174129353,10.925039341043666,1.8341954642724774,1.7402985074626867,0.09389695680979071,-5.395451206051438
30,500110094,2010,13.303980099502487,13.348154740778492,0.7827067312427081,0.7134328358208956,0.0692738954218125,-9.709939316446523
30,500110095,2010,8.004477611940299,8.313143607716583,1.0702057938235263,0.9243781094527364,0.14582768437078997,-15.775761333976739
30,500110096,2010,5.332835820895522,5.607808931192962,1.030116178820637,0.9641791044776119,0.06593707434302509,-6.838674893162045
30,500110097,2010,5.9323383084577115,6.294919409302407,1.210390835438302,1.1328358208955225,0.07755501454277947,-6.846094827886988
30,500110098,2010,8.760696517412935,8.889633408935746,1.533076826412169,1.5174129353233832,0.015663891088785853,-1.0322761012609694
30,500110099,2010,8.893532338308457,9.082348775183585,1.922462938227321,1.9218905472636816,0.0005723909636394797,-0.02978270351838867
30,500110100,2010,5.444776119402985,5.542513883346732,1.402574784401279,1.4288557213930348,-0.02628093699175582,1.839299559659791
30,500110101,2010,7.971144278606965,8.016975071414802,1.8010639665778299,1.7940298507462686,0.007034115831561216,-0.3920846594963407
30,500110102,2010,11.665174129353234,11.621988049773694,2.0233189668558818,2.0129353233830845,0.0103836434727973,-0.5158458571508298
30,500110103,2010,6.231343283582089,6.470293157032804,1.6490746207896416,1.6398009950248755,0.009273625764766091,-0.5655336100479322
30,500110104,2010,9.92139303482587,10.130839515504011,2.044344321125995,2.0975124378109453,-0.05316811668495047,2.5348177072284264
30,500110105,2010,7.423880597014925,7.532443545146747,1.9647703721250405,2.0398009950248754,-0.07503062289983498,3.678330537284593
30,500110106,2010,7.225870646766169,7.331086468998211,1.5427311658348764,1.564676616915423,-0.021945451080546574,1.4025550611096538
30,500110107,2010,6.903482587064676,7.5011528980355076,2.7192247645560617,2.7671641791044777,-0.04793941454841599,1.7324383898294884
30,500110108,2010,7.284577114427861,7.2187489963651865,1.9546102761813777,1.864676616915423,0.08993365926595476,-4.823016412074948
30,500110109,2010,6.7522388059701495,6.832313770592558,1.4538197049172772,1.4069651741293532,0.04685453078792401,-3.33018411894368
30,500110110,2010,6.989054726368159,7.355423287390252,1.369734999038098,1.2965174129353234,0.07321758610277462,-5.647250501403568
30,500111001,2010,12.622885572139303,12.494011004202372,2.0761608387348507,2.0696517412935322,0.0065090974413184455,-0.31450206387139606
30,500111002,2010,22.439303482587064,22.526163002572073,2.2574591992674935,2.4313432835820894,-0.1738840843145959,7.151770195873496
30,500111003,2010,7.990547263681592,8.69492920325057,2.8335807534443163,2.728855721393035,0.10472503205128136,-3.8376903267652787
30,500111004,2010,14.777114427860697,14.787580243522877,2.4920142015662385,2.5313432835820895,-0.03932908201585095,1.553684254163923
30,500111005,2010,23.019402985074628,22.701674577885814,3.008243756303256,3.1402985074626866,-0.13205475115943077,4.205165554981874
30,500111006,2010,6.9870646766169155,6.743469146790126,2.109207488135415,2.1701492537313434,-0.060941765595928565,2.808183146442375
30,500111007,2010,13.085572139303483,13.172152413200088,2.28643256203121,2.308457711442786,-0.022025149411576184,0.9541066878721579
30,500111008,2010,15.440298507462687,15.59634136956989,2.7906669317580732,2.8676616915422883,-0.0769947597842151,2.6849317690192986
30,500111009,2010,18.49601990049751,18.1587067024064,2.2868456842447076,2.317910447761194,-0.031064763516486238,1.3402055090821494
30,500111010,2010,8.286069651741293,8.54513520974539,1.9311984701485023,1.8666666666666667,0.06453180348183563,-3.457060900812623
30,500111011,2010,7.364676616915423,7.672471675604168,2.211516741623574,2.2129353233830846,-0.0014185817595104844,0.06410407681241173
30,500111012,2010,6.708955223880597,7.029105471041816,2.17434252986872,2.0527363184079603,0.12160621146075945,-5.924102885024879
30,500111013,2010,17.791542288557213,17.835534987406966,4.109275773585369,4.33681592039801,-0.22754014681264056,5.246709820963721
30,500111014,2010,18.6318407960199,18.7642953446014,2.371045997957362,2.460696517412935,-0.08965051945557301,3.643298505978604
30,500111015,2010,20.735820895522387,20.85461230814248,2.1984628932174823,2.263681592039801,-0.06521869882231845,2.8810897721507716
30,500111016,2010,20.99402985074627,20.691805897147933,2.4706453710752747,2.4746268656716417,-0.003981494596366986,0.16089272494365986
30,500111017,2010,15.0318407960199,15.062832865378322,1.7649455232417715,1.7776119402985076,-0.012666417056736101,0.7125524288843986
30,500111018,2010,8.457213930348258,8.70661785245192,1.6177331044913659,1.4950248756218905,0.12270822886947541,-8.207771714730303
30,500111019,2010,12.060696517412936,12.615524836075846,2.2633934849118287,2.2159203980099504,0.047473086901878236,-2.1423642719527445
30,500111020,2010,13.581592039800995,13.791641499226555,2.713738257264137,2.720398009950249,-0.006659752686112075,0.2448080266840759
30,500111021,2010,6.733333333333333,7.023937044768687,1.8236861283186594,1.8024875621890548,0.02119856612960458,-1.176072810392084
30,500111022,2010,8.41542288557214,8.81809948977516,2.2172195382847724,2.074626865671642,0.14259267261313058,-6.873171989266006
30,500111023,2010,23.406467661691543,23.304914546780246,2.4877000208269098,2.532835820895522,-0.0451358000686124,1.7820262843824577
30,500111024,2010,13.216417910447761,13.539429149220307,1.5260383111779843,1.5064676616915422,0.01957064948644205,-1.2991085028979035
30,500111025,2010,4.209452736318408,4.2969491990408555,1.0931191882740061,0.9741293532338309,0.11898983504017524,-12.214993280426569
30,500111026,2010,7.507462686567164,7.616602772440301,1.7529432487095542,1.618905472636816,0.13403777607273826,-8.279530728525012
30,500111027,2010,6.528855721393035,6.737905510157149,1.4240662596095164,1.319402985074627,0.10466327453488944,-7.932623748685058
30,500111028,2010,12.193532338308458,12.225865892872942,2.0514818413935103,2.074626865671642,-0.023145024278131476,1.1156234723991432
30,500111029,2010,7.456218905472637,7.563982126879826,1.5763530289731291,1.5333333333333334,0.043019695639795685,-2.805632324334501
30,500111030,2010,8.50547263681592,8.476617685617608,1.2399336855276837,1.1104477611940298,0.1294859243336539,-11.660694798863995
30,500111031,2010,10.765174129353234,10.862870922920697,1.6647056452897704,1.645771144278607,0.01893450101116345,-1.1504941666396173
30,500111032,2010,6.203980099502488,6.398687688268157,1.5217077917217339,1.4258706467661693,0.09583714495556461,-6.721307095627524
30,500111033,2010,8.25870646766169,8.480096656424742,1.6170087935721222,1.554228855721393,0.06277993785072922,-4.039298177975856
30,500111034,2010,10.956716417910448,11.097764829564108,1.8539772113152937,1.7696517412935324,0.08432547002176127,-4.765088410001129
30,500111035,2010,9.167164179104478,9.217586866173418,2.9376993320319076,2.8597014925373134,0.07799783949459416,-2.7274818612410274
30,500111036,2010,8.838805970149254,9.018122464841449,1.3995971976566475,1.372139303482587,0.027457894174060415,-2.001101061996426
30,500111037,2010,6.986567164179104,7.212739429210951,1.782895284251611,1.6228855721393034,0.16000971211230763,-9.859580666638207
30,500111038,2010,11.164676616915424,11.503461067858769,2.726740317222942,2.681592039800995,0.045148277421946936,-1.6836370615605443
30,500111039,2010,13.660199004975125,13.536947879918355,1.2578351054052728,1.216915422885572,0.040919682519700684,-3.3625740745951913
30,500111040,2010,8.585074626865671,8.612259946423729,1.951860748519285,1.9024875621890547,0.049373186330230245,-2.5951910178808264
30,500111041,2010,10.202985074626866,10.197988084229024,2.0405428005152713,1.9850746268656716,0.05546817364959966,-2.794261379340735
30,500111042,2010,9.665174129353234,9.585653648277402,1.4666343738135506,1.4258706467661693,0.04076372704738129,-2.858865714069658
30,500111043,2010,8.82686567164179,8.930336052265561,1.1385730440545136,1.0935323383084576,0.04504070574605601,-4.118827049571091
30,500111044,2010,15.450248756218905,15.188837969733019,1.4947681339284382,1.3930348258706469,0.10173330805779135,-7.302998185577164
30,500111045,2010,19.49601990049751,19.42013363468424,2.003155383755346,1.9293532338308457,0.07380214992450052,-3.825227471589635
30,500111046,2010,9.691044776119403,9.388952843380277,2.5489579843650154,2.5880597014925373,-0.03910171712752186,1.5108506617900603
30,500111047,2010,12.857213930348259,12.771760415849387,1.7531002823726005,1.7213930348258706,0.03170724754672993,-1.8419528199111899
30,500111048,2010,10.329850746268656,10.439424517722525,2.251314163453664,2.2965174129353234,-0.04520324948165921,1.9683390697169632
30,500111049,2010,4.323880597014925,4.7176894249428,1.2588229680413576,1.100497512437811,0.15832545560354672,-14.386716354571831
30,500111050,2010,8.318905472636816,8.402754284046322,1.9115739861561754,1.8348258706467662,0.07674811550940919,-4.182855536168993
30,500111051,2010,9.513930348258706,9.454871302334677,2.2221529320451454,2.1333333333333333,0.08881959871181211,-4.163418689616193
30,500111052,2010,5.440796019900498,5.7137698260686784,0.821411094073829,0.681592039800995,0.13981905427283392,-20.513598473605562
30,500111053,2010,7.12089552238806,7.309134551742377,1.2263164824058428,1.172139303482587,0.05417717892325569,-4.6220768096665505
30,500111054,2010,5.3338308457711445,5.570615793758572,0.6423085221021605,0.4925373134328358,0.1497712086693247,-30.408093881347742
30,500111055,2010,11.518905472636815,11.597638941388519,2.2616020615871006,2.264676616915423,-0.003074555328322237,0.13576134028839404
30,500111056,2010,10.096517412935324,10.346092441065958,2.670774663316272,2.8626865671641792,-0.19191190384790735,6.703909049952968
30,500111057,2010,6.67363184079602,6.813782373776328,1.8436684798077554,1.7781094527363184,0.06555902707143701,-3.6870073982537326
30,500111058,2010,6.425870646766169,6.628021568614206,1.0080126991682725,0.9402985074626866,0.0677141917055859,-7.201350546467072
30,500111059,2010,13.530348258706468,13.630003180354237,1.227974937953446,1.2019900497512437,0.02598488820220224,-2.1618222386765935
30,500111060,2010,20.992537313432837,20.99761356139199,2.059576294445184,2.1681592039800996,-0.10858290953491556,5.008069026277656
30,500111061,2010,5.903482587064676,6.2832376910688135,1.2950580902343956,1.0865671641791044,0.20849092605529118,-19.188038524319385
30,500111062,2010,6.785572139303483,7.293424582156056,1.9939789159951058,1.8029850746268656,0.19099384136824016,-10.593201466615968
30,500111063,2010,7.402487562189055,7.475893262125755,1.6800562203498477,1.7164179104477613,-0.03636169009791357,2.118463683965399
30,500111064,2010,8.604477611940299,8.48924520205568,1.0903168452451695,1.0552238805970149,0.03509296464815459,-3.3256416286087096
30,500111065,2010,14.451243781094528,13.940525479180534,2.178189456439262,2.060199004975124,0.11799045146413789,-5.7271385521110165
30,500111066,2010,5.8427860696517415,5.877796487614147,0.8826672929463086,0.7412935323383084,0.14137376060800022,-19.071225424300703
30,500111067,2010,6.888059701492537,7.017187238579998,1.580144775926633,1.5313432835820895,0.04880149234454345,-3.186842092674865
30,500111068,2010,9.81044776119403,9.751456110731745,2.4155756277136775,2.334825870646766,0.08074975706691134,-3.4584916195289113
30,500111069,2010,13.615422885572139,13.663236220226883,4.203970297870012,4.339800995024875,-0.13583069715486307,3.129883082440385
30,500111070,2010,21.497014925373133,21.084540858723283,4.296117623996831,4.474626865671642,-0.17850924167481086,3.98936597472059
30,500111071,2010,12.289552238805971,12.248982990812271,1.8921749918634125,1.9139303482587064,-0.021755356395293912,1.1366848545500587
30,500111072,2010,9.15273631840796,9.322326183455095,1.578935332250556,1.581094527363184,-0.002159195112628076,0.13656331580813194
30,500111073,2010,6.659701492537313,6.647201544086474,1.954606352110874,1.9870646766169153,-0.03245832450604125,1.6334810279705285
30,500111074,2010,8.013432835820895,8.209941760426341,1.3960137111217148,1.3298507462686566,0.06616296485305817,-4.975217334629515
30,500111075,2010,8.072636815920397,8.015587381871255,1.811986941525511,1.8417910447761194,-0.02980410325060845,1.618213061418773
30,500111076,2010,3.246268656716418,3.789499420553668,1.511958092371431,1.2716417910447761,0.24031630132665494,-18.898112897753382
30,500111077,2010,6.283084577114428,6.382863534072499,1.3680319832201893,1.2925373134328357,0.07549466978735353,-5.840811634818345
30,500111078,2010,5.773134328358209,5.901498789681915,1.4055212553647993,1.2497512437810945,0.15577001158370485,-12.464081340893582
30,500111079,2010,7.7199004975124375,7.996717880353665,2.4741522924123753,2.4776119402985075,-0.0034596478861321778,0.13963639058485294
30,500111080,2010,6.753731343283582,6.719348966946046,1.6385261574492567,1.5930348258706468,0.04549133157860985,-2.8556394901001187
30,500111081,2010,10.155721393034826,10.52324075852718,1.8319043520350395,1.7701492537313432,0.0617550983036963,-3.4886944235646307
30,500111082,2010,5.371641791044776,5.427895707854518,1.0338839884744337,0.9830845771144279,0.050799411360005875,-5.167349030041083
30,500111083,2010,7.768656716417911,7.749365334726486,0.6858082707080946,0.5691542288557214,0.11665404185237316,-20.49603357720892
30,500111084,2010,6.335323383084577,6.383211304998443,1.475246838027002,1.3840796019900496,0.09116723603695243,-6.5868491888667995
30,500111085,2010,4.016417910447761,4.341815756083353,1.6323795168457065,1.5781094527363184,0.05427006410938806,-3.4389290308912357
30,500111086,2010,8.148258706467661,8.001849136671762,1.65064220563404,1.6756218905472637,-0.024979684913223776,1.4907709820540318
30,500111087,2010,3.6099502487562187,4.0473060698017695,1.531810933994783,1.473134328358209,0.05867660563657395,-3.9831130472648986
30,500111088,2010,7.943283582089553,8.135714261317679,1.8010431566168275,1.6393034825870647,0.16173967402976275,-9.866365547794327
30,500111089,2010,8.066666666666666,8.47946185743465,1.2337313032390231,1.1213930348258707,0.11233826841315242,-10.017742657960797
30,500111090,2010,6.025870646766169,6.181913893407901,1.1837010164960957,1.0427860696517413,0.14091494684435446,-13.51331312772674
30,500111091,2010,6.980597014925373,7.215098988243056,1.8254752951343935,1.8338308457711443,-0.008355550636750753,0.45563366196063515
30,500111092,2010,4.753233830845772,4.944603964799623,1.0593498059288384,0.9472636815920398,0.11208612433679865,-11.832621319168346
30,500111093,2010,4.402985074626866,4.725023901109643,1.3913737667038957,1.2597014925373133,0.13167227416658234,-10.452656835498836
30,500111094,2010,4.785074626865671,5.091872920820981,1.5817813174333162,1.4507462686567165,0.13103504877659966,-9.032251304559852
30,500111095,2010,12.859203980099503,12.275934464182965,1.870326005211882,1.8248756218905473,0.045450383321334664,-2.490601703268339
30,500111096,2010,7.007960199004975,7.211957134889295,1.5586817461149125,1.5208955223880598,0.0377862237268527,-2.4844720212945344
30,500111097,2010,5.99452736318408,6.522885667331383,1.715609628215869,1.5890547263681591,0.1265549018477099,-7.964162577141418
30,500111098,2010,6.167164179104478,6.109917864032691,1.8154309416456957,1.7751243781094528,0.040306563536242956,-2.270633203695301
30,500111113,2010,4.907960199004975,5.1851636380575465,1.084064575630581,0.9751243781094527,0.10894019752112816,-11.171928419258549
30,500111114,2010,8.748756218905474,8.933358060649525,1.9342664694415617,1.774129353233831,0.16013711620773075,-9.026236780076802
30,500111115,2010,5.939800995024876,6.062462826524302,0.7544321076158413,0.6069651741293532,0.1474669334864881,-24.295781664577138
30,500111116,2010,10.844776119402985,11.036488902296451,1.410859665720468,1.1681592039800994,0.24270046174036852,-20.77631721031264
30,500111117,2010,6.1124378109452735,6.414627456685661,1.2710049540039354,1.1771144278606964,0.093890526143239,-7.976329566691058
30,500111118,2010,4.276119402985074,4.517040345140656,0.6653683325960901,0.5044776119402985,0.16089072065579157,-31.892539301591817
30,500111119,2010,11.530845771144278,11.684032594535505,2.6656050540465706,2.6875621890547263,-0.02195713500815577,0.8169907694630341
30,500111120,2010,6.008457711442786,6.22001310638127,1.7046109054572731,1.5592039800995026,0.14540692535777056,-9.325715378721084
30,500111121,2010,4.700995024875622,4.981882091726923,0.757202956252306,0.5293532338308458,0.2278497224214603,-43.04303966796383
30,500111122,2010,4.29502487562189,4.5222120395858365,1.0401993076462208,0.900497512437811,0.13970179520840986,-15.51384576623778
30,500111123,2010,7.607960199004975,7.80220087443222,1.2314525960978464,1.117412935323383,0.11403966077446337,-10.205686471801933
30,500111124,2010,11.16915422885572,10.640665504578559,2.230236556484553,2.120398009950249,0.10983854653430436,-5.180091002673668
30,500111125,2010,8.979601990049751,9.010942802770513,1.120602608055775,1.0746268656716418,0.045975742384133156,-4.278298249634613
30,500111126,2010,5.793034825870647,6.051382384046512,0.7114008309605443,0.5711442786069652,0.14025655235357914,-24.55711413159356
30,500111127,2010,8.177114427860696,8.249659655029117,1.6087993944322025,1.608955223880597,-0.00015582944839453994,0.009685132692425024
30,500111128,2010,3.8592039800995024,4.109879489030559,1.0983564043634622,0.9233830845771144,0.17497331978634778,-18.949158015655122
30,500111129,2010,8.542786069651742,8.523280293241198,1.6947581736879216,1.6164179104477612,0.07834026324016041,-4.846535214303553
30,500111130,2010,9.409452736318409,9.534839346878208,1.1325706391385646,1.0935323383084576,0.03903830083010695,-3.569926509031619
30,500111131,2010,6.010945273631841,6.181074727850601,0.9647510495275586,0.9402985074626866,0.024452542064872018,-2.6005084418197226
30,500111132,2010,16.68358208955224,16.808231325282076,1.776220778724456,1.8228855721393036,-0.04666479341484764,2.55994090512674
30,500111133,2010,8.646268656716417,8.780376810199751,2.05046226002548,2.0437810945273633,0.006681165498116481,-0.32690220669946757
30,500111134,2010,11.383582089552238,11.427421815210305,1.3917393819741999,1.3417910447761194,0.04994833719808045,-3.7225123384553838
30,500111135,2010,6.891542288557214,7.041090494673126,1.4151558980764603,1.3870646766169155,0.02809122145954479,-2.025227945971486
30,500111136,2010,8.93134328358209,9.071031764784964,0.5510255023623795,0.3940298507462687,0.1569956516161108,-39.84359340257357
30,500112001,2010,13.367661691542288,13.357225482449008,2.6499894440843415,2.699004975124378,-0.04901553104003664,1.8160593067368416
30,500112002,2010,6.399502487562189,6.507031128760164,1.5810171879809878,1.5880597014925373,-0.0070425135115494975,0.4434665463099778
30,500112003,2010,9.412437810945274,9.520908719741826,2.1092617164695198,2.0402985074626865,0.06896320900683328,-3.380054867196657
30,500112004,2010,9.912935323383085,9.959741902831762,1.3054406103069716,1.2681592039800995,0.037281406326872046,-2.9398048927819858
30,500112005,2010,6.569651741293533,6.8818194242370705,0.7783252947554022,0.6407960199004975,0.13752927485490474,-21.46225484925144
30,500112006,2010,17.081094527363184,17.513236959733028,2.3142373074081286,2.4074626865671642,-0.09322537915903562,3.872349909271783
30,500112007,2010,14.259701492537314,14.706575618792474,4.58912321798222,4.740298507462686,-0.15117528948046655,3.1891512579317567
30,500112008,2010,14.083084577114429,14.473356019952304,1.964143900222251,2.0616915422885573,-0.0975476420663064,4.73143727203851
30,500112009,2010,18.528358208955225,18.851852738270775,2.9146719342076968,3.119900497512438,-0.20522856330474104,6.5780483534130045
30,500112010,2010,15.165174129353234,15.674130939537074,4.228857357632769,4.488557213930348,-0.25969985629757897,5.785820340923673
30,500112011,2010,8.772636815920398,9.267793953769424,3.8203542965393056,3.91044776119403,-0.09009346465472445,2.3039168442238696
30,500112012,2010,9.496019900497512,9.62348330541142,3.122749918508114,3.2577114427860696,-0.13496152427795582,4.142832373223751
30,500112013,2010,7.085074626865672,7.077267669120233,2.2693555124187132,2.0014925373134327,0.26786297510528057,-13.383161321442058
30,500112014,2010,4.641293532338309,5.192154729810073,2.414387722068693,2.3661691542288557,0.048218567839837245,-2.037832661019194
30,500112015,2010,10.957711442786069,11.599209756783866,3.0521973618406415,3.000497512437811,0.051699849402830456,-1.7230425683914643
30,500112016,2010,11.059701492537313,11.182534730137125,2.717771406794426,2.746766169154229,-0.028994762359802806,1.055596311233538
30,500112017,2010,11.125870646766169,11.60912985050762,2.909559633576239,2.9024875621890547,0.007072071387184131,-0.24365552773808885
30,500112018,2010,9.538308457711443,9.804192956899032,3.0660765865478585,3.191044776119403,-0.12496818957154465,3.9162154823636537
30,500112019,2010,4.542786069651742,4.8284845623757935,2.3672747592136467,2.4,-0.032725240786353194,1.3635516994313832
30,500112020,2010,4.971144278606965,5.382296939517722,1.8995422986196033,1.9373134328358208,-0.03777113421621747,1.949665633656834
30,500112021,2010,4.009950248756219,4.461433267780257,1.9522498179654282,2.024378109452736,-0.07212829148730804,3.5629851533420784
30,500112022,2010,12.485572139303482,12.930448641806686,3.380290607806731,3.5034825870646764,-0.12319197925794523,3.5162720577743527
30,500112023,2010,10.944776119402984,11.400569520611343,2.7293866551374957,2.6194029850746268,0.10998367006286891,-4.198806777328898
30,500112024,2010,11.566666666666666,11.612956116205542,2.9484589341772467,2.9830845771144276,-0.034625642937180956,1.1607328603024305
30,500112025,2010,15.225373134328358,15.324811290344712,3.3086356076391006,3.527363184079602,-0.21872757644050145,6.200880516860479
30,500112026,2010,24.939303482587064,24.48377875963281,3.864949519967875,3.9393034825870648,-0.07435396261918958,1.8874900841698796
30,500112027,2010,10.317910447761195,10.572166106597308,2.2072805356823486,2.0965174129353232,0.11076312274702538,-5.283195935489346
30,500112028,2010,13.106467661691543,13.347561322383852,1.9686231738596143,1.9482587064676617,0.020364467391952523,-1.0452650525491463
30,500112029,2010,18.561194029850746,18.462884149288058,3.3730266963922237,3.5945273631840795,-0.22150066679185576,6.162163878915296
30,500112030,2010,15.07860696517413,14.865136766969052,3.4907062203432595,3.532835820895522,-0.04212960055226267,1.1925150980150396
30,500112031,2010,11.050746268656717,11.033034945440717,2.565140393062693,2.574626865671642,-0.009486472608948748,0.36846009553598036
30,500112032,2010,19.970646766169153,19.815422337742017,4.088220714440761,4.193532338308458,-0.10531162386769655,2.5112867952790374
30,500112033,2010,13.575621890547264,13.926172450048137,2.026389859305666,2.1104477611940298,-0.0840579018883636,3.9829416029139755
30,500112035,2010,16.16716417910448,16.556808438167483,4.094198661582542,4.283084577114428,-0.18888591553188583,4.4100440262410325
30,500112036,2010,5.78955223880597,6.041253694146157,2.365226115761975,2.3477611940298506,0.017464921732124328,-0.7438968569944883
30,500112037,2010,36.48805970149254,35.70752737663253,3.1034439913417122,3.036318407960199,0.0671255833815132,-2.2107557364712687
30,500112038,2010,11.563681592039801,11.482916592500297,3.6923163913232107,3.7308457711442786,-0.038529379821067966,1.0327250758814057
30,500112039,2010,13.598507462686568,13.79749242182237,2.91526704556367,3.0517412935323383,-0.13647424796866847,4.472012364151021
30,500112040,2010,18.749751243781095,18.28505325259835,3.850281323362217,3.8417910447761194,0.00849027858609741,-0.22099792745475
30,500112042,2010,7.397014925373134,7.16929330040351,1.968354181564295,1.7492537313432837,0.21910045022101143,-12.525367034818913
30,500112043,2010,28.59452736318408,27.857283811899887,3.9951146846511247,4.055721393034826,-0.06060670838370141,1.4943508813940116
30,500112044,2010,11.228855721393035,11.243498608526417,2.4873563779214902,2.5432835820895523,-0.05592720416806207,2.1990156568428163
30,500112045,2010,8.839303482587065,8.861827529430379,2.352847592800977,2.3482587064676617,0.004588886333315223,-0.19541655783821182
30,500112046,2010,16.108457711442785,16.02002905264864,3.987459986550949,4.146268656716418,-0.1588086701654694,3.830158711694186
30,500112047,2010,12.538805970149253,12.389970266990488,1.7805077824635198,1.7502487562189055,0.030259026244614295,-1.72884146536881
30,500112048,2010,9.721393034825871,9.453736018960363,2.12555852812265,2.208457711442786,-0.08289918332013624,3.7537138651379554
30,500112049,2010,23.907462686567165,23.625958385042498,5.2062624702712,5.42636815920398,-0.2201056889327795,4.056224761665781
30,500112050,2010,15.34228855721393,15.364014634620963,2.723687921791861,2.7611940298507465,-0.037506108058885435,1.3583293188893644
30,500112051,2010,16.71044776119403,16.442004177418923,3.514368148234686,3.628855721393035,-0.11448757315834879,3.15492215585798
30,500112052,2010,7.9691542288557216,8.222217178857402,2.441352971079557,2.47363184079602,-0.0322788697164631,1.3049181039841276
30,500112053,2010,8.365671641791044,8.445874208058926,1.6798689606787132,1.6427860696517413,0.03708289102697182,-2.257317109758127
30,500112054,2010,14.88955223880597,14.788267326786514,3.2037329079458052,3.256716417910448,-0.05298350996464274,1.6268997101883882
30,500112055,2010,8.15771144278607,8.559476401368912,1.9108585663322482,1.8597014925373134,0.051157073794934727,-2.750821785120888
30,500112056,2010,7.925870646766169,8.197529203920547,2.8175347115671796,2.7303482587064676,0.08718645286071203,-3.19323560951223
30,500112057,2010,9.028855721393034,9.239117203504467,2.7560234355420077,2.8502487562189054,-0.0942253206768977,3.3058630574369765
30,500112058,2010,8.803482587064677,8.693663485889497,2.2730565459325875,2.2691542288557214,0.0039023170768661686,-0.17197231581892128
30,500112059,2010,9.812935323383085,9.558283659553734,2.7463582783885974,2.834825870646766,-0.0884675922581688,3.120741671444705
30,500112060,2010,11.662189054726369,11.526677837557498,3.1744226858271527,3.2696517412935324,-0.09522905546637972,2.9125137170940847
30,500112061,2010,8.512437810945274,8.376740073337913,2.5704986096728857,2.672139303482587,-0.10164069380970142,3.803719876326566
30,500112062,2010,11.35771144278607,10.914766553202346,2.130057414314061,2.024378109452736,0.10567930486132493,-5.220334302562377
30,500112063,2010,9.930348258706468,9.765736704792866,2.5576345804295397,2.6462686567164178,-0.08863407628687803,3.3493982578797676
30,500112064,2010,17.81094527363184,17.886082728689534,3.6796622632167355,3.816915422885572,-0.13725315966883667,3.5959182864228585
30,500112065,2010,14.692039800995024,15.037563217271275,3.471011852009603,3.5945273631840795,-0.12351551117447634,3.4362100686601726
30,500112066,2010,16.372139303482587,16.52170408321679,2.7578511698852344,2.924875621890547,-0.1670244520053128,5.710480498905914
30,500112067,2010,12.750248756218905,12.68987075749536,2.5158356904550105,2.564179104477612,-0.04834341402260156,1.8853368681689782
30,500112068,2010,17.217910447761195,17.288869577566484,2.9352445610574365,3.018905472636816,-0.0836609115793796,2.7712332279919742
30,500112069,2010,13.560199004975125,13.473440413153993,2.664302092603893,2.665174129353234,-0.0008720367493406656,0.03271969136036471
30,500112070,2010,11.383582089552238,11.356971617541818,3.9052692223966923,3.999502487562189,-0.09423326516549668,2.3561246794706845
30,500112071,2010,12.367661691542288,12.46714603750434,3.1252446455069114,3.174129353233831,-0.04888470772691944,1.5400981587947975
30,500112072,2010,9.349253731343284,9.833928708204054,2.73133696703032,2.7577114427860696,-0.026374475755749582,0.9563899741846773
30,500112073,2010,7.511442786069652,8.01642479842631,2.302547798565769,2.228358208955224,0.07418958961054534,-3.3293385826567565
30,500112075,2010,5.777114427860696,6.211728363168747,2.208176061985481,2.208955223880597,-0.000779161895116065,0.03527286957620024
30,500112076,2010,8.463681592039801,9.223185190455911,3.2182475082381505,3.1492537313432836,0.06899377689486696,-2.1907976549554915
30,500112078,2010,9.548258706467662,9.776420659703588,2.1846861293738407,2.136318407960199,0.04836772141364154,-2.2640689343600253
30,500112079,2010,9.974129353233831,9.89526372309798,1.5785832103103123,1.5840796019900498,-0.005496391679737478,0.34697698732011084
30,500112080,2010,11.900497512437811,11.866904288341535,2.2602153792564508,2.282089552238806,-0.021874172982355056,0.9585151012542765
30,500112081,2010,22.04676616915423,22.12882712782931,5.8262951730437305,6.028855721393035,-0.2025605483493047,3.359850653425503
30,500112082,2010,22.086069651741294,22.252958103641596,5.206027769304517,5.549253731343284,-0.3432259620387672,6.1850832320057565
30,500112083,2010,5.106467661691542,5.588649386672682,2.1350068238740616,2.208457711442786,-0.07345088756872453,3.32589060628827
30,500112084,2010,6.020895522388059,6.61072833340793,1.8903966711055016,1.765174129353234,0.12522254175226766,-7.094061694533766
30,500112085,2010,29.286069651741293,28.92514066741215,4.719148044245995,4.662189054726368,0.05695898951962697,-1.2217220033555674
30,500112086,2010,10.26268656716418,10.031014904487476,1.6207594751049534,1.572636815920398,0.04812265918455538,-3.059998258809121
30,500112087,2010,7.411442786069652,7.604393790036612,2.269204236399788,2.2771144278606967,-0.007910191460908766,0.3473778640250518
30,500112088,2010,5.3059701492537314,5.4734478877038315,1.5987943239941442,1.6129353233830845,-0.014140999388940312,0.8767245148602723
30,500112089,2010,8.901990049751245,8.93059287196535,2.111332458645253,2.1074626865671644,0.0038697720780884737,-0.18362232948436807
30,500112090,2010,3.0621890547263684,3.627440472275035,1.6113157398078466,1.5258706467661691,0.08544509304167747,-5.599759928717695
30,500112091,2010,2.5169154228855724,2.993172768777092,1.3059347784209099,1.1422885572139303,0.16364622120697958,-14.326171804269554
30,500112092,2010,6.897014925373134,7.228250270886498,1.4926397512553036,1.4378109452736318,0.054828805981671724,-3.8133529419778602
30,500112093,2010,6.421890547263682,6.50713567130118,2.4816580729399225,2.4711442786069653,0.010513794332957183,-0.4254625852475123
30,500112094,2010,6.324378109452736,6.312084329026717,1.8965250658324369,1.8701492537313433,0.02637581210109352,-1.4103586678158546
30,500112095,2010,6.635323383084577,6.984570137611125,1.6452114252905536,1.654726368159204,-0.009514942868650289,0.575016090378445
30,500112096,2010,15.23731343283582,15.315390189074781,2.470223863333625,2.3492537313432837,0.12097013199034112,-5.149300408737519
30,500112097,2010,7.701492537313433,7.88427384255469,2.4600164331056424,2.532835820895522,-0.07281938778987973,2.8750141319516453
30,500112098,2010,6.188059701492537,6.115572177135872,1.4395231047956156,1.3671641791044775,0.07235892569113811,-5.292628844220801
30,500112099,2010,11.403980099502487,11.20563688457059,3.0576365905869882,3.166169154228856,-0.1085325636418677,3.4278826668785993
30,500112100,2010,22.604477611940297,22.561974346702332,1.7761733388315135,1.9373134328358208,-0.1611400940043073,8.31770901254899
30,500112101,2010,7.462686567164179,7.421573045853318,2.0426919742364458,2.0427860696517413,-9.409541529548093e-05,0.004606229535896656
30,500112102,2010,7.386069651741294,7.487088797686811,2.2568689705715954,2.2756218905472636,-0.018752919975668192,0.8240789057956508
30,500112103,2010,10.153731343283582,10.341618326531384,2.769023827037987,2.6129353233830845,0.15608850365490268,-5.973684165010556
30,500112104,2010,7.691044776119403,7.7491473840215335,3.0765967283273716,3.0223880597014925,0.05420866862587914,-1.7935707644118037
30,500112105,2010,8.981592039800995,8.949566234506758,2.7447149840965066,2.662686567164179,0.08202841693232754,-3.0806636403957093
30,500112106,2010,7.212935323383085,7.153185145980133,1.7026234948380545,1.6995024875621891,0.003121007275865395,-0.1836424070400891
30,500112107,2010,8.471641791044776,8.570003177372765,2.2561600784733953,2.361194029850746,-0.10503395137735083,4.448340545058474
30,500112108,2010,9.159203980099502,9.383306281614551,1.2405665858614126,1.1771144278606964,0.06345215800071613,-5.390483414262022
30,500112109,2010,8.02089552238806,8.241129301234146,2.5472525704594937,2.6283582089552238,-0.08110563849573005,3.0857909024496952
30,500112110,2010,13.953731343283582,13.991320585442006,2.9878189395451415,3.111442786069652,-0.1236238465245103,3.9732000561922884
30,500112111,2010,4.898507462686567,5.423563116501852,1.6923338809785002,1.6497512437810946,0.042582637197405626,-2.581155029155166
30,500112112,2010,7.046766169154229,7.005893491664624,2.1261504620712697,1.9059701492537313,0.22018031281753836,-11.552138573825427
30,500112113,2010,7.045273631840796,7.00896369486841,1.9669480837945559,1.991044776119403,-0.024096692324847124,1.210253662492322
30,500112114,2010,5.719402985074627,6.030425346128106,1.5873062590859286,1.6039800995024875,-0.01667384041655895,1.0395291326700833
30,500112115,2010,9.406965174129354,9.374501678090532,2.8426796514627797,2.9129353233830844,-0.07025567192030469,2.4118514186133635
30,500112116,2010,7.424378109452737,7.642676960258214,2.1601514506847175,2.1522388059701494,0.007912644714568096,-0.36764715386689484
30,500112117,2010,9.040796019900498,9.084508374898379,2.1307545102375456,2.0860696517412936,0.04468485849625203,-2.142059756200014
30,500112118,2010,5.181592039800995,5.629347570139573,2.0301834118282827,2.0014925373134327,0.028690874514849973,-1.4334739690491785
30,500112119,2010,12.50597014925373,12.885393670642992,2.76833314192778,2.8223880597014928,-0.05405491777371285,1.9152191913478376
30,500112120,2010,5.395024875621891,5.725724751348209,0.9975349596580124,0.8378109452736319,0.15972401438438055,-19.064445897423095
30,500112123,2010,6.9691542288557216,6.890189543911801,1.7781137046343851,1.6666666666666667,0.11144703796771838,-6.686822278063103
30,500112124,2010,3.6074626865671644,4.1733227949973495,1.5390191378457025,1.4288557213930348,0.1101634164526677,-7.709904842265392
30,500112125,2010,6.200995024875622,6.608715659818244,2.3597546515901846,2.2477611940298505,0.11199345756033408,-4.982444659058688
30,500112127,2010,9.07363184079602,9.034381420975972,2.3562592130758686,2.4303482587064678,-0.07408904563059915,3.048495019805615
30,500112128,2010,8.875621890547263,8.92891512652487,2.894390377655809,2.952238805970149,-0.05784842831434034,1.9594765910317506
30,500112129,2010,8.226865671641791,8.17213949833863,2.355415682298339,2.439800995024876,-0.08438531272653682,3.4586965452760805
30,500112130,2010,7.612935323383085,8.103608124600813,1.7674404514763595,1.5701492537313433,0.19729119774501624,-12.56512381075674
30,500112132,2010,10.040298507462687,10.532412361528674,2.027017409713578,1.9945273631840796,0.032490046529498384,-1.6289596788299265
30,500112133,2010,4.268159203980099,4.651667188241423,1.7806090947739426,1.808955223880597,-0.02834612910665446,1.566988985268852
30,500112134,2010,6.875621890547263,7.271331723829803,2.2147061064937885,2.1641791044776117,0.05052700201617677,-2.334695955230237
30,500112135,2010,25.964676616915423,25.42199503028307,3.6266454592866664,3.7393034825870646,-0.1126580233003982,3.012807701354449
30,500112136,2010,13.023880597014925,13.317710811084341,2.1193307934133223,2.1303482587064675,-0.011017465293145179,0.5171673339379218
30,500112137,2010,6.381592039800995,6.252598987368682,1.2789868845603896,1.2049751243781095,0.07401176018228006,-6.1421815840785685
30,500113001,2010,7.126865671641791,6.938174749102054,2.019341609396253,2.1577114427860695,-0.13836983338981668,6.412805282765311
30,500113002,2010,8.964179104477612,8.67077952867899,2.2110666125087612,2.2402985074626867,-0.02923189495392542,1.3048214269906748
30,500113003,2010,5.412935323383085,5.26496283464156,1.5858294241941997,1.6527363184079602,-0.0669068942137605,4.048249770308808
30,500113004,2010,8.654726368159205,8.699841842690667,1.7886662492422296,1.7945273631840797,-0.005861113941850071,0.32661045254002335
30,500113005,2010,19.87860696517413,19.865407431387425,2.260857663890469,2.291542288557214,-0.03068462466674493,1.339038115070719
30,500113006,2010,10.886069651741293,10.769614817315603,1.2756366037603224,1.243781094527363,0.03185550923295932,-2.5611829423299297
30,500113007,2010,7.953731343283582,8.061813702492554,1.6504016942987152,1.7014925373134329,-0.05109084301471767,3.00270744033867
30,500113008,2010,17.083084577114427,17.18243888060245,2.547826724158994,2.455223880597015,0.09260284356197879,-3.771665968785762
30,500113009,2010,12.056716417910447,12.018599184453393,1.4603562934545709,1.4537313432835821,0.0066249501709887415,-0.4557203916388559
30,500113010,2010,8.16318407960199,8.23933100153505,1.6058667045475217,1.5567164179104478,0.04915028663707388,-3.157305085986529
30,500113013,2010,9.209452736318408,9.1329504075222,2.036336169944677,2.129353233830846,-0.09301706388616893,4.368324729233634
30,500113015,2010,3.9,4.059479484387902,1.4175625523689934,1.4049751243781095,0.01258742799088397,-0.8959182103993194
30,500113016,2010,5.367164179104478,5.472713872925183,1.472966656233952,1.454726368159204,0.01824028807474809,-1.253863851923518
30,500113017,2010,16.134328358208954,15.94789372306936,2.126720243100969,2.2039800995024876,-0.07725985640151878,3.5054697825519807
30,500113018,2010,6.21044776119403,6.00833465560657,1.6946188730791836,1.728855721393035,-0.03423684831385132,1.9803184204558604
30,500113019,2010,11.787064676616916,11.727070239325068,2.9139861540718157,3.0786069651741292,-0.16462081110231352,5.347250005101005
30,500113020,2010,8.631343283582089,8.447470466886646,2.20700487134264,2.3233830845771144,-0.11637821323447461,5.008998042854261
30,500113022,2010,19.00099502487562,18.71969506509891,3.840226663268535,3.890547263681592,-0.05032060041305675,1.293406736959643
30,500113023,2010,16.31094527363184,16.5169616763395,2.4719085261183333,2.3587064676616913,0.113202058456642,-4.799327937098722
30,500113025,2010,11.238805970149254,11.1468592271845,2.271721051394214,2.292039800995025,-0.020318749600810815,0.8864920055921367
30,500113026,2010,10.115422885572139,10.100974992781026,1.6309393630997913,1.5985074626865672,0.03243190041322408,-2.028886393731105
30,500113027,2010,11.40547263681592,11.289709564764845,2.1681350336337553,2.227363184079602,-0.05922815044584695,2.6591150859091437
30,500113028,2010,7.723880597014926,7.836711738994711,1.7862094002335007,1.8069651741293533,-0.02075577389585259,1.1486537866372166
30,500113029,2010,9.138805970149253,9.049192978071767,1.7467318876787474,1.7552238805970148,-0.00849199291826741,0.4838125217040106
30,500113030,2010,10.897512437810946,11.044602010784889,1.813806713437237,1.6756218905472637,0.13818482288997336,-8.246778325678338
30,500113031,2010,7.2621890547263686,7.350515815975394,1.9430390740279468,1.9940298507462686,-0.05099077671832175,2.5571721857242196
30,500113032,2010,6.877114427860697,6.9342327466292675,1.1424355696562327,1.0865671641791044,0.05586840547712835,-5.141735119460988
30,500113033,2010,9.375124378109453,9.386214499963131,1.6082861911772592,1.6154228855721393,-0.007136694394880072,0.4417849009457636
30,500113034,2010,34.89452736318408,34.25694530547118,4.06618129810254,4.105970149253731,-0.03978885115119102,0.969048719421955
30,500113035,2010,16.640298507462685,16.55608848434754,3.3670474860353674,3.3751243781094526,-0.00807689207408524,0.2393065016054147
30,500113036,2010,17.4318407960199,17.273181146024157,2.04355383559578,2.0338308457711443,0.009722989824635597,-0.4780628558590399
30,500113037,2010,7.7208955223880595,7.644433614353489,1.7467145577603858,1.792039800995025,-0.045325243234639156,2.5292542726714244
30,500113038,2010,17.71094527363184,17.906215781340226,4.666658924519343,4.642288557213931,0.02437036730541209,-0.524964508454381
30,500113039,2010,11.434825870646765,11.327749414676703,4.054018283393531,4.1537313432835825,-0.09971305989005153,2.4005659405797526
30,500113041,2010,10.271144278606965,10.691293312588277,1.7881736218956001,1.6059701492537313,0.18220347264186887,-11.345383519521576
30,500113042,2010,24.78457711442786,24.28833804976107,4.363681848223875,4.466666666666667,-0.10298481844279195,2.305630263644596
30,500113043,2010,25.19054726368159,24.939072043707338,3.2864250363507033,3.3537313432835822,-0.06730630693287898,2.0069081283947003
30,500113044,2010,36.244278606965175,35.69667408891871,2.7997084703511756,2.85273631840796,-0.05302784805678451,1.8588415520428474
30,500113045,1448,5.404005524861878,6.34188837693674,2.0946373168633636,1.7154696132596685,0.3791677036036951,-22.102851643242776
30,500113046,2010,16.654726368159203,16.386945527899485,2.760702761496041,2.717910447761194,0.04279231373484693,-1.5744563537807492
30,500113047,2010,7.538805970149253,7.562332362627699,2.041652784558325,2.075124378109453,-0.03347159355112783,1.6129921610589053
30,500113048,2010,5.569154228855721,5.767396010679104,1.6135068120581708,1.6039800995024875,0.00952671255568327,-0.5939420669020897
30,500113049,2010,9.778606965174129,9.714179938249474,3.0388616975514697,3.0960199004975126,-0.0571582029460429,1.8461833186814434
30,500113050,2010,7.942786069651741,7.896794246053266,2.733102724950479,2.854726368159204,-0.12162364320872499,4.260430861790471
30,500113051,2010,7.706467661691542,7.818887869907879,1.4186312929412448,1.3781094527363185,0.04052184020492633,-2.9403934589134266
30,500113052,2010,7.473134328358209,7.456483467213109,1.8456460693243166,1.9064676616915424,-0.06082159236722573,3.1902766351284892
30,500113053,860,6.773255813953488,6.970876951933877,0.98809610328717,0.9651162790697675,0.022979824217402522,-2.3810420273453214
30,500113054,2010,8.198009950248757,8.021436459978935,0.7889939903353235,0.6751243781094527,0.11386961222587078,-16.866464301694936
30,500113055,2010,6.070646766169154,6.135505174675387,1.5723915642338147,1.5820895522388059,-0.00969798800499122,0.612986034277747
30,500113056,2010,9.659203980099502,9.537164933618948,1.558013166791633,1.5343283582089553,0.02368480858267774,-1.5436597033457282
30,500113057,2010,14.967164179104477,14.928714509202598,2.11238746216661,2.081094527363184,0.031292934803425876,-1.5036767620101843
30,500113058,2010,11.654228855721392,11.585629170750115,2.0632648334017767,2.0960199004975126,-0.032755067095735946,1.5627269134210597
30,500113059,2010,10.571641791044776,10.56766588091399,1.5895285030125008,1.490547263681592,0.09898123933090885,-6.640597164723859
30,500113060,705,5.85531914893617,6.072019554580637,1.068519382486289,0.9460992907801419,0.1224200917061472,-12.939454970439845
30,500113061,2010,12.383582089552238,12.200474317962986,1.2376925273584685,1.1681592039800994,0.06953332337836904,-5.952384156325459
30,500113062,2010,4.9009950248756216,5.087347923111148,1.6079354088793882,1.6139303482587064,-0.005994939379318165,0.3714496964374079
30,500113064,2010,12.66865671641791,12.536676131642604,3.0509746628768784,3.1283582089552238,-0.07738354607834541,2.4736152610921485
30,500113065,2010,9.483084577114427,9.63175517086832,2.3308077963717726,2.354726368159204,-0.023918571787431286,1.0157686307360425
30,500113066,2010,20.301990049751243,20.08614449367129,1.944152793551607,1.9616915422885572,-0.01753874873695027,0.8940625148686291
30,500113069,2010,12.011940298507463,11.907256362454921,2.7370005672043813,2.798009950248756,-0.061009383044374754,2.18045625745365
30,500113070,2010,6.983084577114428,7.2072624714758415,0.8738650609455091,0.7895522388059701,0.08431282213953895,-10.67856159423272
30,500113071,2010,5.898507462686567,5.70759434576389,1.2486451115139896,1.1925373134328359,0.05610779808115374,-4.704909225828912
30,500113072,2010,5.787562189054726,5.802967012667489,1.2319135366196332,1.190049751243781,0.041863785375852114,-3.5178180855126566
30,500113073,2010,10.433333333333334,10.322814741037005,2.1404307788660426,2.2124378109452736,-0.07200703207923098,3.2546466039859294
30,500113074,2010,4.9412935323383085,5.041470916063367,1.4647113126388118,1.3741293532338308,0.09058195940498104,-6.591952874873711
30,500113075,2010,5.769154228855721,5.800422571046697,1.8136018795964226,1.8676616915422886,-0.054059811945865954,2.8945184339688486
30,500113077,2010,6.50547263681592,6.496005381977337,1.6221828318820661,1.6472636815920398,-0.025080849709973707,1.5225765000618288
30,500113078,2010,10.592537313432835,10.432657618257698,2.3658118329505,2.4139303482587064,-0.04811851530820643,1.993368008439714
30,500113079,2010,10.969154228855722,10.926088634082662,2.170621620948287,2.245771144278607,-0.07514952333031966,3.3462680968972647
30,500113080,2010,7.505970149253732,7.422329610064229,1.0979974378429989,1.0497512437810945,0.048246194061904335,-4.59596445802975
30,500113081,2010,9.31542288557214,9.535251113396132,1.397105533748555,1.254726368159204,0.14237916558935093,-11.347427550935581
30,500113083,2010,3.6104477611940298,3.76689812966967,0.9526096659453379,0.8865671641791045,0.06604250176623339,-7.449238414709826
30,500113085,2010,6.338805970149254,6.363728471201522,1.41730751770204,1.3975124378109454,0.019795079891094636,-1.4164510708828841
30,500113086,2010,7.589054726368159,7.54719226638443,1.9058445507259953,1.9313432835820896,-0.025498732856094275,1.3202589655010173
30,500113087,2010,10.709452736318408,10.433833071371799,1.9785201935612322,2.0348258706467663,-0.056305677085534134,2.7671005120274716
30,500113088,2010,8.714925373134328,8.674003808492817,2.0574014407992487,2.129850746268657,-0.0724493054694082,3.4016142021375955
30,500113089,2010,5.9054726368159205,6.234966499035702,1.6736638495594283,1.5303482587064676,0.14331559085296064,-9.364900442602435
30,500113090,2010,10.606965174129353,10.601386976243306,2.1319981827031933,2.0492537313432835,0.08274445135990982,-4.037784589303684
30,500113091,2010,8.601492537313433,8.411254059113615,2.2835862672897447,2.391542288557214,-0.10795602126746928,4.514075364002772
30,500113092,2010,4.914925373134328,5.136256045589365,1.1006648897413276,0.9472636815920398,0.15340120814928782,-16.194140146012
30,500113093,2010,10.15721393034826,10.000587961591615,1.6515134880817781,1.5761194029850747,0.07539408509670342,-4.783526232461297
30,500113094,2010,4.6716417910447765,4.861613856481894,2.414469740649952,2.453731343283582,-0.03926160263362988,1.600077479594405
30,500113095,2010,8.238805970149254,8.306437946338766,3.655189013004441,3.662686567164179,-0.0074975541597379625,0.204700948941501
30,500113096,2010,7.534825870646766,7.471792805592965,1.0895347099668837,1.0228855721393035,0.0666491378275802,-6.515796061937558
30,500113097,2010,15.646268656716417,15.458202956847892,1.9675604740621422,1.954726368159204,0.012834105902938209,-0.6565679018810333
30,500113098,2010,7.882587064676617,7.831995037366186,1.8564250588785403,1.908457711442786,-0.05203265256424583,2.7264241828502116
30,500113099,2010,6.991542288557214,6.953077494905295,2.131753889992054,2.1462686567164178,-0.014514766724363692,0.6762791171991429
30,500113100,2010,7.587064676616915,7.703256510452106,0.5705856022822742,0.4507462686567164,0.11983933362555776,-26.58687202951116
30,500113101,2010,9.221393034825871,9.187381668584267,1.3986219896747902,1.4139303482587064,-0.015308358583916215,1.0826812369342573
30,500113102,2010,15.816417910447761,15.44250100587885,2.893368766381053,3.0283582089552237,-0.13498944257417067,4.457512396485676
30,500113103,2010,7.150746268656716,7.441472859709774,2.2936787004939467,2.2223880597014927,0.07129064079245406,-3.2078394446571
30,500113104,2010,3.47910447761194,3.933155852834423,1.4854924236235398,1.3621890547263682,0.12330336889717164,-9.051854327367238
30,500113105,2010,10.24228855721393,9.993141663924586,0.8625301860415387,0.7910447761194029,0.07148540992213581,-9.036834839213396
30,500119005,2010,11.581094527363184,11.783436630852604,2.532612732129842,2.511940298507463,0.02067243362237914,-0.8229667573971493
30,500119006,2010,16.24228855721393,16.691393838141604,2.4786856472766168,2.4656716417910447,0.013014005485572078,-0.5278077285310709
30,500119007,2010,5.888557213930349,6.311605599773045,1.520675362118123,1.3830845771144278,0.13759078500369526,-9.948110714295952
30,500119008,2010,3.8129353233830847,3.892972299709306,0.8292083913978081,0.6756218905472637,0.15358650085054437,-22.73261168700988
30,500119009,2010,10.351243781094528,10.514454248224798,2.4931350385681785,2.455223880597015,0.03791115797116351,-1.5441018748133466
30,500119043,2010,13.849253731343284,14.306479884562446,2.3871595864919697,2.2776119402985073,0.10954764619346236,-4.809759039948871
30,500119044,2010,4.428855721393035,4.683616440221051,1.7705290939156928,1.617910447761194,0.15261864615449872,-9.433071302907209
30,500119045,2010,10.115422885572139,10.37672287860724,3.4756795528631916,3.416417910447761,0.059261642415430416,-1.7346133865591253
30,500119046,2010,5.923880597014925,6.247008362927979,2.4239283168819465,2.253731343283582,0.1701969735983644,-7.551786245755241
30,500119047,2010,6.895024875621891,7.238462392411681,2.5773171517097238,2.3412935323383084,0.23602361937141536,-10.080906819731087
30,500119048,2010,8.212935323383084,8.613329120314535,2.5516288359582076,2.3059701492537314,0.2456586867044761,-10.65315987650479
30,500119049,2010,7.435323383084577,7.658327087468589,2.371965609502597,2.0557213930348257,0.31624421646777146,-15.383612659734284
30,500119050,2010,6.6034825870646765,6.964636739924036,3.0282522879995475,2.8945273631840798,0.13372492481546772,-4.6199226345666915
30,500119051,2010,3.966666666666667,4.433211294348687,1.975108698090608,1.8850746268656717,0.09003407122493634,-4.7761542138327275
30,500119052,2010,8.130348258706467,8.36047360065329,2.8417629157007007,2.842786069651741,-0.0010231539510403564,0.03599123978983403
30,500119053,2010,8.806965174129353,9.168080643566034,3.0407122896545338,2.973134328358209,0.06757796129632476,-2.272953517496867
30,500119054,2010,8.338805970149254,8.455385215009953,2.613983582689556,2.4437810945273633,0.17020248816219263,-6.964719079926857
30,500119055,2010,6.15273631840796,6.533962726001988,2.9827404656586842,2.888557213930348,0.09418325172833608,-3.260563830071573
30,500119056,2010,1.9880597014925374,2.4603412409519323,1.4081383918168127,1.328358208955224,0.07978018286158872,-6.005923878344319
30,500119057,2010,3.425373134328358,4.230344958014318,2.0819054632658247,1.7014925373134329,0.38041292595239184,-22.357601788430046
30,500119058,2010,9.704975124378109,9.725942345144553,4.414885783963977,4.513432835820896,-0.0985470518569187,2.183416823549455
30,500119059,2010,6.2208955223880595,6.997674955405018,3.1895934593117268,2.8318407960199004,0.3577526632918264,-12.633219487290427
30,500119060,2010,2.2218905472636816,2.688524902763473,1.5631553083808414,1.4034825870646765,0.15967272131616483,-11.376893649255276
30,500119061,2010,3.3358208955223883,4.025071456688418,2.2370026268031236,1.8885572139303484,0.3484454128727752,-18.450349838626927
30,500119062,2010,1.9666666666666666,2.3831822791099944,0.9164457149142822,0.7492537313432835,0.16719198357099863,-22.314467926806593
30,500119063,2010,2.478606965174129,3.0654378284839847,1.4376412008646848,1.1383084577114428,0.299332743153242,-26.296276824214
30,500119064,2010,5.335820895522388,5.860199457179537,1.977287591931615,1.7611940298507462,0.21609356208086883,-12.26971920289679
30,500119065,2010,1.4283582089552238,1.9975932662467686,1.2430731970984852,0.9950248756218906,0.2480483214765946,-24.92885630839776
30,500119066,2010,3.955721393034826,4.244822697658914,1.9407923255170105,1.780099502487562,0.16069282302944843,-9.027182065097579
30,500119067,2010,8.841293532338309,9.118218217036913,3.0699608395995703,3.0069651741293533,0.06299566547021707,-2.094991522090276
30,500119068,2010,9.065671641791045,9.377989110758815,2.9040456673549757,2.5980099502487564,0.30603571710621935,-11.779620669925333
30,500119069,2010,6.698009950248756,7.0755093384932675,2.140031911553516,1.936318407960199,0.20371350359331686,-10.520661413735018
30,500119070,2010,6.11044776119403,6.941002325399937,3.3849741406950424,3.3298507462686566,0.05512339442638581,-1.6554313879730387
30,500119071,2010,9.405970149253731,9.566488996434263,2.9231199580831166,2.833830845771144,0.08928911231197256,-3.1508271725257173
30,500119072,2010,3.6333333333333333,3.825014817880205,1.5731166489172765,1.3412935323383084,0.23182311657896815,-17.283548379960163
30,500119074,2010,5.25273631840796,5.701924807854886,2.2946116645737553,2.074626865671642,0.21998479890211353,-10.60358383197238
30,500119075,2010,9.827860696517414,10.198642437747765,4.503106695892115,4.6482587064676615,-0.14515201057554616,3.122717984125525
30,500119076,2010,5.849751243781094,6.041996730578011,2.1393960919209123,1.9830845771144279,0.15631151480648442,-7.8822414641503675
30,500119077,2010,13.503980099502488,14.103671733366303,4.110237623131115,3.827860696517413,0.2823769266137024,-7.376886177457003
30,500119078,2010,2.1681592039800996,2.5813178326602704,1.3984852010176856,1.100497512437811,0.2979876885798747,-27.077543130449737
30,500119079,2010,3.1278606965174127,3.674520388002798,2.1898591191284473,2.0398009950248754,0.1500581241035719,-7.356508035321451
30,500119080,2010,1.3318407960199006,1.8650745622652585,1.1191879327394545,0.8189054726368159,0.3002824601026386,-36.66875727863327
30,500119081,2010,5.059701492537314,5.462653946992327,1.9182150168865797,1.6487562189054725,0.26945879798110717,-16.34315582202853
30,500119082,2010,3.982587064676617,4.580886508620436,2.2345018139848785,1.8885572139303484,0.3459446000545301,-18.317930614057044
30,500119083,2010,3.8402985074626868,4.180027328686104,2.0682285064351613,1.8507462686567164,0.2174822377784449,-11.751056396093393
30,500119084,2010,5.685572139303482,6.299279836240163,2.7669150168439023,2.4567164179104477,0.3101985989334546,-12.626552933500278
30,500119085,2010,2.817412935323383,3.248143515800134,1.6425068348814233,1.3064676616915423,0.3360391731898811,-25.721200994351143
30,500119086,2010,8.615422885572139,9.02183962438162,3.2974484808170907,3.254726368159204,0.042722112657886946,-1.3126176466272206
30,500119087,2010,14.485074626865671,15.083021006109522,4.467168621523248,4.401990049751244,0.06517857177200437,-1.4806614970810215
30,500119088,2010,6.259701492537314,6.669933261570755,2.683940579001445,2.5651741293532337,0.11876644964821104,-4.629956629032277
30,500119089,2010,4.302985074626866,4.795010109452319,2.2240040108812593,1.9462686567164178,0.2777353541648415,-14.270144730862256
30,500119090,2010,11.707462686567164,11.80087070104595,5.786591082528612,5.692039800995025,0.09455128153358672,-1.66111420227698
30,500119091,2010,3.8940298507462687,4.8072760649043715,1.8369524305639728,1.4487562189054726,0.38819621165850027,-26.795136862417085
30,500119092,2010,3.060199004975124,3.3935095957914143,1.6338235171386948,1.4218905472636816,0.2119329698750132,-14.90501292682913
30,500119093,2010,3.7855721393034827,4.29917744319017,1.5763868976691433,1.290547263681592,0.2858396339875513,-22.14871489263601
30,500119094,2010,8.311442786069652,8.81017176787274,3.214574313136892,2.8587064676616913,0.35586784547520045,-12.448561945791036
30,500119095,2010,5.9,6.334404453427446,2.5187640723660136,2.346268656716418,0.1724954156495957,-7.351903847660886
30,500119096,2010,18.639303482587064,19.181656265183666,2.2030042625658868,2.182089552238806,0.020914710327080588,-0.9584716770960323
30,500119097,2010,9.182587064676618,9.88430835961703,3.6462149544968936,3.3900497512437813,0.2561652032531123,-7.556384774563483
30,500119098,2010,12.835820895522389,12.754060559265339,4.751134789398808,4.757213930348259,-0.006079140949450945,0.12778784049776615
30,500119099,2010,6.372636815920398,6.669435437047221,1.7720026102489044,1.4049751243781095,0.3670274858707949,-26.123415247885898
30,500119100,2010,5.433830845771144,5.770475002399954,2.0062155244474695,1.6865671641791045,0.3196483602683651,-18.952601892018105
30,500119101,2010,6.875621890547263,7.473366700876917,2.6555860475413295,2.3144278606965174,0.34115818684481214,-14.740497754902673
30,500119102,2010,9.120895522388059,9.164140862992822,3.5674729749639402,3.546268656716418,0.021204318247522114,-0.5979332165757498
30,500119103,2010,7.13681592039801,7.4607049182988305,2.5882408812048587,2.34726368159204,0.24097719961281872,-10.2663029084732
30,500101280,296,5.02027027027027,5.0938644702021465,0.6574792947275867,0.581081081081081,0.07639821364650567,-13.147599557770745
30,500104160,296,5.8108108108108105,5.7861903080870505,1.0025110515712554,0.918918918918919,0.08359213265233645,-9.096790906283672
30,500108242,297,3.760942760942761,4.134154811692597,1.2254241895921874,0.9831649831649831,0.24225920642720422,-24.640748050986183
30,500108243,296,4.013513513513513,4.329628870962033,0.9966551076903064,0.722972972972973,0.2736821347173334,-37.85509900763115
60,500101001,2004,11.015968063872256,10.79869540665245,3.990313907888705,3.9775449101796405,0.012768997709064589,-0.3210271159072317
60,500101002,2004,8.818862275449101,8.746827284679881,3.715863932281983,3.584331337325349,0.13153259495663372,-3.6696550228747595
60,500101003,2004,6.736526946107785,7.496349456064202,2.428334646559062,2.1117764471057883,0.31655819945327357,-14.99013780019755
60,500101004,2004,3.9760479041916166,4.5311524840235355,2.238051230012174,2.2065868263473054,0.0314644036648688,-1.4259309123563337
60,500101005,2004,4.641716566866267,5.280997380591997,2.467212443781816,2.5034930139720557,-0.03628057019023956,1.4491979800924872
60,500101006,2004,4.108283433133733,5.120451348617791,2.8472425800493033,2.664171656686627,0.18307092336267639,-6.8715888821652635
60,500101007,2004,2.934131736526946,3.6548776945109167,1.8788299890472586,1.7919161676646707,0.08691382138258796,-4.8503285449932125
60,500101008,2004,4.350798403193613,4.937876574880011,2.4915111229009685,2.3947105788423153,0.09680054405865324,-4.042264852959806
60,500101009,2004,4.410179640718563,4.800475979691991,2.8340330166742738,2.7480039920159682,0.08602902465830553,-3.1306004251905626
60,500101010,2004,5.258982035928144,5.639827956277346,3.648451466288344,3.6142714570858283,0.03418000920251574,-0.9456956846864771
60,500101012,2004,3.225049900199601,3.5760736222876064,1.577262560899776,1.56437125748503,0.01289130341474598,-0.8240565245024225
60,500101013,2004,3.215568862275449,3.644385088833728,1.7350874863099774,1.7879241516966067,-0.052836665386629234,2.955196132704577
60,500101014,2004,3.5064870259481036,3.954668110630561,2.3672816324011685,2.586826347305389,-0.21954471490422067,8.487029488195567
60,500101015,2004,4.568363273453094,5.094928704534978,2.0446545165846706,1.9600798403193613,0.08457467626530923,-4.314858738179219
60,500101016,2004,2.7045908183632736,3.185664417574352,1.6080354757632518,1.5409181636726548,0.06711731209059701,-4.355670124014132
60,500101018,2004,5.30938123752495,5.369502505399877,2.173401405181366,2.2629740518962076,-0.08957264671484166,3.9581826685014927
60,500101019,2004,8.966566866267465,9.169487132940253,2.912549151426045,3.0698602794411176,-0.15731112801507274,5.124374196069665
60,500101021,2004,2.620259481037924,2.9050520818674803,1.2481996380098646,1.2065868263473054,0.041612811662559146,-3.448803745730708
60,500101022,2004,27.533433133732537,26.98683240219947,14.123461837139411,15.057884231536926,-0.9344223943975152,6.205535784638854
60,500101023,2004,13.756986027944112,14.490216479185488,5.658692358950731,5.605289421157685,0.05340293779304606,-0.9527240037146292
60,500101024,2004,10.086327345309382,10.562504271566064,4.463079382320715,4.670159680638722,-0.20708029831800712,4.434116014844388
60,500101025,2004,13.182634730538922,14.254235342505218,6.667937388538419,6.94061876247505,-0.2726813739366305,3.928776140405547
60,500101026,2004,10.401696606786427,11.162617075751957,3.1244399676616195,2.784930139720559,0.33950982794106066,-12.190963898833285
60,500101027,2004,29.02045908183633,29.47590961834719,8.565185355765818,8.813872255489022,-0.24868689972320368,2.821539642446358
60,500101028,2004,6.398702594810379,6.451749593645449,2.9176851879683268,2.968063872255489,-0.0503786842871623,1.697358495485428
60,500101029,2004,9.246506986027944,9.932972976829237,3.0656283436520066,3.082834331337325,-0.017205987685318558,0.5581223587144447
60,500101030,2004,11.939620758483034,11.943137122404146,3.6565951068982825,3.8318363273453095,-0.17524122044702706,4.573296077299678
60,500101031,2004,8.865768463073852,8.752486997719974,3.383148246900067,3.1731536926147705,0.20999455428529634,-6.617850083153544
60,500101032,2004,28.04191616766467,27.716006983411294,6.579804960723479,7.399700598802395,-0.8198956380789166,11.08011908227223
60,500101033,2004,13.719560878243513,14.013423649619988,4.582138038311077,4.6641716566866265,-0.0820336183755499,1.7588035864405906
60,500101034,2004,4.6097804391217565,4.911569607563758,2.3130005958248527,2.189620758483034,0.1233798373418189,-5.634758296103124
60,500101035,2004,4.94560878243513,5.681367401833578,2.839303959633742,2.7674650698602794,0.07183888977346253,-2.5958372720162086
60,500101036,2004,2.7215568862275448,3.7108564890240143,2.1727447565187745,1.755489021956088,0.4172557345626866,-23.768632520284932
60,500101037,2004,4.152195608782435,4.93151677340076,2.178581830085927,1.998003992015968,0.18057783806995897,-9.037911775529414
60,500101038,2004,3.6397205588822357,4.551156834225395,2.757788105355855,2.4011976047904193,0.3565905005654355,-14.85052708090467
60,500101039,2004,5.9800399201596806,6.42483082330869,2.205709013921801,2.0239520958083834,0.18175691811341776,-8.980297433414428
60,500101040,2004,3.905688622754491,4.830562970796834,2.340907027915215,1.9720558882235528,0.3688511396916623,-18.703888763716883
60,500101041,2004,6.6032934131736525,7.717759544192095,3.5123076756751903,3.3293413173652695,0.1829663583099208,-5.495572272977837
60,500101042,2004,6.114770459081837,6.336272958762148,2.59967457306329,2.3283433133732534,0.2713312596900366,-11.6534042953029
60,500101091,2004,9.763972055888223,10.260812853536201,3.2314426101721834,3.1402195608782435,0.09122304929393987,-2.9049895246314237
60,500101092,2004,6.182634730538922,6.766546054521662,2.124554094226498,2.0878243512974053,0.0367297429290927,-1.7592352970817822
60,500101093,2004,3.1786427145708585,4.186224341514582,1.9317349644526984,1.6956087824351298,0.23612618201756863,-13.92574657925861
60,500101094,2004,8.873253493013973,8.876146701586906,2.8299965971048646,3.0174650698602794,-0.18746847275541478,6.212780211705824
60,500101095,2004,23.96556886227545,24.15068995785724,5.082513036447841,5.691616766467066,-0.6091037300192248,10.701769901442455
60,500101097,2004,22.437624750499,22.903620845009456,4.031752708088,4.278942115768463,-0.24718940768046327,5.776881317686862
60,500101098,2004,6.1641716566866265,6.762086229078826,1.8519851402214496,1.7909181636726548,0.06106697654879478,-3.40981390369977
60,500101099,2004,21.56986027944112,21.137271364710227,4.678678106437321,4.924151696606787,-0.2454735901694658,4.9850939876328475
60,500101100,2004,17.442115768463072,18.307236757736753,3.5691919677319492,3.5449101796407185,0.024281788091230716,-0.6849761167627584
60,500101101,2004,13.357285429141717,14.580942063349335,5.005736479955569,5.080339321357285,-0.07460284140171591,1.4684617834106541
60,500101102,2004,8.70059880239521,9.033464249582797,2.3598156249117164,2.410179640718563,-0.050364015806846574,2.0896374260231996
60,500101103,2004,16.60079840319361,16.842145249543098,4.092432666318037,4.594810379241517,-0.5023777129234803,10.933589668751678
60,500101104,2004,5.050898203592815,5.435618569158508,2.7943927966392033,2.769461077844311,0.024931718794892088,-0.9002371975669143
60,500101105,2004,11.05439121756487,12.001237585307942,3.6119038860165738,3.6377245508982035,-0.025820664881629707,0.7098026395443887
60,500101107,2004,13.899700598802395,13.74802369601974,4.886869080956424,5.2749500998003995,-0.38808101884397583,7.357055735155876
60,500101108,2004,8.076347305389222,8.029187340092427,3.0842486691789195,3.3283433133732534,-0.2440946441943339,7.33381809543396
60,500101109,2004,14.971556886227544,14.889830466399095,5.75814446975252,6.070359281437126,-0.31221481168460574,5.1432674279979445
60,500101110,2004,15.5124750499002,15.729229656226341,5.4220686543846535,5.663672654690619,-0.24160400030596563,4.265853890864802
60,500101113,2004,32.24301397205589,33.01408970440244,7.368270620938089,8.577345309381238,-1.209074688443149,14.096140995055386
60,500101114,2004,10.49750499001996,11.615074592077779,4.377002899106968,4.467564870259481,-0.09056197115251319,2.0270991867489827
60,500101115,2004,14.38572854291417,14.937767357885859,5.472601825731246,5.945109780439122,-0.47250795470787565,7.947842380683086
60,500101116,2004,17.354790419161677,17.090465618419714,5.019570331530827,5.275449101796407,-0.25587877026558026,4.850369425011567
60,500101118,2004,4.7604790419161676,5.181750002699319,2.402860194540819,2.5518962075848304,-0.14903601304401137,5.840206690265913
60,500101119,2004,7.587824351297405,7.969784489802374,2.178193033468618,2.2095808383233533,-0.03138780485473536,1.4205320896316544
60,500101120,2004,10.282435129740518,11.351341475971042,3.366031594448629,3.248502994011976,0.11752860043665292,-3.6179311102158596
60,500101122,2004,3.9675648702594812,4.554066139144157,1.9141407523709597,1.7085828343313374,0.2055579180396223,-12.030901511431164
60,500101123,2004,9.110778443113773,9.835520144015018,3.398140597455369,3.4800399201596806,-0.08189932270431166,2.353401816739899
60,500101124,2004,7.80189620758483,8.513954498862343,3.5108529649124187,3.552395209580838,-0.04154224466841949,1.1694150627266844
60,500101125,2004,10.296906187624751,10.524142747903284,4.769360972389012,5.182634730538922,-0.4132737581499102,7.974201919241478
60,500101126,2004,9.505988023952096,9.986205217089662,3.5374949320194142,3.6966067864271457,-0.15911185440773146,4.3042677677253485
60,500101127,2004,15.400698602794412,15.801667382403538,5.2889836872866285,5.614770459081837,-0.3257867717952081,5.802316838585114
60,500101128,2004,9.687624750499001,10.838220586996172,3.8578553262019364,3.7075848303393215,0.15027049586261487,-4.053056173737284
60,500101129,2004,12.296407185628743,12.464981533988924,3.254291290590918,3.407185628742515,-0.15289433815159725,4.48740851868484
60,500101130,2004,14.261976047904191,13.950619017770808,3.2324930290506666,3.431137724550898,-0.19864469550023145,5.789470182991039
60,500101131,2004,6.88872255489022,8.33745493351704,3.1185232996030714,2.8817365269461077,0.23678677265696368,-8.216808526485805
60,500101132,2004,8.42065868263473,9.692069207534445,3.468436260121729,3.3622754491017965,0.10616081101993258,-3.15740969551714
60,500101133,2004,9.480039920159681,9.608190518965344,4.2854404102779675,4.402195608782435,-0.11675519850446747,2.652203783755983
60,500101134,2004,2.969061876247505,4.014994275773721,2.3556891663061705,2.2644710578842315,0.091218108421939,-4.028230261735693
60,500101135,2004,10.199101796407186,11.173039014163228,4.936382436076485,5.187624750499002,-0.2512423144225169,4.8431088697838
60,500101136,2004,6.192614770459082,6.48222735788179,2.3934557357798374,2.530439121756487,-0.1369833859766496,5.413423496296703
60,500101137,2004,15.778942115768464,16.24136648819733,5.561797473735832,5.489021956087824,0.07277551764800805,-1.3258376124237103
60,500101138,2004,7.681137724550898,8.503272609268402,3.789578735135359,3.905688622754491,-0.11610988761913221,2.972840357592193
60,500101139,2004,13.755489021956087,14.229492468744569,4.711720466054049,4.902195608782435,-0.19047514272838573,3.8855067795977707
60,500101140,2004,5.419660678642715,6.194831196574022,2.4052941252717144,2.3043912175648704,0.10090290770684396,-4.37872297627794
60,500101141,2004,6.634730538922156,7.138579521951743,3.3340925187801878,3.4266467065868262,-0.09255418780663849,2.701013431840739
60,500101142,2004,9.449600798403194,9.801667330038232,2.8753621750026648,2.8208582834331337,0.05450389156953106,-1.9321740439649786
60,500101143,2004,6.495508982035928,6.650663595872645,2.2112392042873115,2.343313373253493,-0.13207416896618174,5.636214535950344
60,500101144,2004,21.777944111776446,21.509831198665434,7.499895445286108,8.196606786427147,-0.6967113411410386,8.499997124355541
60,500101145,2004,4.624251497005988,5.295068288516101,2.269569753089438,2.4201596806387227,-0.15058992754928457,6.222313707397243
60,500101146,2004,8.52944111776447,8.926203486879121,2.898229374762459,3.068862275449102,-0.17063290068664294,5.560135495545243
60,500101147,2004,8.215568862275449,8.476601228863345,3.6090113517417026,3.5793413173652695,0.02967003437643312,-0.8289244233984661
60,500101148,2004,15.476546906187625,16.329211517233965,5.32669330967595,5.884730538922156,-0.5580372292462057,9.482800028910338
60,500101149,2004,5.869760479041916,6.68600028684509,2.817821736353744,2.4875249500998002,0.3302967862539439,-13.278129581803482
60,500101150,2004,9.638223552894212,10.174197261026393,5.110263517007777,4.930139720558882,0.18012379644889442,-3.653523158740733
60,500101151,2004,7.030439121756487,7.47602130875141,2.7731830675520177,2.75,0.02318306755201771,-0.8430206382551895
60,500101152,2004,6.741017964071856,7.802107477005688,3.5195586418625564,3.349301397205589,0.17025724465696745,-5.083365886361186
60,500101153,2004,9.015968063872256,8.593538942236902,3.7708501795264695,3.9715568862275448,-0.20070670670107527,5.053602716785461
60,500101154,2004,8.230538922155688,8.249695433572453,3.4575981053143274,3.6721556886227544,-0.214557583308427,5.842823711782684
60,500101155,2004,5.216067864271457,5.487395304821161,2.9869658548081457,3.224051896207585,-0.23708604139943912,7.353667032417211
60,500101156,2004,15.0938123752495,15.417124265234099,5.912716793363254,6.077844311377246,-0.16512751801399173,2.7168764047622282
60,500101157,2004,7.516467065868263,7.681275520143888,2.424992586955393,2.534431137724551,-0.10943855076915776,4.318071583803744
60,500101158,2004,8.961077844311378,9.001989831667439,2.4967376026911463,2.5404191616766467,-0.04368155898550041,1.7194626636602401
60,500101159,2004,10.858283433133732,10.636307725714591,4.236979554028413,4.270958083832335,-0.03397852980392191,0.7955716056438779
60,500101160,2004,6.989021956087824,6.868569781214396,3.0477559981227405,3.1222554890219563,-0.07449949089921581,2.386079267412953
60,500101161,2004,6.282435129740519,6.397628361644907,3.367056752351403,3.472554890219561,-0.10549813786815809,3.03805529943654
60,500101162,2004,20.177644710578843,19.79890202386688,3.220189497122282,3.5773453093812377,-0.35715581225895576,9.983822677736745
60,500101163,2004,6.522455089820359,6.611536510234148,3.110578761917635,3.413173652694611,-0.30259489077697577,8.865499431535957
60,500101165,2004,7.18812375249501,7.371140581802777,2.7169551100726594,2.9471057884231535,-0.23015067835049408,7.8093796040364065
60,500101166,2004,15.0124750499002,15.55412039427292,4.801826015734167,4.937624750499002,-0.13579873476483506,2.7502846333373365
60,500101167,2004,16.227045908183634,16.771272105962126,7.083775656677755,7.068862275449102,0.014913381228653044,-0.21097286447988634
60,500101168,2004,8.258982035928144,9.083289886865089,4.342883819554653,4.488522954091817,-0.1456391345371637,3.244700673846315
60,500101169,2004,12.607285429141717,13.254235657259585,6.083402202640709,6.2989021956087825,-0.21549999296807343,3.421230974475316
60,500101170,2004,16.760479041916167,16.34864354819271,4.702540797283192,5.199600798403194,-0.49706000112000126,9.559580059927855
60,500101171,2004,7.637724550898204,8.59989862565436,3.294732046863178,3.3008982035928143,-0.006166156729636274,0.18680238981392433
60,500101172,2004,8.810379241516966,9.835783736180023,4.819751523907377,4.830339321357285,-0.01058779744990801,0.2191936579505749
60,500101173,2004,6.444111776447106,7.043468538678376,2.834215511834997,2.907185628742515,-0.07297011690751809,2.5099916629362555
60,500101174,2004,10.620758483033931,10.826878437890024,4.2567096427790245,4.573353293413174,-0.31664365063414923,6.923664766730333
60,500101175,2004,5.512974051896207,5.942357944595164,2.393910650881091,2.3962075848303392,-0.0022969339492484586,0.09585705194281365
60,500101176,2004,6.707085828343313,6.979944090202563,1.7507389927799568,1.6726546906187625,0.07808430216119433,-4.668285845197895
60,500101177,2004,4.994011976047904,5.453096599878631,2.444334149508677,2.4950099800399204,-0.05067583053124336,2.031087287692234
60,500101179,2004,10.023453093812375,10.055654701832786,5.1332351526514435,5.477045908183633,-0.3438107555321892,6.277302788689023
60,500101180,2004,5.424151696606787,5.4655677827024,2.220821266205192,2.399201596806387,-0.17838033060119507,7.434987157337665
60,500101181,2004,23.582834331337324,23.430097736922534,13.447690077479628,14.351297405189621,-0.9036073277099934,6.296345913528604
60,500101182,2004,6.980538922155689,7.698618999082205,3.0573228513684767,2.8527944111776447,0.20452844019083205,-7.169406929201109
60,500101184,2004,3.902195608782435,4.503753186706037,2.704942249869297,2.681137724550898,0.02380452531839916,-0.887851642249617
60,500101185,2004,11.7624750499002,12.301935512141206,3.6409605305257235,3.8168662674650697,-0.1759057369393462,4.6086429183742945
60,500101186,2004,8.924650698602795,9.341466656904153,3.310545267662807,3.373253493013972,-0.06270822535116505,1.8589834852623486
60,500101187,2004,7.660678642714571,7.497166095420638,2.114228819652132,2.0798403193612773,0.03438850029085483,-1.6534202155199875
60,500101188,2004,7.839321357285429,8.2354964969315,2.1288183603479816,2.1786427145708585,-0.0498243542228769,2.2869447059698875
60,500101189,2004,5.157684630738523,5.750010159023927,2.654437988013594,2.562874251497006,0.091563736516588,-3.572697195857522
60,500101190,2004,10.051397205588822,10.201304594464768,3.4950195224092164,3.632734530938124,-0.1377150085289074,3.790946113900143
60,500101191,2004,9.029940119760479,9.839119257379085,4.944501118021799,5.5359281437125745,-0.5914270256907752,10.683430318048618
60,500101192,2004,9.018962075848304,9.5418156279623,3.9480528629232796,3.8917165668662674,0.05633629605701218,-1.4475950416496013
60,500101193,2004,16.14121756487026,16.94896252595337,4.908310134627674,4.6162674650698605,0.2920426695578131,-6.326381037659252
60,500101194,2004,5.869760479041916,6.592426042255347,3.388594068705057,3.2624750499001998,0.12611901880485732,-3.865746614942399
60,500101196,2004,5.617265469061876,7.386819901704518,3.2039641158024286,2.711576846307385,0.4923872694950435,-18.158706074127114
60,500101197,2004,5.590319361277445,5.671646294617191,2.392231166823547,2.378243512974052,0.013987653849495185,-0.5881506150731924
60,500101198,2004,9.735528942115769,9.617681903087677,3.466383368422421,3.570359281437126,-0.10397591301470488,2.9121974798248575
60,500101199,2004,10.09630738522954,10.263496654280692,3.5747155846112353,3.7964071856287425,-0.22169160101750718,5.839510626170931
60,500101200,2004,6.359281437125748,6.599670837196238,2.060738708444379,2.252994011976048,-0.19225530353166898,8.533325100276071
60,500101201,2004,4.647704590818363,5.787670078787792,2.8738803160889015,2.803892215568862,0.06998810052003934,-2.496105240116726
60,500101202,2004,5.091816367265469,5.5115074840235545,2.442546868563193,2.31437125748503,0.1281756110781629,-5.538247619677413
60,500101203,2004,8.29441117764471,8.951381713118176,2.87193902551074,2.8862275449101795,-0.014288519399439537,0.495058659690125
60,500101204,2004,6.179141716566866,6.887588135988329,2.8049023560367186,2.659181636726547,0.14572071931017172,-5.479908453698332
60,500101205,2004,6.515968063872256,6.967005807244597,2.564382846851768,2.6606786427145708,-0.09629579586280279,3.6192193343784096
60,500101206,2004,12.608283433133732,13.118423641591969,4.853463576171917,4.812375249500998,0.041088326670918995,-0.8538055438461393
60,500101207,2004,6.197604790419161,7.02275345452364,3.459888065624874,3.3902195608782435,0.06966850474663033,-2.054985038449326
60,500101208,2004,8.183632734530939,8.316389405539262,2.575825295673829,2.722055888223553,-0.14623059254972404,5.372064298252006
60,500101209,2004,11.230538922155688,12.267862059163354,4.951845526894282,4.809880239520958,0.14196528737332326,-2.9515347639396183
60,500101210,2004,12.049900199600799,12.476882773932076,3.648838470132298,3.7634730538922154,-0.11463458375991742,3.04597859791666
60,500101211,2004,7.417664670658683,7.8496223373041945,2.729240527109022,2.8283433133732534,-0.0991027862642313,3.503916437429773
60,500101212,2004,9.45558882235529,9.354528093617738,3.7785372402229087,3.93063872255489,-0.1521014823319815,3.8696378138033634
60,500101213,2004,6.8468063872255485,7.415126931170121,2.1679383330508477,2.1991017964071857,-0.031163463356338017,1.4170996270955611
60,500101214,2004,5.753493013972056,6.204642835091312,2.6275438294186717,2.465568862275449,0.16197496714322268,-6.569476505869628
60,500101215,2004,8.199101796407186,8.192147116198683,2.7908257531226726,3.05938123752495,-0.2685554844022775,8.778098038528203
60,500101216,2004,10.894710578842316,10.949434379608507,2.702943593614671,2.944610778443114,-0.24166718482844285,8.207101142114887
60,500101217,2004,7.55439121756487,8.098054424249538,4.003410201287935,3.961077844311377,0.04233235697655813,-1.068708029491339
60,500101218,2004,9.063373253493014,9.301250299412624,2.787578376274695,2.87874251497006,-0.091164138695365,3.1668041938899543
60,500101219,2004,5.0858283433133735,5.466967998538686,1.616681729509497,1.3712574850299402,0.2454242444795569,-17.89775057995022
60,500101221,2004,10.105788423153692,9.83832718401431,3.862290850281437,4.084830339321357,-0.22253948903991994,5.447949377424867
60,500101222,2004,7.520459081836328,7.995164565876225,3.0767277929921377,3.12125748502994,-0.04452969203780244,1.426658718525277
60,500101223,2004,6.093313373253493,6.086423267370447,2.1480592931628144,2.499500998003992,-0.35144170484117776,14.060474675618293
60,500101224,2004,9.437624750499001,9.508539790427125,3.012791051813355,3.092814371257485,-0.08002331944412999,2.58739483972308
60,500101225,2004,6.436127744510978,6.763573307449634,2.289035156413219,2.3248502994011977,-0.03581514298797872,1.5405354485492457
60,500101226,2004,8.81936127744511,9.23853838574861,3.083889750944478,3.2984031936127742,-0.21451344266829642,6.503554298143208
60,500101227,2004,10.859281437125748,10.659304830772529,3.5783658671797345,3.480538922155689,0.09782694502404565,-2.8106838398306446
60,500101228,2004,5.848802395209581,6.405982101575683,2.452280377255847,2.470059880239521,-0.01777950298367381,0.7198004844299458
60,500101229,2004,10.814870259481038,10.14290581760496,3.5503403970515395,3.746007984031936,-0.19566758698039655,5.223362785516381
60,500101230,2004,8.954091816367265,8.860704139358907,3.0293575629403966,3.1991017964071857,-0.16974423346678913,5.305996628723216
60,500101231,2004,12.077844311377245,11.851033298782996,2.779076986319478,2.5818363273453095,0.19724065897416843,-7.6395492961776865
60,500101232,2004,5.072355289421158,5.330919880694262,3.100161578918009,3.3942115768463075,-0.29404999792829845,8.663278386479124
60,500101233,2004,6.986027944111776,7.8264353720543935,3.4167753620723125,3.3223552894211577,0.09442007265115482,-2.841961934408445
60,500101234,2004,6.525948103792415,6.941847144157427,2.5480888767265863,2.5049900199600796,0.04309885676650671,-1.7205200988063636
60,500101235,2004,4.663672654690619,5.222204559637013,2.225478481880185,2.3268463073852295,-0.10136782550504453,4.356446972166186
60,500101236,2004,7.910179640718563,7.964254937539101,2.944521052975752,3.159181636726547,-0.21466058375079466,6.79481614020838
60,500101237,2004,8.120259481037925,8.611247156986176,3.1698374102116245,3.311377245508982,-0.14153983529735736,4.274349456538641
60,500101238,2004,9.109780439121757,9.277802833694706,2.97461157183851,2.934131736526946,0.040479835311564294,-1.3796188769451505
60,500101239,2004,6.855788423153693,6.7846662291189395,2.4246805018490374,2.7559880239520957,-0.33130752210305836,12.021370166477077
60,500101240,2004,17.394211576846306,17.379131495429004,3.560808964846697,3.8263473053892216,-0.2655383405425247,6.939734408544855
60,500101241,2004,5.476546906187624,6.081983013492738,2.4030940044563893,2.471057884231537,-0.06796387977514762,2.750396103986184
60,500101242,2004,6.229041916167665,6.371956517175789,2.4256236038913364,2.595309381237525,-0.16968577734618862,6.538171463214035
60,500101243,2004,5.927644710578842,6.498814042339248,2.390020272017757,2.439620758483034,-0.049600486465276816,2.0331228242261146
60,500101244,2004,7.720059880239521,7.661636835377322,2.5273120470203208,2.6791417165668663,-0.15182966954654553,5.667101094641036
60,500101245,2004,10.392215568862275,10.190944513403517,1.9075791867598948,1.903193612774451,0.004385573985443703,-0.23043236147952753
60,500101246,2004,9.32934131736527,9.486328906514153,3.1827571590562087,3.4481037924151696,-0.2653466333589609,7.695436371220806
60,500101247,2004,5.990019960079841,6.656329177801705,3.563766248726425,3.4840319361277445,0.07973431259868047,-2.2885643432792273
60,500101248,2004,9.53942115768463,9.639735559395548,3.1501193852935443,3.149201596806387,0.0009177884871571784,-0.029143529207146024
60,500101250,2004,3.938622754491018,5.320910007555551,2.3171701092480887,2.0479041916167664,0.26926591763132235,-13.148364983751707
60,500101251,2004,7.523952095808383,7.8076471463790345,4.48162739978829,4.720059880239521,-0.23843248045123122,5.051471517330239
60,500101252,2004,5.717065868263473,5.662771351676498,2.7545671388639996,3.1636726546906186,-0.409105515826619,12.931347850418684
60,500101253,2004,7.5184630738522955,7.729057472177154,3.140304814194993,3.378243512974052,-0.23793869877905882,7.04326665218957
60,500101254,2004,11.694610778443113,11.968496224317802,4.004342710362776,4.111776447105789,-0.10743373674301271,2.6128301994295806
60,500101255,2004,8.684131736526947,8.710315172028562,3.5683910403864303,3.9221556886227544,-0.35376464823632414,9.019648283277274
60,500101256,2004,7.309880239520958,7.7340559723876785,2.2460298370140306,2.190119760479042,0.05591007653498847,-2.552831929280403
60,500101257,2004,8.709081836327345,8.82119546465591,2.787295325340958,2.934131736526946,-0.1468364111859879,5.00442462613469
60,500101258,2004,8.50748502994012,8.80528877308529,3.4929573174200237,3.6392215568862274,-0.1462642394662037,4.019107855344471
60,500101259,2004,6.55189620758483,6.44434904505118,2.0981172694959542,2.18063872255489,-0.08252145305893599,3.7842789915356456
60,500101260,2004,5.889221556886228,6.779609832199843,1.486879875773059,1.1841317365269461,0.3027481392461129,-25.567099496384753
60,500101261,2004,9.138223552894212,9.057401086152746,2.8452609839484757,2.817864271457086,0.027396712491389863,-0.9722509621523868
60,500101262,2004,8.559880239520957,8.94752982447763,3.006304862935044,3.090818363273453,-0.08451350033840921,2.734340566325025
60,500101264,2004,6.065868263473054,6.412317482096366,2.9240571874476298,2.8922155688622753,0.0318416185853545,-1.100942091874576
60,500101265,2004,8.164670658682635,8.034304233288086,2.8383588039905163,3.1092814371257487,-0.27092263313523235,8.713351898619894
60,500101267,2004,7.557385229540918,7.458837812934921,1.70413087602061,1.5858283433133733,0.11830253270723667,-7.459983497334873
60,500101268,2004,5.4875249500998,6.008551689063499,2.044024250385184,1.9895209580838322,0.05450329230135176,-2.7395183790295694
60,500101269,2004,4.197105788423154,5.907639715121277,3.9021418124623932,3.4236526946107784,0.47848911785161485,-13.975982978787876
60,500101270,2004,4.842315369261477,5.102705513899885,2.128526442872301,2.2949101796407185,-0.16638373676841756,7.250119775688384
60,500101271,2004,3.593812375249501,4.184915638187754,2.033616619159998,2.13373253493014,-0.10011591577014212,4.692055547319102
60,500101272,2004,6.452594810379241,6.502022295184173,2.094960420637436,2.1497005988023954,-0.05474017816495946,2.546409402102571
60,500101273,2004,2.834331337325349,3.567523397539744,1.7226032988640825,1.3932135728542914,0.3293897260097911,-23.64244308465693
60,500101274,2004,8.009481037924152,9.51552384100132,4.60733560411161,4.1786427145708585,0.42869288954075113,-10.259141994741645
60,500101276,2004,7.9446107784431135,8.094703610436857,5.175464681460575,5.367265469061876,-0.19180078760130126,3.573528991753512
60,500101277,2004,7.0648702594810375,7.129367357878595,2.325159994760682,2.507984031936128,-0.18282403717544593,7.289681068436005
60,500101279,2004,2.3842315369261478,3.1469369437063612,1.7625720878305262,1.7310379241516967,0.03153416367882955,-1.8216910928905858
60,500103001,2004,20.49500998003992,20.01715875220517,3.5402669399733084,3.99750499001996,-0.4572380500466515,11.438085785713266
60,500103002,2004,9.793413173652695,10.549295640338986,3.457641415206661,3.5229540918163673,-0.06531267660970652,1.8539179026324628
60,500103003,2004,8.652694610778443,8.24180674777111,2.0633548963848845,2.0798403193612773,-0.016485422976392883,0.7926292621087173
60,500103004,2004,14.222055888223553,14.050322604371658,5.201368778019349,5.744011976047904,-0.5426431980285553,9.447111187987359
60,500103005,2004,20.060878243512974,19.661645863146695,4.059945071052263,4.142714570858283,-0.08276949980602044,1.9979532355006622
60,500103006,1793,7.26659230340212,7.132653137656938,1.8017812568372513,1.6681539319576129,0.13362732487963846,-8.010491257411962
60,500103007,2004,7.347305389221557,7.375583375572167,2.151853180562247,2.378243512974052,-0.22639033241180506,9.519224216392306
60,500103008,2004,15.800898203592814,15.767445139696775,3.1905658133980714,3.3722554890219563,-0.18168967562388483,5.387779075913956
60,500103009,2004,23.93562874251497,23.002869144169665,9.104201114756524,9.714071856287426,-0.6098707415309015,6.278219376523997
60,500103010,2004,15.763972055888223,16.187025527231057,3.2116914339907736,3.1711576846307383,0.04053374936003529,-1.2782003732102396
60,500103011,2004,17.753992015968063,18.193632051775364,3.726818996362827,4.054890219560878,-0.32807122319805115,8.09075475373978
60,500103012,2004,13.494011976047904,13.578545544174197,1.8259701091169338,1.9790419161676647,-0.15307180705073087,7.734641990157959
60,500103013,2004,9.22305389221557,9.372219106313509,2.074035762639778,2.1167664670658684,-0.042730704426090504,2.0186782571873025
60,500103019,2004,5.907185628742515,6.423707084699742,2.2261145322732077,2.031437125748503,0.19467740652470455,-9.583235634377496
60,500103020,2004,14.678143712574851,15.037516992432929,2.9308344967955122,3.182634730538922,-0.25180023374340976,7.911691257789169
60,500103021,2004,14.854291417165669,14.605167083869071,3.9723749837646585,4.139720558882235,-0.16734557511757675,4.04243650597425
60,500103022,2004,7.054890219560878,6.950425455422967,1.9076935427040262,2.034930139720559,-0.12723659701653256,6.252627278595666
60,500103023,2004,7.127245508982036,7.788911970851897,2.843496208916527,2.846806387225549,-0.003310178309021694,0.11627690326519675
60,500103024,2004,7.708582834331337,9.031973746931369,3.7876655243891637,3.343313373253493,0.4443521511356705,-13.290771804117668
60,500103025,2004,5.93562874251497,6.750471801652785,3.096451498850196,3.002994011976048,0.09345748687414801,-3.11214363070443
60,500103026,2004,2.8612774451097804,4.072576737734,2.2809934476035894,1.9271457085828343,0.35384773902075506,-18.36123430858605
60,500103027,2004,9.045908183632735,10.167396435171893,3.940534075800623,4.122754491017964,-0.18222041521734056,4.419870637806228
60,500103028,2004,14.221556886227544,14.919973782415472,5.4178942622158095,5.470059880239521,-0.05216561802371178,0.9536571658412553
60,500103029,2004,4.6162674650698605,4.696491891194221,2.0426685314628177,2.2330339321357284,-0.19036540067291075,8.524966769799176
60,500103030,2004,12.94311377245509,13.094089754608595,5.984305937151128,6.517964071856287,-0.533658134705159,8.187497335393804
60,500103031,2004,10.431137724550899,10.425300144143115,2.750190991778007,2.8283433133732534,-0.07815232159524621,2.7631837063668563
60,500103032,2004,4.500499001996008,4.933842833547467,1.7113150081108275,1.5479041916167664,0.16341081649406108,-10.556907680660812
60,500103033,2004,8.317365269461078,8.421554703333035,2.6897761810626357,2.718562874251497,-0.02878669318886118,1.058893780295114
60,500103034,2004,14.34181636726547,13.894702247951454,4.542300130573628,4.779940119760479,-0.23763998918685036,4.971610171525715
60,500103035,2004,14.718063872255488,14.548893136187413,3.7598599776026167,4.0249500998003995,-0.26509012219778283,6.586171644983347
60,500103036,2004,4.261477045908183,5.025349193324712,1.9628966263798913,1.9461077844311376,0.01678884194875363,-0.8626881862898019
60,500103037,2004,11.036926147704591,10.806721593116055,4.5258138183051395,5.0124750499002,-0.48666123159506025,9.709000578561481
60,500103038,2004,9.410179640718562,9.173403667541722,2.772207826257971,2.99750499001996,-0.22529716376198916,7.516156420493196
60,500103039,2004,10.625748502994012,11.46147158817412,3.1150734202898938,3.106287425149701,0.00878599514019296,-0.28284553029633236
60,500103040,2004,12.305888223552895,12.83800205483319,3.1989491303925117,3.414171656686627,-0.2152225262941152,6.303799220891651
60,500103041,2004,14.169161676646707,13.884797716153201,2.2371613136229955,2.093313373253493,0.14384794036950233,-6.871782419558585
60,500103042,2004,6.424151696606787,6.544030322599556,2.7390446439455927,3.002994011976048,-0.2639493680304552,8.789540271402995
60,500103043,2004,7.981037924151696,8.096207097021042,3.186763340846282,3.3922155688622753,-0.2054522280159934,6.056579360753909
60,500103044,2004,17.39570858283433,17.367023462485474,7.50398461547724,7.813373253493014,-0.30938863801577376,3.9597319618317197
60,500103045,2004,10.5124750499002,10.426603710224402,3.2323255160699222,3.5543912175648704,-0.3220657014949482,9.06106508207042
60,500103046,2004,4.818862275449102,5.700513401851205,2.3137337343599813,2.1292415169660677,0.18449221739391364,-8.664691906665173
60,500103047,2004,6.4510978043912175,7.38866415159396,3.3502872786812508,3.310379241516966,0.03990803716428459,-1.2055427566660586
60,500103048,2004,7.510978043912176,8.06318561869462,3.2821847408383356,3.436626746506986,-0.1544420056686504,4.493999990706772
60,500103049,2004,5.204091816367265,5.627898290876542,2.156344575884233,2.2355289421157685,-0.07918436623153546,3.5420863823213633
60,500103050,2004,16.646706586826348,16.109324078696748,4.358133097657187,4.424151696606787,-0.06601859894959983,1.4922318102300705
60,500103051,2004,8.33682634730539,8.157129380795743,3.1058746863705857,3.182634730538922,-0.07676004416833626,2.41183958158272
60,500103052,2004,5.760978043912176,6.963333952409188,2.741390306804198,2.3557884231536925,0.3856018836505055,-16.36827313780159
60,500103053,2004,5.652694610778443,5.884974574792802,2.902906134114054,3.158682634730539,-0.25577650061648516,8.097568834683036
60,500103054,2004,9.221057884231536,9.081658820849816,3.0930066482104985,3.2924151696606785,-0.19940852145017995,6.056603167416803
60,500103055,2004,6.191616766467066,6.498442522042714,2.456187475404854,2.5878243512974053,-0.13163687589255124,5.086777849762296
60,500103056,2004,5.667664670658683,5.879180361879488,2.0296786372150475,2.0863273453093814,-0.056648708094333866,2.715235853170176
60,500103057,2004,13.765968063872256,13.323650530582656,4.204944826995073,4.205588822355289,-0.0006439953602166426,0.015312846486404269
60,500103058,1793,21.085331846068044,20.126208373608684,4.173281409909249,4.308979364194088,-0.1356979542848391,3.149190163509145
60,500103059,2004,14.463073852295409,14.019326521907052,3.8898167429654062,3.937624750499002,-0.04780800753359582,1.2141331529251809
60,500103060,2004,4.8982035928143715,5.711704964258051,2.325868366249166,2.311377245508982,0.014491120740184105,-0.6269474517126284
60,500103061,2004,6.410678642714571,6.828303027483681,1.7877370918762525,1.7949101796407185,-0.007173087764466013,0.3996349146508171
60,500103062,2004,6.268962075848304,6.406888998560325,2.037070101198995,2.132734530938124,-0.09566442973912892,4.485529181029817
60,500103063,2004,6.632734530938124,6.588470087936998,2.2505731015620922,2.3637724550898205,-0.11319935352772825,4.788927685656901
60,500103064,2004,7.407185628742515,7.443958471797636,2.2327126551259298,2.3802395209580838,-0.14752686583215402,6.197984048797414
60,500103065,2004,7.627245508982036,7.458377126914719,2.532706221977818,2.784431137724551,-0.25172491574673295,9.04044321068912
60,500103066,2004,6.172654690618763,6.071821134763084,2.3948048120190157,2.6646706586826348,-0.269865846663619,10.127549751196488
60,500103068,2004,10.714071856287426,10.544285678564568,2.5742388546869557,2.6027944111776447,-0.02855555649068897,1.0971114878707957
60,500103069,2004,5.159181636726547,5.653503644524327,2.4106430486268984,2.4760479041916166,-0.0654048555647182,2.6415020264348104
60,500103070,2004,7.780938123752495,7.9049955771672,2.2794488784002174,2.409181636726547,-0.12973275832632947,5.3849305651608175
60,500103071,2004,6.262974051896207,6.469348624175801,2.4478187248456265,2.5089820359281436,-0.06116331108251716,2.4377739739332616
60,500103072,2004,5.30189620758483,5.690156780035871,2.081891019384576,2.147704590818363,-0.0658135714337873,3.0643679635992043
60,500103073,2004,8.573353293413174,8.29003625305321,2.152188697397887,2.3183632734530937,-0.16617457605520647,7.1677539908444645
60,500103074,2004,11.110778443113773,11.698703915319287,1.9478162765996108,1.7564870259481038,0.19132925065150697,-10.892722110955113
60,500103075,2004,4.057884231536926,4.630072492781509,1.719463624228666,1.5738522954091816,0.14561132881948446,-9.25190561047073
60,500103076,2004,6.8373253493013975,7.1820404511687,1.5493256690482522,1.4755489021956087,0.07377676685264345,-4.999954033571101
60,500103077,2004,4.736027944111776,5.43865391640546,1.9663500750384444,1.8323353293413174,0.134014745697127,-7.313876644254971
60,500103078,2004,10.954091816367265,10.886835686816127,2.6695663754624377,2.4221556886227544,0.24741068683968326,-10.214483239116714
60,500103079,2004,5.526946107784431,5.635295089261166,2.198601500164226,2.3542914171656686,-0.15568991700144252,6.6130265720833155
60,500103080,2004,8.744510978043913,8.439497957865886,2.0768365305101484,2.0404191616766467,0.03641736883350166,-1.7847984138502648
60,500103081,2004,6.233033932135728,6.323457900238749,2.0303756881701696,1.9500998003992016,0.08027588777096795,-4.116501512103884
60,500103082,2004,5.303393213572854,5.663977077953676,2.8908519240373898,3.0224550898203595,-0.1316031657829697,4.35418101748508
60,500103083,2004,13.49500998003992,13.778002792059283,2.4423787260995664,2.529940119760479,-0.08756139366091276,3.4610065660053086
60,500103084,2004,12.523453093812375,12.358967373593483,3.7149040799847564,3.747005988023952,-0.03210190803919577,0.8567349009261995
60,500103085,2004,9.3313373253493,8.988856224133695,2.0792170931429217,2.128243512974052,-0.04902641983113032,2.3036095039058653
60,500103086,2004,3.9575848303393215,4.89121489548539,2.419881836986959,2.2664670658682633,0.15341477111869573,-6.76889478912079
60,500103087,2004,7.858283433133733,7.896201914987234,1.8918138457913607,1.9291417165668663,-0.03732787077550559,1.934947052098117
60,500103088,2004,4.217065868263473,4.84748836477962,1.6935252448667393,1.6681636726546907,0.0253615722120486,-1.520328767961274
60,500103089,2004,6.1467065868263475,5.9998756361791115,1.8291202974779894,1.9630738522954092,-0.13395355481741977,6.823663544842634
60,500103090,2004,5.63872255489022,5.550273432026224,2.016763652578074,2.150199600798403,-0.13343594822032934,6.205747046496635
60,500104001,2004,6.711077844311378,6.811449693496906,2.652979597211462,2.9910179640718564,-0.33803836686039457,11.301783236373552
60,500104002,2004,7.434630738522954,7.244806439158275,2.13167016202943,2.2055888223552893,-0.07391866032585925,3.3514252328737997
60,500104003,2004,17.61626746506986,17.08337587164215,4.824515211671029,5.3163672654690615,-0.49185205379803243,9.251656803184316
60,500104004,2004,35.77794411177645,33.83217877728889,8.195104673256925,8.436626746506986,-0.2415220732500618,2.862780119436469
60,500104005,2004,6.812874251497006,7.314648034583132,2.1056927759978645,1.9341317365269461,0.1715610394709184,-8.870183774502593
60,500104006,2004,7.894710578842315,7.693458026116991,2.5405981538289817,2.8552894211576847,-0.314691267328703,11.021343930910884
60,500104007,2004,13.032934131736527,12.745262438160815,3.6643876297230222,3.9595808383233533,-0.29519320860033105,7.45516307542613
60,500104008,2004,17.784930139720558,18.299164780955763,3.649512783152283,3.7335329341317367,-0.08402015097945359,2.2504194408289893
60,500104009,2004,24.09880239520958,23.296494772286866,4.908603594032462,5.168163672654691,-0.2595600786222292,5.022288283855819
60,500104010,2004,15.371756487025948,14.960555316599226,4.99413870649312,5.348303393213573,-0.35416468672045287,6.622000673519196
60,500104012,2004,8.935129740518962,9.002478714589014,2.7107063913259757,2.7639720558882237,-0.053265664562248016,1.927141935055877
60,500104013,2004,5.110778443113772,5.814083772706844,2.017548681540216,1.9181636726546907,0.09938500888552526,-5.1812580074555825
60,500104014,2004,28.164670658682635,27.70599179478675,4.2464193980871405,4.404191616766467,-0.15777221867932667,3.582319581162142
60,500104015,2004,5.720558882235529,5.878068200787951,2.1718920104658213,2.44311377245509,-0.27122176198926873,11.101478983384283
60,500104016,2004,7.127744510978044,7.485003943923873,2.5776385360215603,2.6347305389221556,-0.05709200290059524,2.166901019181683
60,500104018,2004,4.847804391217565,5.091484499133916,1.9659516330423854,2.218562874251497,-0.2526112412091115,11.386255676632016
60,500104019,2004,8.518962075848304,8.766022868035279,2.469456550317596,2.308383233532934,0.16107331678466208,-6.977754579257736
60,500104020,2004,5.8662674650698605,6.544851157400751,2.6172629294299257,2.535928143712575,0.08133478571735075,-3.207298515890809
60,500104021,2004,16.525948103792416,16.605697673794644,3.9056107267492326,4.225548902195609,-0.31993817544637615,7.571517520011075
60,500104022,2004,8.084331337325349,8.43122520725716,2.662983686271798,2.8612774451097804,-0.19829375883798228,6.930252750458955
60,500104023,2004,15.844311377245509,15.239550174160701,4.087242614903614,4.239021956087824,-0.1517793411842101,3.5805273658994357
60,500104024,2004,14.076347305389222,13.985310918147187,3.3289908629685527,3.5019960079840318,-0.17300514501547903,4.940186814064121
60,500104025,2004,6.575349301397206,6.716666423985524,2.6544259605981613,3.024950099800399,-0.3705241392022378,12.248933932056824
60,500104026,2004,8.271956087824352,8.626117024941367,2.4642021449089984,2.498502994011976,-0.034300849102977704,1.372856033600306
60,500104027,2004,10.145708582834331,10.036103621806056,3.261589311691326,3.3657684630738522,-0.10417915138252631,3.0952560321806186
60,500104028,2004,10.1437125748503,10.796457179016691,3.569308121116735,3.4605788423153694,0.1087292788013654,-3.1419390730776677
60,500104029,2004,8.778942115768464,8.866800220664524,2.404157237009802,2.3912175648702596,0.012939672139542502,-0.5411332004933884
60,500104030,2004,21.84131736526946,20.94183805291805,3.7329186515067065,3.617764471057884,0.11515418044882253,-3.183020380957798
60,500104031,2004,20.92365269461078,20.89844934402867,8.422668449532456,9.557385229540918,-1.1347167800084623,11.872669697368341
60,500104032,2004,9.000998003992017,9.327106780835184,2.5019161903401783,2.6696606786427144,-0.16774448830253608,6.283363636603408
60,500104033,2004,9.782934131736527,10.131903247796078,2.2134305316667016,2.438622754491018,-0.2251922228243166,9.234401770819122
60,500104034,2004,7.952095808383233,7.7699895431483945,2.5902821305828843,2.7380239520958085,-0.14774182151292425,5.395928746344089
60,500104035,2004,16.275449101796408,15.31456580828445,4.616110622559559,4.687624750499002,-0.07151412793944267,1.5255941280673102
60,500104036,2004,21.331337325349303,21.56535004891561,4.853001181070531,4.832335329341317,0.020665851729213536,-0.4276576504062776
60,500104037,2004,8.055389221556887,8.16523483817625,2.4184136585533667,2.4850299401197606,-0.06661628156639399,2.680703378695854
60,500104038,2004,21.874750499001998,21.36761466502275,4.453461075996656,4.770958083832335,-0.31749700783567913,6.654785103050947
60,500104039,2004,16.74251497005988,16.1607713607932,3.655835901553235,3.789920159680639,-0.134084258127404,3.5379177523017455
60,500104040,2004,8.937624750499001,8.844790029311236,2.876806117750341,2.936127744510978,-0.05932162676063735,2.0204034675104903
60,500104041,2004,10.073353293413174,10.002514076690048,4.693876764050498,4.708083832335329,-0.014207068284830981,0.30175903383997127
60,500104042,2004,11.18313373253493,10.926212254417313,2.7302280448009437,2.7315369261477045,-0.0013088813467607707,0.047917395303408564
60,500104043,2004,9.50998003992016,9.458489263070646,2.407341117295908,2.568862275449102,-0.16152115815319412,6.2876534758935705
60,500104044,2004,11.418163672654691,11.591493978085143,4.257912609190071,4.619760479041916,-0.3618478698518448,7.832611051880504
60,500104045,2004,6.657185628742515,7.138786542420425,2.236783529867257,2.165668662674651,0.07111486719260629,-3.283737185575645
60,500104046,2004,8.071357285429142,8.716990504766212,4.476506773077239,4.663672654690619,-0.18716588161337988,4.013272274269348
60,500104047,2004,7.746506986027944,7.96085043221912,1.6399338805427552,1.6327345309381238,0.007199349604631422,-0.44093816038145994
60,500104048,2004,7.749500998003992,7.837677622709314,1.6033168840179974,1.3532934131736527,0.25002347084434473,-18.47518567743609
60,500104049,2004,7.137225548902196,7.136612813119693,1.5160072232648123,1.6656686626746506,-0.14966143940983834,8.985066644017856
60,500104050,2004,7.775449101796407,8.1080645317321,1.5259063408622144,1.4141716566866267,0.11173468417558774,-7.901069410299147
60,500104051,2004,17.44510978043912,16.763793898042344,2.7606864529457074,2.651696606786427,0.1089898461592802,-4.110192918765478
60,500104052,2004,5.588323353293413,5.757328419771435,1.0814996546996445,0.9920159680638723,0.08948368663577222,-9.020387727267984
60,500104054,2004,14.963572854291417,14.696950920769961,2.241977684208956,2.2425149700598803,-0.0005372858509242739,0.023959075328265352
60,500104055,2004,13.74251497005988,13.45343245713667,4.277020956654757,4.447105788423154,-0.1700848317683974,3.8246185240559734
60,500104056,2004,8.529940119760479,8.03030208085711,2.1930737890508283,2.2904191616766467,-0.09734537262581844,4.2501116937285435
60,500104057,2004,5.196606786427146,5.202894366395157,1.5368972810421933,1.6756487025948104,-0.1387514215526171,8.280460059304486
60,500104058,2004,11.578343313373253,11.46821333027837,1.5560547543381225,1.627744510978044,-0.0716897566399215,4.404238881250849
60,500104059,2004,7.270958083832335,7.236048768890307,2.250767457577371,2.372754491017964,-0.12198703344059325,5.141156992953709
60,500104060,2004,14.659181636726547,14.384851143404806,2.0451406174740256,2.098303393213573,-0.0531627757395472,2.5336076713924514
60,500104061,2004,9.469061876247505,9.66570694350428,1.5532042285426928,1.5044910179640718,0.04871321057862099,-3.237853200648639
60,500104062,2004,7.142714570858283,7.549423447142019,2.0243094970810116,2.05688622754491,-0.03257673046389842,1.5837886426407675
60,500104063,2004,7.7010978043912175,7.56503844575035,1.2446446610210533,1.1187624750499001,0.1258821859711532,-11.251913500722168
60,500104064,2004,12.527944111776447,12.228593515805917,2.0812419263213537,2.154690618762475,-0.07344869244112129,3.40878137220952
60,500104065,2004,10.667165668662674,10.306136996975207,2.5572701893481553,2.462574850299401,0.09469533904875416,-3.8453791176029046
60,500104066,2004,7.567864271457085,7.789752608504073,1.161793474109362,1.0369261477045908,0.12486732640477127,-12.042065549334053
60,500104067,2004,7.894211576846307,7.612324322282079,1.2952521338156326,1.1482035928143712,0.1470485410012614,-12.806835122404514
60,500104068,2004,5.331836327345309,5.603092850088759,0.9124913386964258,0.8353293413173652,0.0771619973790606,-9.237314381579298
60,500104070,2004,5.918662674650698,6.1681327385736076,1.438455794211676,1.3932135728542914,0.04524222135738465,-3.2473284957091275
60,500104071,2004,8.235528942115769,7.8969269043325605,2.684422726564906,2.780439121756487,-0.0960163951915809,3.453281693537834
60,500104072,2004,20.398203592814372,19.602695683266283,4.469395997603516,4.8053892215568865,-0.3359932239533707,6.992008523391016
60,500104073,2004,12.244510978043913,12.067360144959249,3.7384746910900657,4.172654690618763,-0.434179999528697,10.40536616904459
60,500104074,2004,13.942614770459082,13.729377331039665,3.0197739797488725,3.2175648702594812,-0.19779089051060872,6.14722308596867
60,500104075,2004,20.440119760479043,19.578585311206997,3.0163120288022807,2.6696606786427144,0.3466513501595663,-12.984846835883568
60,500104076,2004,6.784930139720559,7.7137809801992265,2.3045488961013003,2.025948103792415,0.2786007923088851,-13.751625314950882
60,500104077,2004,10.81187624750499,11.325608041698162,3.5762039676558595,3.527944111776447,0.048259855879412505,-1.367931417006261
60,500104078,2004,8.426646706586826,8.259698779822308,2.664315851984538,2.7954091816367264,-0.13109332965218856,4.689593584844446
60,500104079,2004,7.023952095808383,7.171532465157143,1.8638613392689456,1.9510978043912175,-0.0872364651222719,4.47114772647143
60,500104080,2004,7.460578842315369,7.39292817680181,1.0653545448579618,1.0538922155688624,0.011462329289099404,-1.0876187450452275
60,500104081,2004,11.057385229540918,11.118410461403991,2.5737005166378526,2.6801397205588824,-0.10643920392102979,3.9714050392430402
60,500104082,2004,4.956586826347305,5.327033855075278,2.5171308380725783,2.820359281437126,-0.3032284433645476,10.751411898488204
60,500104083,2004,6.931636726546906,7.27494575449787,1.6345018604419375,1.5079840319361277,0.12651782850580973,-8.389865265573881
60,500104084,2004,4.007984031936128,4.267853713207428,1.819787275508529,1.9775449101796407,-0.1577576346711118,7.977448899341612
60,500104085,2004,12.9186626746507,12.662538842333207,3.434065185507755,3.684630738522954,-0.25056555301519934,6.800289385732117
60,500104086,2004,5.134231536926148,5.339539660118585,1.2262306198999966,1.0279441117764472,0.19828650812354942,-19.289619528135585
60,500104087,2004,15.936127744510978,16.043317000890127,3.5554591874527395,3.5089820359281436,0.04647715152459586,-1.3245195059057182
60,500104088,2004,12.743013972055888,12.976252644878333,3.087699739970784,3.1102794411177643,-0.02257970114698038,0.7259701764567412
60,500104089,2004,8.604790419161677,9.322865966863205,2.0828544513222607,1.969061876247505,0.11379257507475571,-5.779024846675379
60,500104090,2004,19.86327345309381,19.766656197270375,2.1618539071944123,2.0199600798403194,0.14189382735409284,-7.024585721778706
60,500104091,2004,19.981037924151696,20.219047605347132,5.3756236763685505,5.525449101796407,-0.14982542542785637,2.7115519963643475
60,500104092,2004,5.741017964071856,5.76874733860095,1.505758574789569,1.5768463073852295,-0.07108773259566048,4.508222029167836
60,500104094,2004,6.652195608782435,6.3851936029476155,1.2810545901391703,1.2365269461077844,0.04452764403138598,-3.6010249652501014
60,500104095,2004,13.342315369261478,12.976258396080906,1.9171627976734362,2.037425149700599,-0.12026235202716262,5.902663567534506
60,500104096,2004,6.698602794411178,6.763537655778159,1.8604141634273181,1.9266467065868262,-0.0662325431595081,3.43771086484471
60,500104097,2004,3.87125748502994,4.005072221268591,1.2284209490276294,1.2879241516966067,-0.05950320266897724,4.62008594144248
60,500104098,2004,7.8562874251497,7.544660969571584,3.065651006911261,3.2739520958083834,-0.20830108889712262,6.362374365947779
60,500104099,2004,6.4446107784431135,6.565099132167941,2.0368175109695947,1.9595808383233533,0.07723667264624146,-3.9414894826347817
60,500104100,2004,5.288423153692615,5.323715197645993,1.6550604540993497,1.7080838323353293,-0.05302337823597969,3.1042608818259803
60,500104101,2004,8.131736526946108,7.913897321107727,1.7931502149879197,1.7884231536926147,0.0047270612953049795,-0.2643144764450664
60,500104102,2004,5.803393213572854,6.188819534954197,1.9531918968643853,2.07185628742515,-0.1186643905607645,5.72744312822187
60,500104103,2004,10.132235528942116,10.36869780264861,1.988585427170109,2.0049900199600796,-0.01640459278997053,0.8181882516451205
60,500104104,2004,10.04191616766467,9.950568321308303,3.666697881672036,3.9456087824351296,-0.27891090076309366,7.068893956358161
60,500104105,2004,10.47305389221557,9.95674098971915,2.1524467436853305,2.1187624750499,0.03368426863543039,-1.5898086280123058
60,500104106,2004,5.868263473053892,6.220995116661456,1.8796974880536566,1.9580838323353293,-0.07838634428167279,4.003216970960048
60,500104107,2004,22.434630738522955,21.619455561603782,4.847519876705719,5.232035928143713,-0.38451605143799394,7.349262442362803
60,500104108,2004,18.952594810379242,19.00843194005821,6.481411095116788,6.8293413173652695,-0.3479302222484817,5.094638063612139
60,500104109,2004,8.9875249500998,9.019070161356094,2.2988029436967645,2.407185628742515,-0.10838268504575055,4.502464776776204
60,500104110,2004,5.757984031936128,5.690742015830346,1.7004725267328165,1.7644710578842315,-0.06399853115141507,3.627066075436533
60,500104112,2004,12.553892215568862,12.289152575092336,4.29274278008662,4.540419161676646,-0.24767638159002647,5.454923274056633
60,500104113,2004,6.653692614770459,6.736500222393496,2.4473375704272233,2.708582834331337,-0.26124526390411384,9.645090435958808
60,500104114,2004,10.597804391217565,10.3463968339116,2.880189324053088,3.0159680638722555,-0.13577873981916744,4.501995277922097
60,500104115,2004,6.083333333333333,6.350975559363934,2.7604502722526685,2.9011976047904193,-0.14074733253775085,4.851352844954467
60,500104116,2004,14.271457085828343,13.683518385790952,2.5439728200932628,2.657185628742515,-0.11321280864925232,4.260628517053552
60,500104117,2004,10.627245508982035,10.529027923103321,1.6814918973322057,1.6616766467065869,0.01981525062561884,-1.1924853529651698
60,500104118,2004,7.638223552894211,7.424345091593159,1.3911598253332946,1.2904191616766467,0.10074066365664791,-7.806817090793596
60,500104119,2004,5.778942115768463,5.9957878542478795,1.7419213172046177,1.627744510978044,0.11417680622657378,-7.014418138505636
60,500104120,2004,5.393213572854291,5.715240271500978,1.927603113132928,2.0,-0.07239688686707191,3.6198443433535954
60,500104121,2004,7.01746506986028,6.847225207025228,2.475403298382503,2.5424151696606785,-0.06701187127817532,2.6357564286842656
60,500104122,2004,5.963073852295409,6.09221149972671,0.9862433882099293,0.875249500998004,0.11099388721192527,-12.681399656368201
60,500104123,2004,12.863772455089821,12.739961081662685,2.464636607461981,2.3572854291417165,0.10735117832026475,-4.554016963459157
60,500104124,2004,6.186127744510978,6.395786783490699,1.9989024526992754,2.1377245508982035,-0.1388220981989281,6.493918879333612
60,500104125,2004,7.557385229540918,7.396254350394501,2.143003461096931,2.406686626746507,-0.2636831656495757,10.95627335603877
60,500104126,2004,12.133233532934131,12.031660633179706,2.5220267226931297,2.8018962075848304,-0.2798694848917007,9.988574313855178
60,500104128,2004,7.511477045908183,7.270924085071134,2.6815612291259017,3.0379241516966067,-0.356362922570705,11.73047465229456
60,500104129,2004,7.030938123752495,7.133681144247904,1.1096487993762565,1.1287425149700598,-0.01909371559380335,1.6915917793979627
60,500104130,2004,8.37874251497006,7.970017975290515,1.5942829551902233,1.4770459081836327,0.11723704700659066,-7.93726493922999
60,500104131,2004,6.11377245508982,6.313903746602681,0.9599202714041252,0.875249500998004,0.08467077040612114,-9.673901020174844
60,500104132,2004,10.505988023952096,10.530171412656202,2.8188827390600317,2.975049900199601,-0.1561671611395692,5.249228294594039
60,500104133,2004,8.52694610778443,8.44824725829228,1.2720476668627014,1.094311377245509,0.17773628961719234,-16.241838777603892
60,500104134,2004,13.112275449101796,12.814711786372415,1.7290249462167713,1.6217564870259482,0.10726845919082306,-6.614338222104904
60,500104135,2004,10.820858283433134,10.611739938682845,2.1581124994190977,2.19311377245509,-0.03500127303599232,1.5959624838254518
60,500104136,2004,7.181137724550898,7.366731214689395,1.4119632708438397,1.2934131736526946,0.11855009719114507,-9.165678810611679
60,500104137,2004,7.098802395209581,7.452455060742366,1.7668445907467005,1.6322355289421158,0.13460906180458476,-8.246914089158908
60,500104138,2004,5.339820359281437,5.570252568700123,0.5967093687126133,0.4091816367265469,0.18752773198606637,-45.829948158545974
60,500104139,2004,5.873253493013972,5.886582057784924,1.9321535291201994,1.996506986027944,-0.06435345690774463,3.2233023654866346
60,500104140,2004,10.082335329341317,9.801366475306148,2.8323826259557303,2.874251497005988,-0.04186887105025772,1.4566878052902164
60,500104141,2004,11.655688622754491,11.362123359860702,2.771184071321074,2.8243512974051894,-0.053167226084115615,1.8824579694799948
60,500104142,2004,8.031936127744512,8.254042454204964,3.6758167941910727,3.942115768463074,-0.2662989742720012,6.755229676469499
60,500104143,2004,10.706087824351297,10.689960286195912,1.4016451650354809,1.3982035928143712,0.0034415722211096345,-0.2461424243791473
60,500104144,2004,7.466067864271457,7.266647474553861,2.4369664036655836,2.7410179640718564,-0.3040515604062728,11.092651138797937
60,500104145,2004,4.401696606786427,4.994403703639485,1.3459949867706833,1.0998003992015968,0.24619458756908652,-22.38538808931259
60,500104146,2004,9.121756487025948,8.917227396677694,0.9994727695047134,0.7345309381237525,0.26494183138096095,-36.06952650050582
60,500104147,2004,10.559880239520957,10.534206554612343,2.1995817064805574,2.193612774451098,0.005968932029459584,-0.2721050906969292
60,500104148,2004,5.420159680638722,5.315470437959347,1.9267857150776313,2.065369261477046,-0.1385835463994145,6.709867769616493
60,500104149,2004,5.263972055888224,5.7306566540615504,1.6710162804130382,1.6307385229540918,0.04027775745894635,-2.469908994728534
60,500104150,2004,8.94810379241517,8.757238834669145,1.4217151375138968,1.379241516966068,0.04247362054782888,-3.0794911569409944
60,500104151,2004,9.230039920159681,8.878002217711995,2.868768638190698,3.0454091816367264,-0.17664054344602853,5.800223645188288
60,500104152,2004,7.479540918163672,7.694788459271757,1.7178400957228317,1.685129740518962,0.03271035520386967,-1.9411179102325975
60,500104153,825,7.96969696969697,8.148281651657081,2.151590021227503,2.3163636363636364,-0.16477361513613342,7.113460622046576
60,500104154,2004,7.906686626746507,7.7518379082878965,0.5475198912987743,0.3143712574850299,0.2331486338137444,-74.16347018456251
60,500104155,2004,9.029940119760479,9.01526120778183,2.2228257809051506,2.3582834331337326,-0.13545765222858197,5.74390890956577
60,500104156,2004,7.846307385229541,7.9130458849964285,1.275494714408942,1.280439121756487,-0.004944407347545088,0.3861493501356335
60,500104157,2004,9.992015968063873,9.649804543026779,1.092662114361468,0.9955089820359282,0.0971531323255399,-9.759141713302354
60,500104158,2004,8.129241516966069,7.793917892036995,1.4447436128179425,1.437125748502994,0.007617864314948486,-0.5300763919151654
60,500104159,2004,7.867265469061876,7.850351445487784,2.065864722568016,2.155688622754491,-0.08982390018647513,4.16683092531704
60,500105001,2004,15.75499001996008,15.431836955275548,5.843615645023997,6.160678642714571,-0.31706299769057456,5.14655959316306
60,500105002,2004,6.080339321357285,6.5227171787898035,3.1507796904960763,3.3003992015968064,-0.14961951110073013,4.533376175474194
60,500105003,2004,12.76497005988024,12.357686791034217,4.27489218098532,4.4575848303393215,-0.1826926493540011,4.098467136520969
60,500105004,2004,16.847804391217565,16.275132133427064,3.5137894561434644,3.6721556886227544,-0.15836623247929005,4.312623045094405
60,500105005,2004,5.978043912175648,5.950417584528066,3.315112926577193,3.730538922155689,-0.415425995578496,11.135817216951658
60,500105006,1896,7.909282700421941,7.749808557776256,2.1379715770939547,2.267405063291139,-0.12943348619718442,5.708441261452935
60,500105007,2004,19.910678642714572,20.0745825500219,4.45504436183319,5.009980039920159,-0.5549356780869692,11.076604570580542
60,500105008,2004,14.172155688622755,14.316572125493325,3.0691460914007127,3.094810379241517,-0.025664287840804434,0.8292685074648837
60,500105009,2004,15.3687624750499,14.514352459540946,3.527119421961559,3.7634730538922154,-0.2363536319306565,6.280199925603761
60,500105010,2004,14.540918163672655,14.280877618162338,3.5690698919318056,4.022954091816367,-0.45388419988456175,11.282360910055344
60,500105011,2004,10.8562874251497,10.456101376210603,3.301663686422098,3.529940119760479,-0.22827643333838132,6.466864184480014
60,500105012,2004,16.493512974051896,15.952462396021158,3.3418136552467197,3.524950099800399,-0.1831364445536794,5.19543367618309
60,500105013,2004,13.116766467065869,12.71406232344953,3.4432717492318057,3.68063872255489,-0.23736697332308454,6.449070153734564
60,500105014,2004,6.205588822355289,6.339860878647536,2.2711010208647213,2.345808383233533,-0.07470736236881148,3.1847171705402726
60,500105015,2004,5.5873253493013975,5.719856553982126,2.5013616091744857,2.5508982035928143,-0.04953659441832858,1.9419275276668717
60,500105016,2004,12.723552894211577,12.523410936425726,3.544589755494218,3.8278443113772456,-0.2832545558830275,7.399845261238263
60,500105017,2004,6.104291417165669,6.49223339406048,2.3373424218104515,2.4151696606786426,-0.0778272388681911,3.2224336093358463
60,500105018,2004,25.128243512974052,24.726739963267008,4.248924837880375,4.503493013972056,-0.2545681760916816,5.652682824240774
60,500105019,2004,8.476047904191617,9.470105942492,3.503823024337977,3.18562874251497,0.31819428182300724,-9.988429523391394
60,500105020,2004,8.248502994011975,8.998397959133216,2.4772132174728907,2.465069860279441,0.0121433571934495,-0.49261716226058294
60,500105021,2004,5.37375249500998,6.305128148234733,1.9551499815386246,1.717564870259481,0.2375851112791436,-13.832671789756066
60,500105022,2004,16.851796407185628,16.358046194315047,3.232719013395143,3.318862275449102,-0.08614326205395884,2.5955660375301983
60,500105023,2004,9.798902195608783,10.450790206034181,3.305261090787167,3.3627744510978044,-0.057513360310637474,1.7102949111517658
60,500105024,2004,13.608283433133732,13.680484336016335,2.639626310284733,2.7040918163672654,-0.06446550608253254,2.3839984164863486
60,500105025,2004,11.166167664670658,11.159382937597345,1.9347590355554023,1.8842315369261478,0.05052749862925454,-2.6815971200483606
60,500105026,2004,11.110279441117765,11.462901457000251,2.2213261083910942,2.215568862275449,0.005757246115645209,-0.25985408143587835
60,500105027,2004,15.803892215568862,15.804104329907448,2.536550088539329,2.885229540918164,-0.348679452378835,12.084981365741704
60,500105028,2004,13.963073852295409,13.73802591638854,3.660305062504425,3.6052894211576847,0.055015641346740196,-1.5259701765933198
60,500105029,2004,12.254491017964073,12.253724384768756,2.024563299927513,2.082834331337325,-0.058271031409812046,2.797679610571714
60,500105030,2004,9.776447105788423,9.637085084100097,2.2162338695671555,2.0838323353293413,0.1324015342378142,-6.353751786699704
60,500105031,2004,12.48303393213573,12.339466041884105,2.4476973456247086,2.5743512974051894,-0.12665395178048078,4.919839491530984
60,500105032,2004,18.98303393213573,17.953718467114232,2.7881659539380848,2.7954091816367264,-0.007243227698641608,0.2591115370952835
60,500105033,2004,10.714570858283434,11.848360608444768,2.7188960069782735,2.710079840319361,0.008816166658912383,-0.32531021882637484
60,500105034,2004,6.757984031936128,6.994334771165157,1.5834848187247308,1.3223552894211577,0.26112952930357314,-19.74730478205134
60,500105035,2004,10.79940119760479,11.281417303229016,2.2394948208518093,2.2824351297405188,-0.04294030888870948,1.8813375385433713
60,500105036,2004,11.430139720558882,11.487158830373147,2.786275934127974,2.714570858283433,0.071705075844541,-2.6414884557437532
60,500105037,2004,10.192115768463074,10.32289301519206,1.7873322384824082,1.845309381237525,-0.057977142755116784,3.1418657133924834
60,500105038,2004,13.344810379241517,12.867819416371614,2.2961599098605094,2.415668662674651,-0.11950875281414142,4.947232816350741
60,500105039,2004,6.229540918163672,6.215598982421264,1.98640546605555,2.093812375249501,-0.10740690919395113,5.129729409549048
60,500105040,2004,6.167165668662674,6.124838781806046,1.4332357289636202,1.4141716566866267,0.01906407227699347,-1.348073424244704
60,500105041,2004,5.67315369261477,5.835473185879024,1.7177957248476163,1.7834331337325349,-0.06563740888491854,3.6803964019411515
60,500105042,2004,10.937624750499001,10.61653881503564,0.9694993140152153,0.8842315369261478,0.08526777708906752,-9.643150411201542
60,500105043,2004,5.559880239520958,5.504412462762173,1.6258465042514714,1.7290419161676647,-0.1031954119161933,5.968358022512305
60,500105044,2004,4.1312375249501,4.6213625444758115,1.3440661301865025,1.1122754491017963,0.23179068108470613,-20.839323682985693
60,500105046,2004,4.644211576846307,4.998332531319735,1.9216274752871392,2.05938123752495,-0.13775376223781088,6.689085038152968
60,500105047,2004,6.0264471057884235,6.149574004612272,2.7138540638451154,3.1072854291417165,-0.39343136529660105,12.661577903555301
60,500105048,2004,7.438622754491018,7.3188749685856225,2.8753193712692777,2.9301397205588824,-0.054820349289604664,1.8709124655375977
60,500105049,2004,9.405688622754491,9.594991073574926,1.9323878210520053,2.0803393213572856,-0.14795150030528026,7.111892698771447
60,500105050,2004,9.847305389221557,9.500183686961833,2.4067312908556713,2.305389221556886,0.1013420692987852,-4.395876772181072
60,500105051,2004,2.0803393213572856,2.7513624632384213,1.073062083388251,0.7365269461077845,0.33653513728046647,-45.69216904539667
60,500105053,2004,9.1437125748503,9.166586571892761,2.127162395078717,2.273453093812375,-0.14629069873365808,6.434735738855373
60,500105054,2004,4.323852295409182,4.743926354077508,1.1938433394554033,1.0399201596806387,0.15392317977476466,-14.801442047438982
60,500105055,2004,17.76996007984032,17.382299841532014,3.342090926030054,3.570359281437126,-0.2282683554070717,6.3934281514433495
60,500105056,2004,6.159680638722555,5.9935993212600875,1.7344229202951011,1.813373253493014,-0.07895033319791289,4.353782821370871
60,500105057,2004,4.429141716566866,4.404825703617484,1.202393278886255,1.187624750499002,0.014768528387252955,-1.2435349112628118
60,500105058,2004,2.810379241516966,3.5680442251262234,0.9511911548003794,0.48902195608782434,0.4621691987125551,-94.50888512448576
60,500105059,2004,4.721556886227545,5.216623993738181,1.779782411608715,1.7310379241516967,0.048744487457018426,-2.815911007894636
60,500105060,2004,7.116766467065868,7.114653862604217,1.694822615940951,1.81437125748503,-0.11954864154407896,6.5889845339475865
60,500105061,2004,11.457584830339322,11.723324728069532,3.4496794061911036,3.5149700598802394,-0.06529065368913578,1.8575024133025002
60,500105063,2004,3.9236526946107784,4.046820096925639,1.440377691061803,1.3532934131736527,0.08708427788815021,-6.43498867580579
60,500105064,2004,4.938622754491018,5.337884403496836,0.9787078962055271,0.8532934131736527,0.1254144830318744,-14.697697309700368
60,500105066,2004,3.3682634730538923,4.2109288557475235,2.3165553861606045,2.2175648702594812,0.09899051590112329,-4.463928754857134
60,500105067,2004,16.49500998003992,16.114843068464975,3.760895822040942,4.037425149700598,-0.2765293276596563,6.849150570139059
60,500105068,2004,5.015469061876248,4.89814623868804,2.077940082919329,2.255489021956088,-0.17754893903675883,7.871860040479308
60,500105069,2004,12.211576846307386,12.207766435803856,2.7696477854663604,2.944610778443114,-0.17496299297675355,5.941803726917711
60,500105070,2004,36.12774451097805,35.10508968220512,7.790135055137405,8.567864271457086,-0.7777292163196812,9.077282175332796
60,500105071,2004,5.283932135728543,5.458297209245519,2.731430329009483,2.7744510978043913,-0.04302076879490846,1.5506046882193625
60,500105072,2004,8.184131736526947,8.339497728489517,1.5817388388551459,1.4900199600798403,0.0917188787753056,-6.155546988135044
60,500105073,2004,10.020459081836327,9.975935871375594,2.2483163183753367,2.340818363273453,-0.09250204489811642,3.951696823189625
60,500105074,2004,4.303892215568863,4.69436387982801,2.023170073760572,2.100798403193613,-0.0776283294330411,3.695182237145234
60,500105075,2004,5.360778443113772,5.460171285829347,1.884011858970291,1.847305389221557,0.03670646974873404,-1.987027697905538
60,500105076,2004,5.910678642714571,6.0909553972810775,1.6200247325625758,1.657684630738523,-0.03765989817594706,2.2718373252437662
60,500105077,2004,6.692614770459082,6.800988243653147,1.9801336397267293,2.136726546906188,-0.1565929071794585,7.328635824092359
60,500105079,2004,6.783433133732535,6.825919675954576,1.946690333515412,2.096806387225549,-0.15011605371013692,7.159271100312099
60,500105080,2004,5.250499001996008,5.756679908244134,1.9845120583137967,1.9206586826347305,0.06385337567906624,-3.324556114857073
60,500105081,2004,16.959580838323355,16.074134200686963,3.2093629023562333,3.3622754491017965,-0.1529125467455632,4.547888745593776
60,500105082,2004,7.333333333333333,7.148886982789861,2.1653198950248096,2.2365269461077846,-0.07120705108297498,3.18382263209018
60,500105083,2004,7.530938123752495,7.351644710992295,1.7965133620119995,1.905189620758483,-0.10867625874648357,5.704222695860479
60,500105084,2004,12.949600798403194,12.825613372623605,1.616493937071306,1.721057884231537,-0.10456394716023087,6.075562485042119
60,500105085,2004,5.107285429141717,5.213628458628642,1.495447979031855,1.589820359281437,-0.09437238024958217,5.936040490275036
60,500105086,2004,6.7315369261477045,6.924720116682107,2.060498300102166,2.158682634730539,-0.09818433462837284,4.548345043810891
60,500105087,2004,10.774451097804391,10.179839569918487,2.659311374945563,2.726546906187625,-0.06723553124206205,2.4659590887461995
60,500105088,2004,6.303393213572854,6.553721488154101,1.4103049978856428,1.4271457085828343,-0.016840710697191508,1.1800274208801322
60,500105089,2004,11.800898203592814,11.895772227669514,2.709664457757863,2.88373253493014,-0.17406807717227712,6.036207417429371
60,500105090,2004,8.488522954091817,8.694183930383435,2.7776764549529545,2.600798403193613,0.17687805175934157,-6.800913578774377
60,500105091,2004,5.82185628742515,6.005925064219996,2.058705577398342,2.342814371257485,-0.2841087938591431,12.126816249067579
60,500105092,2004,10.07684630738523,9.721105036771524,1.9848222604607917,1.8852295409181636,0.09959271954262805,-5.282790099614257
60,500105093,2004,3.2440119760479043,3.6909237523849456,1.1602880031616278,0.9121756487025948,0.248112354459033,-27.200063366296614
60,500105094,2004,8.0938123752495,8.024709166381902,1.8096142777043023,1.8642714570858283,-0.05465717938152603,2.931825146696418
60,500105095,2004,5.299900199600798,5.5270355597406935,1.9821419913627127,2.13373253493014,-0.15159054356742718,7.104477299090834
60,500105096,2004,6.124750499001996,6.137663320356746,2.105745092181448,2.2045908183632736,-0.09884572618182563,4.483631400370723
60,500105097,2004,4.911676646706587,5.193126299670809,1.6332539415710454,1.6167664670658684,0.01648747450517707,-1.0197808305053964
60,500105098,2004,8.280938123752495,8.132350811229909,2.1090433998298725,2.2480039920159682,-0.1389605921860957,6.181510027545744
60,500105100,2004,7.245508982035928,7.2912785572814,1.4356677307338865,1.2794411177644711,0.15622661296941542,-12.210535584661018
60,500105101,2004,5.358782435129741,5.863309438981412,1.9043875445642422,1.7974051896207586,0.10698235494348363,-5.9520444005202995
60,500105102,2004,6.56187624750499,6.777848419021425,1.7258055799821626,1.7774451097804391,-0.05163952979827657,2.9052672014527303
60,500105103,2004,9.127744510978044,9.379217178105323,1.4413002265223267,1.4760479041916168,-0.0347476776692901,2.3541023005158
60,500105104,2004,4.463572854291417,4.8700724710316265,1.5459091807853294,1.3463073852295409,0.1996017955557885,-14.825870952327657
60,500105106,2004,9.689121756487026,9.494787061922088,1.842914164354061,1.9850299401197604,-0.14211577576569945,7.1593769390261865
60,500105107,2004,10.79441117764471,10.727757213342198,1.8517863051243812,1.840319361277445,0.01146694384693614,-0.6230953218345994
60,500105108,2004,4.69560878243513,5.29026558745476,1.563562149576671,1.467065868263473,0.09649628131319798,-6.57750162420574
60,500105109,2004,7.021457085828343,6.872625835022738,2.6449887836132877,2.914171656686627,-0.2691828730733392,9.23702872669472
60,500105110,2004,10.468063872255488,10.230969115763655,1.4582339663594883,1.3982035928143712,0.06003037354511709,-4.29339288309831
60,500105111,2004,13.409181636726547,13.360999063159568,2.37469913298143,2.4241516966067866,-0.04945256362535666,2.03999459664913
60,500105112,2004,7.736027944111776,7.838396663481096,1.2948559408107494,1.216067864271457,0.07878807653929232,-6.478921025225351
60,500105113,2004,8.539920159680639,8.668381976798452,1.609634365025678,1.5164670658682635,0.0931672991574144,-6.143707387675501
60,500105114,2004,4.449600798403194,4.897555610891614,0.9872394264840001,0.7644710578842315,0.22276836859976856,-29.140196519186436
60,500105115,2004,15.102794411177644,15.073068282476703,2.2927649912936654,2.157684630738523,0.1350803605551425,-6.260431141362294
60,500105116,2004,3.248502994011976,3.8270518153313056,1.6126658783420729,1.6097804391217565,0.002885439220316366,-0.17924427146664593
60,500105117,2004,5.620259481037924,6.012319371831914,2.5597412616695783,2.5753493013972055,-0.015608039727627254,0.6060552531324359
60,500105118,2004,9.411177644710579,9.409598786558806,1.3748299203408305,1.3622754491017963,0.012554471239034193,-0.921580965678554
60,500105119,2004,7.930638722554891,8.008872807341119,1.3845451717020079,1.3682634730538923,0.016281698648115572,-1.1899534679366741
60,500105120,2004,4.9895209580838324,5.3792796653755435,0.9676218293260543,0.8822355289421158,0.08538630038393857,-9.678401921346884
60,500105121,2004,8.463073852295409,8.368622986946942,2.34678133786427,2.5239520958083834,-0.17717075794411352,7.019576886516478
60,500105122,2004,6.180139720558882,6.5192349263066225,1.3843876459744469,1.3782435129740518,0.006144133000395069,-0.445794443620265
60,500105123,2004,6.663173652694611,7.366635143571693,1.9617228328433214,1.6497005988023952,0.3120222340409262,-18.913870448215853
60,500105124,2004,5.153692614770459,5.107665000128353,1.3426970794624664,1.3273453093812375,0.0153517700812289,-1.1565769640143877
60,500105125,2004,4.422654690618763,4.815257170672752,2.1456578761640395,2.2055888223552893,-0.059930946191249834,2.717231135005988
60,500105126,2004,10.300399201596806,10.407385250802445,2.635204422994155,2.718063872255489,-0.08285944926133393,3.0484732204830767
60,500105128,2004,9.141716566866268,9.06529133090535,1.5056840840671302,1.498003992015968,0.007680092051162157,-0.512688356779779
60,500105129,2004,7.286427145708583,7.399511918820725,1.0511355809043297,0.9640718562874252,0.08706372461690448,-9.030833547219284
60,500105130,2004,7.9960079840319365,8.2921948090199,1.313270205011963,1.152694610778443,0.16057559423351986,-13.930454149089776
60,500106001,2004,4.940119760479042,5.316150120416971,2.679939341132871,2.38373253493014,0.296206806202731,-12.426176253512097
60,500106002,2004,5.891716566866267,6.509043190060896,3.2543489411596584,3.228043912175649,0.02630502898400966,-0.8148906799189265
60,500106003,2004,3.093812375249501,3.6638713754778394,2.4931884841196514,2.5199600798403194,-0.026771595720668007,1.0623817390934394
60,500106004,2004,4.194111776447106,4.367784450487913,2.597377688921795,2.710079840319361,-0.11270215139756612,4.158628455178098
60,500106005,2004,8.239021956087825,8.38157308296751,3.206530829569608,3.352295409181637,-0.14576457961202882,4.3482021069143455
60,500106006,2004,10.831836327345309,11.836675850941058,4.374209917968315,4.473053892215569,-0.098843974247254,2.2097648861166554
60,500106007,2004,8.634231536926148,9.251051063204745,3.7141173203258724,3.690119760479042,0.023997559846830274,-0.6503192688715059
60,500106008,2004,13.702594810379242,13.598123413589125,2.193496458906915,2.0793413173652695,0.1141551415416453,-5.489966490267751
60,500106009,2004,24.5873253493014,24.171167626589487,4.824861498367333,5.075349301397206,-0.2504878030298734,4.935380565056201
60,500106010,2004,16.125249500998002,16.153988403919293,4.687612005046326,5.044910179640719,-0.3572981745943933,7.082349573562454
60,500106011,2004,7.600798403193613,7.868751200583153,2.2918351192318918,2.104790419161677,0.1870447000702149,-8.886618751557863
60,500106012,2004,5.500499001996008,5.605699865154735,2.269536940119085,2.31187624750499,-0.0423393073859053,1.8313829484427848
60,500106013,2004,7.610279441117765,7.387690286287107,2.657403142238982,2.834331337325349,-0.17692819508636726,6.2423257562161965
60,500106014,2004,26.603293413173652,26.40321966848476,7.628082270286556,8.44560878243513,-0.8175265121485742,9.679900327005866
60,500106015,2004,4.053393213572854,4.653113973992001,2.120137523203877,1.9900199600798403,0.13011756312403655,-6.538505428800633
60,500106016,2004,3.5184630738522955,4.120894358447196,1.9286619249582588,1.9461077844311376,-0.0174458594728788,0.8964487790679261
60,500106017,2004,12.744011976047904,13.553639891554552,4.510917161941401,4.535429141716567,-0.02451197977516628,0.5404555778351109
60,500106018,2004,23.515469061876246,23.606982958335905,4.926475330544776,5.629740518962076,-0.7032651884172996,12.491964523916577
60,500106019,2004,6.7445109780439125,7.126453925450158,3.0470436721660996,3.18063872255489,-0.1335950503887906,4.200258565722253
60,500106020,2004,4.695109780439122,5.411438455199162,2.1685645305515155,2.038423153692615,0.1301413768589006,-6.384414179320362
60,500106021,2004,14.956087824351297,15.346029986422248,3.577154333759044,3.7060878243512976,-0.12893349059225345,3.478964792606381
60,500106022,2004,7.846307385229541,8.612321862109885,3.7302553936276666,3.7045908183632736,0.02566457526439292,-0.6927775973847442
60,500106023,2004,6.104790419161676,6.496489147080564,2.4703369927685275,2.4580838323353293,0.01225316043319813,-0.49848423686823085
60,500106025,2004,18.354790419161677,18.17108212141291,4.053207669410929,4.565369261477046,-0.5121615920661169,11.218404530555233
60,500106026,2004,8.251996007984031,8.389826281770123,1.9364512314552187,2.0379241516966067,-0.10147292024138799,4.97922948491042
60,500106027,2004,12.292914171656687,12.217918656745642,2.7416281593712677,2.9121756487025947,-0.17054748933132702,5.856359983207322
60,500106028,2004,7.049401197604791,6.974494306893875,1.9526586764507572,2.1302395209580838,-0.17758084450732659,8.336191435762064
60,500106029,2004,8.900698602794412,8.786490761455198,2.804439201040966,2.9525948103792414,-0.14815560933827543,5.017810395705661
60,500106030,2004,6.644710578842315,6.677853253225143,2.2893226112127985,2.1307385229540916,0.15858408825870685,-7.442681800244697
60,500106031,2004,6.924650698602794,7.086275699389627,2.2716155369296933,2.1956087824351296,0.07600675449456373,-3.4617621819796756
60,500106037,2004,13.636726546906187,13.479187469100717,2.763884934194561,2.958582834331337,-0.19469790013677635,6.580782456975879
60,500106038,2004,10.8812375249501,11.126866054289984,3.878170122604011,3.93063872255489,-0.05246859995087938,1.3348619309580079
60,500106039,2004,8.152195608782435,8.07634013733951,2.9367787847880638,2.7704590818363273,0.16631970295173648,-6.003326453805474
60,500106040,2004,10.416666666666666,10.637682255930368,3.1920299593790564,3.208582834331337,-0.01655287495228075,0.515893645480103
60,500106041,2004,5.516966067864272,5.939657532536146,2.5080626628512688,2.523453093812375,-0.015390430961106372,0.6098956623701239
60,500106042,2004,10.384231536926148,10.678036574320949,3.442932100045363,3.4136726546906186,0.02925944535474434,-0.8571251058457485
60,500106043,2004,7.779940119760479,8.692103608621165,2.6145431897327134,2.5773453093812377,0.03719788035147564,-1.4432633538113684
60,500106044,2004,6.222055888223553,7.579276614026427,2.74251723342169,2.345309381237525,0.3972078521841649,-16.93626671866099
60,500106046,2004,4.007984031936128,4.431345498174879,2.208959006611642,2.0848303393213574,0.1241286672902846,-5.953897780031841
60,500106047,2004,11.588323353293413,11.723903479545045,6.153920743250995,6.7764471057884235,-0.6225263625374282,9.186618781480163
60,500106048,2004,11.336327345309382,12.657654029752358,4.782019500681017,5.023453093812376,-0.24143359313135893,4.806128147762425
60,500106049,2004,3.288922155688623,4.295073508397467,2.4587381632903984,2.18063872255489,0.2780994407355082,-12.753118517939551
60,500106050,2004,11.244510978043913,11.569830670436227,3.7452009269922977,3.697604790419162,0.04759613657313588,-1.2872153534759017
60,500106051,2004,10.246506986027944,10.385876564430239,3.4617693257911677,3.5049900199600796,-0.043220694168911944,1.2331188939991393
60,500106052,2004,8.305888223552895,8.764953005526205,3.6277605428307655,3.55688622754491,0.07087431528585553,-1.992594385982807
60,500106053,2004,13.81686626746507,14.007173347626635,4.392500842571243,4.828343313373254,-0.4358424708020108,9.026749808673312
60,500106054,2004,6.844810379241517,7.143715926959963,2.574777909192916,2.723552894211577,-0.14877498501866082,5.46253334513368
60,500106055,2004,16.11127744510978,17.19576542770135,5.245801747912848,5.69061876247505,-0.4448170145622017,7.816672195568678
60,500106056,2004,13.67315369261477,14.145588825374533,4.335314906976797,4.510978043912176,-0.17566313693537872,3.8941252922400325
60,500106057,2004,17.30738522954092,17.602331616573128,4.23437804707838,4.399201596806387,-0.16482354972800728,3.746669619497806
60,500106058,2004,8.36626746506986,8.819413647070357,2.916454243571844,2.905189620758483,0.011264622813361047,-0.38774139673609653
60,500106059,2004,10.571856287425149,11.12322270925514,4.00546887756792,4.308882235528942,-0.30341335796102165,7.041579262928632
60,500106060,2004,5.17814371257485,5.563037069694204,2.8333697575417105,2.9226546906187623,-0.08928493307705176,3.054925830398015
60,500106061,2004,4.575349301397206,5.254663561063526,1.8176866263005387,1.746506986027944,0.0711796402725946,-4.075542831607988
60,500106062,2004,16.367764471057885,16.54553666107728,5.196340764582431,5.270958083832335,-0.07461731924990378,1.4156310496715627
60,500106063,2004,6.757984031936128,6.997444398229335,2.353073326812711,2.344810379241517,0.008262947571193724,-0.35239299707751054
60,500106064,2004,10.684630738522953,10.953457246506826,2.492161710786744,2.6412175648702596,-0.14905585408351563,5.643452325398929
60,500106065,2004,11.812375249500999,12.26958470843923,5.5747274411029935,6.022954091816367,-0.44822665071337386,7.441973554512023
60,500106066,2004,14.97305389221557,14.493539920275808,5.54906118356547,5.917664670658683,-0.3686034870932122,6.228867426720611
60,500106067,2004,27.06986027944112,26.136598374656316,6.350213233936705,6.75499001996008,-0.4047767860233753,5.992263272444737
60,500106068,2004,12.7624750499002,12.889335140871582,2.606760772300932,2.681137724550898,-0.07437695224996599,2.77408174779326
60,500106069,2004,7.1337325349301395,7.688592409118708,3.3875934527888556,3.3832335329341316,0.004359919854723948,-0.12886842756440697
60,500106070,2004,9.62375249500998,10.003884317712886,4.510683395851047,4.605289421157685,-0.09460602530663742,2.0542905484288805
60,500106071,2004,10.927145708582835,11.504995391319389,3.831058349367079,3.970059880239521,-0.13900153087244194,3.5012451969378287
60,500106072,2004,3.6696606786427144,4.88790112952369,2.7583280970611326,2.5903193612774453,0.16800873578368725,-6.486024012916763
60,500106073,2004,6.378243512974052,6.5590905771958985,2.577133470928733,2.4201596806387227,0.15697379029001013,-6.486092283323305
60,500106074,2004,7.485528942115768,7.249825697320284,2.4124928814447877,2.271956087824351,0.14053679362043647,-6.185717865481105
60,500106075,2004,5.3937125748503,6.266822565891964,2.824887951948086,2.875249500998004,-0.050361549049918075,1.7515540488725412
60,500106077,2004,8.488522954091817,8.965576541583438,3.6854431130035032,3.8887225548902196,-0.20327944188671632,5.227409233170531
60,500106078,2004,6.950598802395209,7.7182672212733205,2.8127137602379655,2.7879241516966067,0.02478960854135881,-0.8891780117573485
60,500106079,2004,3.588323353293413,4.341214163062386,1.7960256393685874,1.5429141716566865,0.25311146771190085,-16.40476653604946
60,500106080,2004,7.062874251497006,7.028562283610891,3.4428004713415006,3.4845309381237524,-0.041730466782251785,1.1975920869487695
60,500106083,2004,10.642714570858283,10.523005684687107,3.59616289532643,3.3927145708582835,0.20344832446814642,-5.99662365398096
60,500106084,2004,5.490019960079841,6.332332742595778,3.2645413042861917,3.2080838323353293,0.05645747195086237,-1.7598502689302875
60,500106085,2004,8.112275449101796,8.6362296934002,3.7737903540425117,3.8922155688622753,-0.11842521481976354,3.0426170576770017
60,500106086,2004,7.442614770459082,7.825135748754102,2.8489872337626685,2.6986027944111775,0.15038443935149104,-5.572677819163981
60,500106087,2004,6.847305389221557,6.809708241556879,2.292499529394316,2.397704590818363,-0.1052050614240474,4.387740751171509
60,500106088,2004,6.754491017964072,7.08447619524261,2.3184572015585116,2.3008982035928143,0.017558997965697376,-0.7631366715085132
60,500106089,2004,7.102295409181637,7.68593223822258,2.5666342709558654,2.557884231536926,0.00875003941893926,-0.34208113530148804
60,500106090,2004,10.757984031936127,10.85567946937505,3.556708016272652,3.1751497005988023,0.3815583156738498,-12.017018145692205
60,500106091,2004,9.31187624750499,10.21917318244409,3.867230378267365,4.016966067864272,-0.14973568959690642,3.7275816391577696
60,500106092,2004,8.218562874251496,8.826151178113832,3.981290625265904,3.8892215568862274,0.09206906837967654,-2.367287824388912
60,500106093,2004,4.19061876247505,4.448512356891694,1.8172420123131854,1.807385229540918,0.009856782772267314,-0.545361476411477
60,500106094,2004,6.004491017964072,6.282337386252492,2.373341288759218,2.374251497005988,-0.0009102082467702388,0.038336639901798204
60,500106095,2004,7.801397205588822,8.37737713075325,3.23791230105203,3.378243512974052,-0.14033121192202191,4.153969700025582
60,500106096,2004,8.129740518962075,8.258532461119465,3.1936301191336747,3.6222554890219563,-0.4286253698882816,11.833107056841387
60,500106097,2004,11.020459081836327,11.068225082602936,2.8432377149736396,2.9565868263473054,-0.11334911137366577,3.833782602410569
60,500106098,2004,5.4960079840319365,6.064552513014769,2.7071617909138688,2.473552894211577,0.2336088967022918,-9.444265261073083
60,500106099,2004,3.442115768463074,4.286683053300664,1.9339213476173767,1.6302395209580838,0.3036818266592929,-18.628049605914384
60,500106100,2004,9.50499001996008,10.064944632176559,2.61706190743958,2.6372255489021956,-0.020163641462615622,0.7645778144007892
60,500106101,2004,4.029940119760479,4.890746487525152,1.8599530695708093,1.6152694610778444,0.2446836084929649,-15.148160377507
60,500106102,2004,4.9640718562874255,5.399969812048394,2.8102038806964673,2.8393213572854292,-0.02911747658896191,1.0255083143107147
60,500106103,2004,2.873253493013972,3.748650461121374,1.867259625476253,1.8348303393213572,0.03242928615489582,-1.7674269636772157
60,500106104,2004,5.9351297405189625,6.158850293849578,2.9458483292324145,3.024950099800399,-0.07910177056798462,2.6149777007298116
60,500106105,2004,7.652195608782435,7.7211503854733605,3.3386524454407374,3.490518962075848,-0.15186651663511075,4.350829154206747
60,500106106,2004,7.44061876247505,7.873986212069613,3.076745911600692,3.2215568862275448,-0.14481097462685266,4.495061851800074
60,500106107,2004,4.605788423153693,5.182129504289513,2.150655187053734,2.1027944111776447,0.04786077587608917,-2.276055881720045
60,500106108,2004,6.028443113772455,6.159864190927224,2.2609629978753203,2.5469061876247503,-0.28594318974943,11.227079785616336
60,500106109,2004,5.503493013972056,5.728584327023135,1.958795978943013,1.9161676646706587,0.04262831427235425,-2.2246651510884874
60,500106110,2004,5.024451097804391,6.074125449483085,3.5676214819138443,3.5713572854291415,-0.0037358035152972313,0.10460458634421757
60,500106111,2004,6.48253493013972,6.799907713723148,2.563716286185492,2.5758483033932134,-0.01213201720772128,0.4709911368514809
60,500106112,2004,12.344311377245509,12.11549148160752,4.821951041794247,5.179141716566866,-0.35719067477261923,6.89671560115935
60,500106113,2004,6.633233532934132,6.6021058208725725,2.506766128992889,2.5778443113772456,-0.07107818238435648,2.757272115723004
60,500106114,2004,5.748502994011976,6.072989132337165,2.3658197852610896,2.337325349301397,0.028494435959692588,-1.2191043907605454
60,500106115,2004,7.0858283433133735,7.56766902799479,2.0172841217521267,2.0129740518962076,0.004310069855919085,-0.21411452630792877
60,500106116,2004,7.426147704590818,7.520350256245535,2.9213296051672595,3.247005988023952,-0.32567638285669265,10.030051809509944
60,500106117,2004,10.587325349301397,10.922404161093148,2.8657960736313255,2.9441117764471056,-0.07831570281578015,2.6600791261495496
60,500106118,2004,4.0054890219560875,4.375413929762336,2.4753123742034986,2.7315369261477045,-0.2562245519442059,9.380233870957044
60,500106119,2004,10.478043912175648,10.45783979531079,3.2879477753329986,3.4486027944111775,-0.1606550190781788,4.658553874007675
60,500106120,384,7.338541666666667,7.523220926623108,2.5825166990115407,2.4192708333333335,0.1632458656782072,-6.7477300775491456
60,500106121,2004,15.420159680638722,15.515727509407109,4.7496771800250634,5.070858283433134,-0.3211811034080707,6.33386076785843
60,500106122,2004,5.319361277445109,5.799626353093289,1.5405893651610973,1.5568862275449102,-0.016296862383812893,1.0467600069602896
60,500106123,2004,5.8562874251497,6.314714913124211,2.5632165422288025,2.720558882235529,-0.15734234000672664,5.783456518222307
60,500106124,1281,4.924277907884465,5.384788151228005,2.0036443990889174,1.9266198282591724,0.07702457082974501,-3.9979122865844148
60,500106125,2004,6.108782435129741,6.150673729037805,2.243080251747441,2.460079840319361,-0.21699958857192003,8.82083520280178
60,500106126,2004,4.7699600798403194,5.924072002227542,2.9213268646590747,2.781437125748503,0.13988973891057155,-5.029405037258439
60,500106127,2004,5.527944111776447,5.769651792269418,2.2115549734419426,2.3088822355289422,-0.0973272620869996,4.215341111353949
60,500106128,2004,12.429640718562874,12.37874562254214,2.767605078802511,2.9211576846307383,-0.1535526058282275,5.256566827464433
60,500106129,2004,11.78942115768463,11.82695758525241,1.9974865170836635,1.9875249500998005,0.00996156698386308,-0.5012046255501283
60,500106130,2004,8.229540918163673,8.090616522385258,2.0594116323943394,2.2345309381237524,-0.17511930572941292,7.8369604439871265
60,500106131,2004,3.2290419161676644,4.275126839449045,1.823521799855099,1.442614770459082,0.38090702939601706,-26.40393244239426
60,500106132,2004,17.50748502994012,17.719321418137955,5.282434708982939,6.008483033932135,-0.726048324949196,12.08372097997001
60,500106133,2004,5.282435129740519,5.804642675468311,1.9210526947971223,1.8967065868263473,0.024346107970774966,-1.2835990627054206
60,500106134,2004,8.727045908183634,8.744465316583366,1.6212167119829992,1.528942115768463,0.09227459621453615,-6.035192258940289
60,500106135,2004,4.791417165668663,5.295379497515705,3.3258394681715124,3.4560878243512976,-0.13024835617978514,3.768664536302186
60,500106136,2004,7.687125748502994,7.935031476276854,3.5094675391499894,3.491516966067864,0.01795057308212522,-0.514119600637115
60,500106137,2004,4.533433133732535,5.048007014325615,2.362295232528477,2.219560878243513,0.14273435428496395,-6.430747436759617
60,500106138,2004,5.624750499001996,6.5199441653132935,2.280747147162318,2.1197604790419162,0.16098666812040197,-7.594568806809923
60,500106142,2004,4.86127744510978,5.697589992941763,2.808060348942233,2.785928143712575,0.022132205229658197,-0.7944284305970809
60,500106143,2004,8.835828343313374,8.629402644102294,2.462994132218929,2.411177644710579,0.05181648750834977,-2.1490116094108638
60,500106144,2004,3.789920159680639,4.226043851578961,1.7891677816436664,1.7669660678642714,0.02220171377939506,-1.2564878399860973
60,500106145,2004,7.717065868263473,7.779312707133634,1.804817300680816,1.8083832335329342,-0.0035659328521182587,0.19718900208733417
60,500106146,2004,4.009980039920159,4.8296621015962,2.441073489118063,2.277445109780439,0.16362837933762409,-7.184734272405755
60,500106147,2004,3.7959081836327346,4.501432380264473,2.0557652813939686,1.971057884231537,0.0847073971624317,-4.297560099076281
60,500106149,2004,8.819860279441118,8.479134902315211,2.4735623050411646,2.7574850299401197,-0.2839227248989551,10.29643758048328
60,500106150,2004,11.54940119760479,11.495608946145936,3.719207753092878,3.8557884231536925,-0.1365806700608143,3.542224185348413
60,500106151,2004,5.563373253493014,5.888223639161598,1.9136360001845454,1.9481037924151696,-0.03446779223062424,1.769299580690855
60,500106152,2004,6.208083832335329,6.893350040250523,2.0611278328413234,1.807385229540918,0.2537426033004053,-14.039209746383552
60,500107001,2004,11.746007984031936,11.631626731650472,3.3142291360709972,3.474051896207585,-0.15982276013658758,4.600471291492696
60,500107002,2004,6.529940119760479,6.319017919807397,1.9957720230022737,2.0149700598802394,-0.01919803687796562,0.9527703294562433
60,500107003,2004,4.56437125748503,5.180613812138382,1.5546647618270193,1.406187624750499,0.14847713707652033,-10.55884253730826
60,500107004,2004,5.446606786427146,5.621622337867596,1.1879331476405086,1.0439121756487026,0.14402097199180597,-13.79627284280971
60,500107005,2004,10.954091816367265,11.38684009392958,3.554723412393404,3.682135728542914,-0.1274123161495102,3.4602829863615456
60,500107006,2004,5.583333333333333,6.06266101676136,2.046508838234707,1.872255489021956,0.17425334921275115,-9.307135176501955
60,500107007,2004,10.65369261477046,11.685823422148303,2.9249790270407905,2.6107784431137726,0.3142005839270179,-12.034747136654126
60,500107008,2004,10.54441117764471,11.224656738726875,4.153658119077526,4.130738522954092,0.022919596123434083,-0.5548546826692667
60,500107009,2004,8.486027944111777,8.624422132923584,2.6371138382499564,2.8622754491017965,-0.22516161085184017,7.86652489796178
60,500107010,2004,17.476546906187625,16.95133277692697,5.2629249793368285,5.813373253493014,-0.5504482741561851,9.468655291064335
60,500107011,2004,7.775449101796407,8.487154457666042,3.387620282806713,3.367265469061876,0.02035481374483661,-0.6044909120428655
60,500107012,2004,13.035429141716566,13.793168912430193,5.092182477508599,5.417165668662674,-0.32498319115407526,5.999137021672502
60,500107013,2004,8.672155688622755,9.564729662720515,4.793170067514227,4.843812375249501,-0.05064230773527356,1.0455051478467934
60,500107014,2004,7.413173652694611,7.557561423852749,3.2026472993446924,3.417165668662675,-0.2145183693179824,6.277669569410583
60,500107015,2004,12.80189620758483,13.21822625457884,2.5545672807471083,2.3592814371257487,0.1952858436213596,-8.277344133189606
60,500107016,2004,15.228043912175648,15.950481717132147,3.5537042074198153,3.627245508982036,-0.0735413015622206,2.0274696427388923
60,500107017,2004,10.0124750499002,10.382183441057947,4.263222544022293,4.2539920159680635,0.009230528054229303,-0.21698508176745485
60,500107018,2004,6.349800399201597,7.221997337151422,2.2925429389394862,2.096307385229541,0.19623555370994517,-9.361010465001906
60,500107019,2004,5.786926147704591,7.0891735810498355,3.2311939931785076,3.0454091816367264,0.18578481154178128,-6.100487667208418
60,500107020,2004,15.62624750499002,15.24724330491517,3.227018095625038,3.4201596806387227,-0.19314158501368484,5.647151099612261
60,500107021,2004,19.52145708582834,18.811031609699622,5.423244098862262,5.443612774451098,-0.020368675588835927,0.3741756886976551
60,500107022,2004,12.04940119760479,12.510669753910902,3.7205122642138133,3.9745508982035926,-0.2540386339897793,6.391631167803111
60,500107023,2004,27.770958083832337,26.840625931166063,6.46291960338718,6.903692614770459,-0.4407730113832793,6.38459786636857
60,500107024,2004,16.226546906187625,16.935401171271437,7.060424800751913,7.950598802395209,-0.8901740016432962,11.196313935185875
60,500107025,2004,7.352794411177645,7.342721851052041,2.923169850355683,3.1721556886227544,-0.24898583826707155,7.849105236545719
60,500107026,2004,3.728043912175649,4.438945810833352,1.7286554157025618,1.5758483033932136,0.15280711230934818,-9.696816119947238
60,500107027,2004,15.524451097804391,16.003408998515408,4.303051904642837,4.600798403193613,-0.29774649855077584,6.471626714704499
60,500107028,2004,17.006487025948104,17.149901500977467,6.322883160469257,6.479041916167665,-0.1561587556984083,2.410213697008705
60,500107029,2004,11.905688622754491,12.319927464965776,3.96058945716734,4.205089820359281,-0.2445003631919409,5.814390979430991
60,500107030,2004,6.37375249500998,7.161496641632579,2.3561098946926595,2.345309381237525,0.010800513455134553,-0.4605155098742477
60,500107031,2004,8.897205588822356,9.032542512837061,2.443417135051771,2.4860279441117763,-0.04261080906000547,1.7140116691339016
60,500107032,2004,7.4126746506986025,8.410368542540981,2.185587320486811,1.9840319361277445,0.20155538435906628,-10.15887802453644
60,500107033,2004,6.9286427145708585,7.103963645394528,2.6957873741498735,2.8942115768463075,-0.19842420269643402,6.855898313856099
60,500107034,2004,7.966067864271457,8.765726928281284,2.918780071404502,2.906686626746507,0.012093444657995,-0.4160560187917937
60,500107035,2004,8.115768463073852,9.456171543341508,4.046928175632829,3.8058882235528944,0.24103995207993423,-6.333342912917112
60,500107036,2004,11.150698602794412,11.666099380756696,5.155016551648385,5.455588822355289,-0.30057227070690473,5.509437761791248
60,500107037,2004,11.45808383233533,10.947411388761507,3.433340716323922,3.558383233532934,-0.12504251720901216,3.5140261462187685
60,500107038,2004,4.4046906187624755,5.114819361430569,3.2626697232478006,3.5139720558882237,-0.2513023326404231,7.15151767411826
60,500107040,2004,13.488023952095809,13.624375573950532,3.1261280693340185,3.2994011976047903,-0.1732731282707718,5.251653796954426
60,500107041,2004,13.80189620758483,14.29382370191828,2.237914602730529,2.154191616766467,0.0837229859640618,-3.886515262264995
60,500107042,2004,4.539920159680639,5.444203644369972,2.6362875020437846,2.3238522954091816,0.312435206634603,-13.444710201755303
60,500107043,2004,5.452594810379241,5.633353625523339,2.5201086613328525,2.5144710578842315,0.005637603448620965,-0.2242063367937371
60,500107044,2004,6.509481037924152,6.546792167411161,2.752921519575779,3.0164670658682633,-0.2635455462924843,8.736894537140422
60,500107045,2004,7.769461077844311,7.993376945743523,3.6871265832458247,3.8637724550898205,-0.17664587184399583,4.571849763339372
60,500107046,2004,8.972055888223553,8.760758550110829,2.321236739042818,2.4166666666666665,-0.09542992762384861,3.948824591331667
60,500107047,1687,7.382928275044458,7.143116828838836,2.767340112541797,2.916419679905157,-0.1490795673633598,5.111732319959106
60,500107048,2004,15.557884231536926,15.244754387198439,3.5367694054822887,3.92814371257485,-0.3913743070925615,9.96333982994783
60,500107049,2004,15.900199600798404,16.13120916301367,3.2668260036207686,3.281437125748503,-0.014611122127734522,0.44526594805322356
60,500107051,2004,8.731037924151696,10.074730238429611,3.375637875446196,3.2080838323353293,0.16755404311086686,-5.2228698459196945
60,500107052,2004,7.466067864271457,7.786730708238824,2.294420087140621,2.4106786427145708,-0.1162585555739497,4.822648424139831
60,500107053,2004,5.668662674650698,5.782504168185383,2.252101872624258,2.4860279441117763,-0.23392607148751843,9.409631619048312
60,500107054,2004,6.716566866267465,6.610898622038073,2.6205463996116194,2.973552894211577,-0.3530064945999576,11.871539103512585
60,500107055,2004,6.68562874251497,6.773096572376731,2.307327155965984,2.3807385229540916,-0.07341136698810757,3.0835543794627456
60,500107058,2004,9.449600798403194,9.613352377941014,1.689220927626726,1.7669660678642714,-0.07774514023754531,4.399922649987032
60,500107059,2004,8.826347305389222,9.346557911203845,4.414768626208106,4.486027944111776,-0.07125931790367002,1.5884724480417656
60,500107060,2004,8.382235528942116,8.743105067518412,3.138271675484535,3.2949101796407185,-0.15663850415618352,4.753953692700163
60,500107061,2004,15.584331337325349,14.695153561638886,3.710110497971384,3.691616766467066,0.01849373150431788,-0.5009656384786838
60,500107062,2004,10.765469061876248,11.36346825098786,3.6721211383647594,3.5768463073852295,0.09527483097952993,-2.6636545937915455
60,500107063,2004,9.51497005988024,9.742485396547508,5.141702452122065,5.357285429141717,-0.21558297701965223,4.024108475664894
60,500107064,2004,30.131237524950098,29.63422689588422,3.667860619075354,4.013473053892215,-0.3456124348168612,8.61130572389643
60,500107065,2004,2.7984031936127742,3.314298270222367,1.5914443730979944,1.5838323353293413,0.007612037768653046,-0.4806088118582453
60,500107066,2004,6.189121756487026,6.562549992118967,2.58934659132287,2.6127744510978044,-0.023427859774934223,0.8966659852744114
60,500107067,2004,5.5728542914171655,5.749824278873087,1.4950177782023257,1.466067864271457,0.028949913930868654,-1.9746639726841655
60,500107068,2004,4.303393213572854,5.221065122514745,2.2828828974807003,2.1052894211576847,0.1775934763230156,-8.435584891000788
60,500107069,2004,9.297405189620758,9.767851048314116,3.8095509655716424,3.934630738522954,-0.12507977295131179,3.1789456562387928
60,500107070,2004,5.129241516966068,5.310942459765946,2.5217406405434684,2.7709580838323356,-0.2492174432888672,8.993908812369707
60,500107071,2004,7.276946107784431,7.627785775519432,1.7670248043995946,1.7544910179640718,0.012533786435522831,-0.7143830493966938
60,500107072,2004,10.063373253493014,9.895311711839874,2.7064500563328315,2.8333333333333335,-0.12688327700050195,4.478233305900068
60,500107075,2004,7.961077844311378,8.675042758709406,2.3668754295198178,2.1776447105788423,0.18923071894097543,-8.689696625978797
60,500107076,2004,13.661676646706587,13.254557023604386,3.579803333896688,3.7215568862275448,-0.14175355233085662,3.8089852355998484
60,500107078,2004,10.3687624750499,10.28619322299369,3.577904492339303,3.7075848303393215,-0.12968033800001866,3.4977038674567615
60,500107079,2004,7.345808383233533,7.4973020623571305,1.9649136063433799,2.06187624750499,-0.09696264116161024,4.702641163791552
60,500107080,2004,9.392215568862275,9.244475249690334,3.003227590002591,2.9471057884231535,0.05612180157943758,-1.904302241198661
60,500107081,2004,9.803393213572853,9.603469850454807,1.8871391587138904,1.657684630738523,0.22945452797536747,-13.841868575034209
60,500107082,2004,10.834331337325349,10.549520004753838,3.2545507463373493,3.4830339321357284,-0.22848318579837912,6.559889746990713
60,500107083,2004,11.590818363273453,11.775889310752836,5.017790351124644,5.513473053892215,-0.49568270276757165,8.990389504445774
60,500107084,2004,6.235029940119761,6.059932605721996,2.2689099641533104,2.4251497005988023,-0.15623973644549194,6.442478021332631
60,500107085,2004,6.589820359281437,7.3616123542324745,2.7685180226129567,2.87125748502994,-0.1027394624169835,3.578204426201511
60,500107086,2004,4.5264471057884235,4.466179912490454,1.8062519370964683,1.8902195608782435,-0.08396762378177525,4.442215365857381
60,500107087,2004,8.02694610778443,8.433775342185259,2.4895863802494067,2.5773453093812377,-0.08775892913183103,3.4050124681546827
60,500107088,2004,4.424151696606787,4.608849072567315,2.1384702466236645,2.2784431137724552,-0.13997286714879076,6.143355798646007
60,500107089,2004,8.011477045908183,8.25300049858518,3.11729673908968,3.189121756487026,-0.07182501739734581,2.2521879966246443
60,500107090,2004,5.754491017964072,6.131111195072992,2.319019644741809,2.3807385229540916,-0.06171887821228239,2.592425737527016
60,500107091,2004,6.697105788423154,6.920041535114797,2.575152868457443,2.6996007984031936,-0.1244479299457506,4.609864170264033
60,500107092,2004,9.882734530938123,9.824422964701085,3.160280470415782,3.1771457085828345,-0.016865238167052432,0.5308298615795991
60,500107093,2004,6.216067864271457,6.942138099390318,3.5970463710760456,3.6167664670658684,-0.019720095989822717,0.5452410646192705
60,500107095,2004,9.642215568862275,9.555708557638791,1.9726743189130298,2.0229540918163673,-0.050279772903337516,2.485462873662762
60,500107096,2004,8.432634730538922,8.472019356874188,1.9006474430754798,1.8822355289421158,0.01841191413336407,-0.9781939534268717
60,500107097,2004,3.778942115768463,4.768824796634461,2.58525210806736,2.49750499001996,0.0877471180474001,-3.5133911002395566
60,500107098,2004,2.9895209580838324,3.815812751268366,1.8805938029641687,1.6167664670658684,0.2638273358983003,-16.318209294450426
60,500107099,2004,3.725049900199601,4.046300935837165,1.667545515728625,1.780938123752495,-0.11339260802387008,6.367015592037983
60,500107100,2004,4.413672654690619,4.711577569103075,1.8695981509296935,1.9091816367265468,-0.039583485796853335,2.0733221520359146
60,500107101,2004,5.924650698602794,6.746351842539332,3.0286495450183244,2.978043912175649,0.05060563284267561,-1.6992910223981554
60,500107102,1482,3.4790823211875845,4.198687262708116,1.7151437992667093,1.4581646423751686,0.2569791568915407,-17.623466474468458
60,500107103,2004,4.1187624750499,4.727092069883765,2.2158282448650466,2.186626746506986,0.02920149835806063,-1.3354587564936902
60,500107104,2004,6.082834331337326,6.213122642967786,1.6416311576400022,1.4865269461077844,0.15510421153221787,-10.433999325631577
60,500107105,2004,7.100798403193613,7.058565532191509,2.45326472781088,2.18063872255489,0.2726260052559897,-12.502117037368498
60,500107106,2004,5.200099800399202,5.712651866023166,2.3097495496294553,2.3792415169660677,-0.06949196733661234,2.9207613788290927
60,500107107,2004,7.035429141716567,6.84345441871001,2.1058317237750717,2.31437125748503,-0.20853953370995848,9.010634444906355
60,500107108,2004,4.399700598802395,5.173606317849932,2.344598500620605,2.280439121756487,0.06415937886411793,-2.8134659790742305
60,500107109,2004,6.250499001996008,7.123942744367505,2.343756697798233,2.1157684630738522,0.22798823472438068,-10.775670339331576
60,500107110,2004,5.936626746506986,6.798452752035386,2.5445766731802584,2.4885229540918163,0.05605371908844203,-2.2524895338527737
60,500107111,2004,7.543912175648702,8.427155341654899,2.856086831446583,2.7065868263473054,0.14950000509927763,-5.523562135305169
60,500107112,2004,6.344311377245509,6.8538609918054085,2.831939508771154,2.7040918163672654,0.1278476924038885,-4.727934592681169
60,500107113,2004,5.0344311377245505,6.0306287670255205,2.4432875523369137,2.191616766467066,0.2516707858698477,-11.483339136684307
60,500107114,2004,12.072854291417165,12.163621208609317,4.50436031438574,4.8373253493013975,-0.33296503491565765,6.883246647111387
60,500107115,2004,6.782435129740519,7.80199575555445,2.880889024343908,2.6152694610778444,0.2656195632660636,-10.156489310917602
60,500107116,2004,13.8687624750499,14.230014516941768,2.272608484584146,2.4530938123752497,-0.1804853277911036,7.357457219149137
60,500107117,2004,5.689121756487026,6.0264421468307345,1.6958320339951098,1.7624750499001995,-0.0666430159050897,3.7812175502208314
60,500107118,2004,11.53493013972056,11.872302986930563,4.405769170139128,4.372754491017964,0.03301467912116429,-0.7550087522402515
60,500107119,2004,7.298403193612774,7.664931084869762,1.436929441921371,1.345309381237525,0.09162006068384598,-6.810333887627128
60,500107120,2004,3.650199600798403,4.482477824146043,1.8029385791575707,1.6407185628742516,0.16222001628331917,-9.887132379311788
60,500107121,2004,8.77944111776447,9.397090701723888,2.555877810156692,2.55688622754491,-0.001008417388217886,0.039439274902198354
60,500107122,2004,5.500499001996008,6.024921321627544,3.297082729443521,3.42814371257485,-0.13106098313132897,3.8230889402501202
60,500107123,2004,3.8403193612774453,5.065446605375732,2.0941009278036216,1.8198602794411178,0.2742406483625037,-15.069324357511858
60,500107124,2004,5.499500998003992,5.836810425290571,2.174295407068134,2.1741516966067866,0.00014371046134753485,-0.006609955578160656
60,500107125,2004,7.669660678642715,7.30787977376113,1.9491142523506524,2.0099800399201597,-0.060865787569507335,3.0281787062882994
60,500107126,2004,5.8453093812375245,6.6222698923821115,3.478432277727853,3.561377245508982,-0.08294496778112892,2.3290138073894124
60,500107127,2004,6.850299401197605,7.375571282882832,2.5988124106984754,2.6487025948103793,-0.049890184111903935,1.8835706284901184
60,500107128,2004,7.30938123752495,7.308874653302345,2.984236622167805,3.1636726546906186,-0.1794360325228137,5.671763551667487
60,500107129,2004,8.032934131736527,8.06342043215431,2.976109221115701,3.0528942115768465,-0.07678499046114551,2.5151539863376198
60,500107130,2004,11.209081836327345,11.413752063441914,2.059361320954755,2.12375249500998,-0.06439117405522499,3.0319528385026047
60,500107131,2004,7.295409181636726,7.350286262819712,2.539324289136288,2.606287425149701,-0.06696313601341286,2.569292065304985
60,500107132,2004,11.232534930139721,10.675640971246656,3.6121327677178425,3.7230538922155687,-0.11092112449772618,2.979304831704105
60,500107133,2004,13.144710578842316,13.048363535329148,2.658509532362214,2.8033932135728543,-0.14488368121064044,5.168154096584611
60,500107134,2004,7.467065868263473,7.519488547995071,1.9737777616177055,2.027944111776447,-0.054166350158741494,2.6709981721977845
60,500107135,2004,5.334830339321357,6.334840403506462,2.362054458930651,2.0503992015968064,0.31165525733384447,-15.199735597396552
60,500107136,2004,9.570359281437126,9.438513856884272,3.03486509491034,3.218562874251497,-0.18369777934115694,5.707447283715947
60,500107137,2004,3.1382235528942117,3.831176249475823,2.018330006913714,1.9750499001996007,0.04328010671411309,-2.1913424420182577
60,500107138,2004,7.485029940119761,8.292492821656747,2.3600777790974576,2.164171656686627,0.19590612241083072,-9.052245084420216
60,500107139,2004,14.394710578842316,14.74001835381252,3.4067481523846572,2.994510978043912,0.41223717434074514,-13.76642721844448
60,500107140,2004,6.9351297405189625,7.137074887709683,3.3942747925349193,3.386726546906188,0.007548245628731465,-0.22287732783229489
60,500107141,2004,6.318862275449102,6.70730204705525,2.1278865498464596,2.2824351297405188,-0.15454857989405912,6.771214562914178
60,500107142,2004,7.102794411177645,7.291526313970911,2.4266046318775802,2.5049900199600796,-0.0783853880824994,3.129169675644
60,500107143,2004,5.300399201596806,5.684347162394922,2.5817997668771846,2.6681636726546905,-0.08636390577750586,3.236829384292533
60,500107144,2004,11.5813373253493,11.789983206126358,4.398938464904352,4.541417165668663,-0.14247870076431113,3.137318056605642
60,500107145,2004,7.527445109780439,7.976120249008133,1.9285303604910793,1.9860279441117765,-0.057497583620697235,2.8951044617054587
60,500107146,2004,8.636726546906187,8.73816905558347,2.677110775566592,2.8048902195608783,-0.1277794439942861,4.55559519239547
60,500107147,2004,4.441616766467066,5.006739390320131,2.0719035583858316,1.9296407185628743,0.1422628398229573,-7.3725040342696255
60,500107149,2004,10.095808383233534,10.575048230121098,3.3230287726272665,3.3572854291417165,-0.03425665651444998,1.0203677118751153
60,500107150,2004,5.852295409181637,6.309448455803545,1.9347658268622032,1.845309381237525,0.08945644562467825,-4.847774933257307
60,500107151,2004,14.602295409181636,14.93922920587523,4.257080911636493,4.509980039920159,-0.25289912828366656,5.607544291662623
60,500107152,2004,8.376746506986027,8.80800468650375,2.180074127160959,2.1716566866267466,0.00841744053421234,-0.3876045687169469
60,500107153,2004,4.206087824351298,4.516862090691036,1.4252734069902424,1.3463073852295409,0.07896602176070155,-5.865378339823793
60,500107154,413,3.0508474576271185,3.8102088294132255,1.5580900083144824,1.3220338983050848,0.23605611000939763,-17.855526269941617
60,500107155,2004,10.662175648702595,10.82546946942031,2.8188433469440506,2.8652694610778444,-0.04642611413379383,1.6203053417645912
60,500107156,2004,5.764970059880239,6.025526749650005,2.350197592347521,2.6087824351297404,-0.2585848427822195,9.912089229831063
60,500107157,2004,5.6187624750499,6.479043089856173,1.9565634263757077,1.7754491017964071,0.18111432457930055,-10.201042902105629
60,500107158,2004,9.477045908183634,10.005364150122679,2.0752159014367066,2.0459081836327346,0.02930771780397201,-1.4325040604673147
60,500107159,2004,5.608283433133733,6.240504798753936,2.729547280747193,2.6991017964071857,0.03044548434000749,-1.127985775880477
60,500107160,2004,9.845309381237525,10.086497923181481,2.2405309914245075,2.258483033932136,-0.017952042507628274,0.7948717009564088
60,500107161,2004,5.233033932135728,5.768216124580857,2.5662781532200465,2.6951097804391217,-0.12883162721907526,4.780199610202311
60,500107162,2004,7.422654690618763,7.704610458963981,1.9633289540293883,2.009481037924152,-0.04615208389476355,2.2967165663050944
60,500107163,2004,7.031936127744511,6.771651332429316,2.3067325674905974,2.311377245508982,-0.004644678018384418,0.2009485049404658
60,500107164,2004,4.925648702594811,5.394808567356033,2.531389703486141,2.6487025948103793,-0.1173128913242385,4.429069973884212
60,500107165,2004,4.614770459081837,5.40016201090934,2.540286930585574,2.4950099800399204,0.045276950545653616,-1.8147001778697969
60,500107166,2004,12.247005988023952,11.825637810877405,3.2419326565362527,3.471057884231537,-0.2291252276952842,6.6010200733374
60,500107167,2004,11.158682634730539,11.783713344218448,3.6803977895305655,3.5214570858283434,0.15894070370222213,-4.5134925636850385
60,500107168,2004,4.499001996007984,5.305965172499696,2.519921718232991,2.463073852295409,0.056847865937581954,-2.3080049298807586
60,500107169,2004,10.947105788423153,10.851830162151032,1.64348455268478,1.6686626746506985,-0.0251781219659184,1.5088802757087463
60,500107170,2004,11.238522954091817,11.142060084028909,3.5780794579251074,3.775948103792415,-0.1978686458673078,5.240237429867647
60,500107171,2004,8.669161676646707,9.318742025660159,2.1882275668461784,2.167165668662675,0.02106189818350357,-0.9718637798697018
60,500107172,2004,10.74001996007984,10.754277002251243,3.5307963118710783,3.8612774451097804,-0.3304811332387021,8.558854885117071
60,500107173,2004,8.155688622754491,7.877548750267545,2.873595094149242,2.8882235528942117,-0.014628458744969652,0.5064863739619762
60,500107174,2004,6.030439121756487,6.260512510719815,3.0199593447560016,3.117265469061876,-0.0973061243058746,3.121521900255686
60,500107175,2004,6.7395209580838324,6.960202292013478,3.1306191893014397,3.191616766467066,-0.06099757716562637,1.9111811232006761
60,500107176,2004,8.96057884231537,8.744447539298775,2.912100534547086,3.122754491017964,-0.21065395647087826,6.745773869728987
60,500107177,2004,6.773453093812376,7.716240034454805,2.8502262714814153,2.711576846307385,0.13864942517403023,-5.113239750621211
60,500107178,2004,8.869760479041917,8.87960983445426,2.815102818155892,2.9730538922155687,-0.1579510740596768,5.312755159711183
60,500107179,2004,10.792415169660678,10.662861757530191,1.928395592074091,1.846806387225549,0.08158920484854204,-4.417853729167204
60,500107180,2004,8.813373253493014,8.913233945484938,2.1997243548073775,2.2105788423153694,-0.010854487507991895,0.49102467191909155
60,500107181,2004,8.84630738522954,9.172277086217305,2.381385176984161,2.3932135728542914,-0.011828395870130404,0.49424740041162074
60,500107182,2004,5.4046906187624755,5.8960589828657834,2.048571034726695,2.0239520958083834,0.024618938918311795,-1.2163795264372985
60,500107183,2004,5.089820359281437,5.7473060504240605,1.9972337081695333,1.812375249500998,0.18485845866853534,-10.199789404508394
60,500107184,2004,5.983033932135728,6.336088537252513,2.3127172238033453,2.4570858283433132,-0.14436860453996792,5.875602833023877
60,500107185,2004,5.860279441117765,6.418740109846803,1.905846564586839,1.7959081836327346,0.10993838095410435,-6.121603651904004
60,500107186,2004,5.787425149700598,6.028890483607847,2.7989772085649265,2.965568862275449,-0.16659165371052254,5.617527747533017
60,500107187,2004,9.07934131736527,8.947954695672706,2.979054589172357,3.24750499001996,-0.26845040084760274,8.26635837889668
60,500107188,2004,14.882734530938123,14.435364248511888,1.8421418509012506,1.5838323353293413,0.2583095155719093,-16.309145217583687
60,500107189,2004,6.1032934131736525,6.506137338134326,3.186334918086225,3.31187624750499,-0.12554132941876528,3.790640713503173
60,500107190,2004,11.075848303393213,11.730391285563744,3.545072062359033,3.442115768463074,0.10295629389595895,-2.9910758620977345
60,500107191,2004,6.652195608782435,7.202146664509,1.9129566191503786,1.8937125748502994,0.0192440443000792,-1.016207240510111
60,500107192,2004,9.543413173652695,9.232677147926744,3.2166750102628416,3.492015968063872,-0.2753409578010304,7.884871097931765
60,500107193,2004,9.70558882235529,9.884335115250185,2.242384830193682,2.2729540918163673,-0.03056926162268514,1.3449132885150608
60,500107194,2004,8.486027944111777,8.265238383327084,3.165968086376051,3.3263473053892216,-0.16037921901317054,4.821481471683075
60,500107195,2004,8.211576846307386,8.16657082226195,2.0855371559101963,2.161177644710579,-0.07564048880038277,3.499966279288087
60,500107196,2004,7.765968063872256,8.312414258048827,2.007906417372131,1.781936127744511,0.2259702896276199,-12.681166631580798
60,500107197,2004,6.434630738522954,6.7508916497023215,2.074954257745853,2.2055888223552893,-0.13063456460943623,5.922888404464032
60,500107198,2004,17.379740518962077,16.822170626835977,2.9466738373823356,2.7045908183632736,0.24208301901906193,-8.95081863679336
60,500107199,2004,9.675149700598803,9.44882281611271,2.8315149054458892,3.0144710578842315,-0.1829561524383423,6.069262199742393
60,500107200,2004,8.377245508982035,8.207363493730272,3.0832715425438115,3.32185628742515,-0.2385847448813383,7.182271725134474
60,500107201,2004,9.260978043912175,9.138694343959004,1.9799089417822708,1.971057884231537,0.008851057550733898,-0.44905112232077804
60,500107203,2004,6.333333333333333,6.5695159194099535,1.8751280972571778,1.910179640718563,-0.03505154346138517,1.8349867580098191
60,500107204,2004,9.996007984031936,10.034870752432665,2.5717889729433114,2.6676646706586826,-0.09587569771537119,3.59399360683883
60,500107205,2004,5.634231536926148,5.956254190298923,2.717099512758913,2.803892215568862,-0.08679270280994933,3.095436491032897
60,500107206,2004,5.599301397205589,6.061932022899575,2.0191071543824184,2.12125748502994,-0.10215033064752177,4.8155554603066015
60,500107207,2004,2.8652694610778444,3.872344340322644,1.865605026627987,1.658183632734531,0.20742139389345615,-12.508951951925553
60,500107208,2004,5.254491017964072,5.728341985037319,1.296426702669682,1.192614770459082,0.10381193221060014,-8.704565361926472
60,500107209,2004,7.336327345309381,7.770483241741361,1.27833794029219,1.0389221556886228,0.23941578460356716,-23.04463171688514
60,500107210,2004,7.430139720558882,7.878950654026471,1.4111806626383734,1.2924151696606787,0.11876549297769468,-9.189422699895758
60,500108001,2004,11.504491017964073,11.689781528780545,2.5617948800437103,2.750998003992016,-0.18920312394830585,6.877617638171683
60,500108002,2004,6.544411177644711,7.005342146332714,1.576295354173521,1.4870259481037924,0.08926940606972855,-6.0032177773065785
60,500108003,2004,10.058882235528943,10.908182655903703,2.569300562776079,2.5723552894211577,-0.0030547266450784427,0.11875212796774393
60,500108004,2004,6.514970059880239,6.830408561140895,1.8127285920333205,1.7619760479041917,0.050752544129128774,-2.8804332606846237
60,500108005,2004,18.003992015968063,17.99000458160598,3.349790648466004,3.553892215568862,-0.2041015671028581,5.743043252936362
60,500108006,2004,9.334830339321357,9.577481441976587,3.0092896677083703,3.2714570858283434,-0.26216741811997313,8.013781359249942
60,500108007,2004,12.337824351297405,12.770802539210589,3.64055306288407,3.864770459081836,-0.22421739619776604,5.801570845452849
60,500108008,2004,18.211576846307384,18.6616454604548,3.6726737823778457,3.755489021956088,-0.08281523957824222,2.205178582444823
60,500108009,2004,9.249500998003992,10.228565676471499,2.9043284624691443,2.7739520958083834,0.1303763666607609,-4.700022284370657
60,500108010,2004,6.560878243512974,6.9272721650270705,1.8285048186639963,1.9121756487025947,-0.08367083003859843,4.375687458177225
60,500108011,2004,12.5124750499002,12.667859371519965,3.035961353616641,3.2060878243512976,-0.17012647073465637,5.306357157233484
60,500108012,2004,5.62624750499002,6.077620998378363,2.0157324235740095,2.053892215568862,-0.03815979199485264,1.8579257326939917
60,500108013,2004,6.720059880239521,6.954418398620797,1.6838450939570044,1.6731536926147705,0.010691401342233897,-0.6389969665922078
60,500108014,2004,7.373253493013972,7.501081783086409,2.5943637048441563,2.539920159680639,0.05444354516351746,-2.143514037479155
60,500108015,2004,4.905189620758483,5.359932606931565,2.50936691993484,2.499001996007984,0.010364923926855951,-0.4147625309388843
60,500108016,2004,8.513473053892216,9.623289277492624,2.9219003154976444,2.835828343313373,0.08607197218427132,-3.035161574120706
60,500108018,2004,7.165169660678643,7.331711598857385,2.186045517795718,2.25249500998004,-0.06644949218432217,2.950039484656217
60,500108019,2004,7.500499001996008,7.833351708385525,2.1116419979741043,2.2255489021956087,-0.1139069042215044,5.118148790580602
60,500108020,2004,7.778443113772455,8.178440075675258,2.9942499331964676,2.9276447105788423,0.06660522261762525,-2.2750445905185104
60,500108021,2004,8.7375249500998,8.863679971311617,3.522839355386939,3.5239520958083834,-0.0011127404214446024,0.03157649114379755
60,500108022,2004,6.370259481037924,6.618887431384571,2.2799930750270048,2.281437125748503,-0.0014440507214983356,0.06329566154599003
60,500108023,2004,5.174650698602794,5.566594451576938,2.7749153552833623,3.1342315369261478,-0.35931618164278545,11.464251361441523
60,500108024,2004,8.487025948103792,8.866896123983086,2.1747299550307857,2.273453093812375,-0.09872313878158945,4.342431301982117
60,500108025,2004,11.152694610778443,11.525922788770538,4.078748732474654,4.3068862275449105,-0.22813749507025616,5.2970402053156445
60,500108026,2004,11.032435129740518,11.586695139866583,3.4909884032332545,3.715069860279441,-0.22408145704618665,6.0316889176703565
60,500108027,2004,21.977544910179642,21.41779573234473,4.922737011011242,5.2554890219560875,-0.3327520109448452,6.331513766933818
60,500108028,2004,8.59181636726547,9.742322912875506,3.8717073918551623,3.9081836327345307,-0.036476240879368405,0.9333297589664745
60,500108029,2004,6.114271457085828,6.747883394715474,1.834295243845035,1.6736526946107784,0.1606425492342567,-9.598320473030721
60,500108030,2004,4.79690618762475,5.242214629694051,1.8760661306565312,1.9301397205588822,-0.054073589902351005,2.8015375947340075
60,500108031,2004,5.347305389221557,5.778986014122776,2.369182730395426,2.465069860279441,-0.09588712988401538,3.8898341758616763
60,500108032,2004,3.663173652694611,4.310567338083839,1.792347299605317,1.7305389221556886,0.061808377449628304,-3.571625963352224
60,500108033,2004,17.022455089820358,17.0843956650153,4.270601044411227,4.691616766467066,-0.4210157220558388,8.973787566474165
60,500108035,2004,9.458582834331338,9.275966803145494,1.6970893388822486,1.7764471057884232,-0.07935776690617469,4.4672181146060135
60,500108036,2004,12.456586826347305,12.246522127111795,2.4538067206657233,2.5229540918163673,-0.06914737115064407,2.7407304546260027
60,500108037,2004,3.8248502994011977,4.071157930281294,1.6611595430400308,1.652694610778443,0.008464932261587732,-0.5121897419149098
60,500108038,2004,9.815369261477047,9.723487393878267,2.9804877330779376,3.25249500998004,-0.27200727690210247,8.363034411043468
60,500108039,2004,7.803892215568863,8.060629390144515,1.8901957211793774,1.938622754491018,-0.048427033311640555,2.4980122202452426
60,500108040,2004,8.185129740518962,8.31343892581376,1.406043375213346,1.4286427145708582,-0.022599339357512127,1.5818748191566296
60,500108041,2004,6.952594810379241,7.108922323445644,1.7093577380318057,1.6656686626746506,0.04368907535715505,-2.622915129291154
60,500108043,2004,10.857285429141717,11.52989678854178,2.5352230227051398,2.6197604790419162,-0.08453745633677645,3.226915476169524
60,500108044,2004,19.435129740518963,19.832737909482635,4.078004222353561,4.553892215568863,-0.4758879932153013,10.450137392104578
60,500108045,2004,14.422654690618762,14.528840063310508,3.3540873749651916,3.6097804391217565,-0.2556930641565649,7.083341174588832
60,500108046,2004,23.22954091816367,22.755514643086975,2.6213012096180393,2.4515968063872258,0.16970440323081348,-6.922198739559336
60,500108047,2004,5.129740518962076,5.505323886981429,2.151641654884158,2.097804391217565,0.05383726366659314,-2.5663624259717563
60,500108048,2004,8.37125748502994,8.96942569152367,1.4144437500439184,1.1706586826347305,0.24378506740918793,-20.824606781245212
60,500108049,2004,18.09431137724551,18.159794201062663,3.660161144660847,3.9830339321357284,-0.3228727874748816,8.106202281378886
60,500108050,2004,7.037425149700598,6.669318350504852,2.411671442689059,2.3502994011976046,0.061372041491454254,-2.6112435488083725
60,500108051,2004,14.320359281437126,14.482530051437,1.7618460745361013,1.7589820359281436,0.0028640386079576974,-0.16282364171197805
60,500108052,2004,10.201097804391217,10.034913032856979,2.574061991980163,2.651696606786427,-0.07763461480626432,2.927733685956976
60,500108054,2004,17.812874251497007,17.767018168071974,3.2330866684480326,3.4221556886227544,-0.18906902017472182,5.524851508167725
60,500108055,2004,11.9186626746507,12.55777070819133,2.854412238029655,2.755489021956088,0.09892321607356713,-3.5900421045169963
60,500108056,2004,13.486526946107784,13.170172226455305,2.7019466044695664,2.6951097804391217,0.00683682403044461,-0.25367515935958157
60,500108057,2004,14.010479041916168,13.841532939615465,4.012381363920301,4.225548902195609,-0.21316753827530732,5.04473012167827
60,500108058,2004,10.70059880239521,10.752085452753974,1.4149017566549107,1.3662674650698603,0.04863429158505039,-3.5596464695559162
60,500108059,2004,10.476047904191617,10.373730374001559,1.447919933307564,1.5548902195608783,-0.10697028625331417,6.879603775726624
60,500108060,2004,6.641217564870259,7.153861934122804,2.164087315457909,2.029940119760479,0.13414719569742983,-6.6084311744751565
60,500108061,2004,6.999500998003992,7.149287524488831,2.511802765086673,2.7370259481037924,-0.2252231830171194,8.228755857179713
60,500108062,2004,7.778443113772455,7.85859249021737,2.128382741283171,2.2260479041916166,-0.09766516290844551,4.387379207992038
60,500108063,2004,4.527445109780439,4.838787077806823,1.837188752069912,1.9760479041916168,-0.13885915212170485,7.027114667977185
60,500108064,2004,4.411177644710579,4.387520773349111,1.745299107272209,1.689121756487026,0.056177350785183044,-3.325831934224721
60,500108065,2004,7.333832335329341,7.496551427727836,0.9715212531806031,0.8952095808383234,0.07631167234227976,-8.524447679706165
60,500108066,2004,8.731536926147704,8.853628872844409,1.6077857156181483,1.7055888223552895,-0.09780310673714121,5.73427226159248
60,500108067,2004,6.431137724550898,7.012819830617496,2.1189385559255256,2.0199600798403194,0.09897847608520616,-4.9000213951273
60,500108068,2004,17.181137724550897,16.75227601081643,3.3089261100087937,3.5683632734530937,-0.2594371634443,7.270480709584355
60,500108069,2004,6.998502994011976,7.049448332945694,0.8996704519114742,0.8013972055888223,0.09827324632265189,-12.262738831294794
60,500108070,2004,9.688622754491018,9.975550060727688,5.468829105812437,5.614770459081837,-0.14594135326939917,2.599239885814752
60,500108071,2004,9.479041916167665,10.338888228444118,2.04366706212651,1.907185628742515,0.13648143338399477,-7.156169348548548
60,500108072,2004,11.731536926147704,12.047682228280161,1.8165757578544741,1.8193612774451098,-0.0027855195906356656,0.15310425835529
60,500108073,2004,5.735029940119761,6.138134836635936,1.7831788606012202,1.6766467065868262,0.10653215401439398,-6.353882043001355
60,500108075,2004,3.697604790419162,4.395144225201045,1.5359439171323974,1.2744510978043913,0.26149281932800617,-20.518073998955533
60,500108076,2004,7.607285429141717,7.907678790577186,2.5017544190828644,2.6447105788423153,-0.14295615975945086,5.405361210527161
60,500108077,2004,11.255489021956087,11.130221351410183,1.809933735902981,1.9286427145708582,-0.11870897866787722,6.15505286547027
60,500108078,2004,10.919161676646707,11.091764007627685,1.3851321313420442,1.3218562874251496,0.06327584391689456,-4.786892835389079
60,500108079,2004,7.657684630738523,7.6518808101288975,1.0931902739318875,1.12375249500998,-0.030562221078092477,2.7196576838586735
60,500108081,2004,7.726546906187624,8.378141533261427,2.7857178315198774,2.8273453093812377,-0.04162747786136034,1.4723167249235107
60,500108082,2004,9.445109780439122,9.521234471731956,4.731096845681156,5.147704590818363,-0.416607745137207,8.093077949350162
60,500108083,2004,6.988522954091817,7.607456775169464,3.0004738461787346,2.958582834331337,0.04189101184739741,-1.4159147873534224
60,500108084,2004,9.119261477045908,9.959425054674337,3.59252360005152,3.7175648702594812,-0.1250412702079613,3.363526248278583
60,500108085,2004,3.730538922155689,4.569738063367943,1.7304152924519953,1.5508982035928143,0.17951708885918105,-11.57504009246457
60,500108086,2004,9.432634730538922,9.471197353447486,2.4014290573291044,2.526447105788423,-0.12501804845931863,4.9483738714689816
60,500108087,2004,4.57185628742515,5.037096617061358,0.9053159413528651,0.6996007984031936,0.20571514294967153,-29.404646681251194
60,500108088,2004,10.488023952095809,10.689509828773753,1.9214083462257092,2.099800399201597,-0.17839205297588756,8.495667161684379
60,500108089,2004,9.363273453093813,9.523784053083908,2.442610356798215,2.5558882235528944,-0.11327786675467921,4.432035239679366
60,500108090,2004,8.714570858283434,8.570639858224746,1.5290014697890404,1.5878243512974053,-0.0588228815083649,3.704621450118267
60,500108091,2004,4.967065868263473,5.429954146192859,1.7096391021180464,1.6536926147704591,0.055946487347587226,-3.3831249440122146
60,500108092,2004,4.739021956087824,5.423448387530836,1.6705946444943955,1.5449101796407185,0.125684464853677,-8.135389779288396
60,500108093,2004,7.5873253493013975,7.605547740270521,2.544834762225563,2.8033932135728543,-0.2585584513472914,9.22305333748615
60,500108094,2004,5.401696606786427,5.627379267204305,2.133399909322777,2.059880239520958,0.07351966980181901,-3.5691235049138883
60,500108095,2004,11.192614770459082,11.130307026650046,2.609022700477325,2.636726546906188,-0.02770384642886281,1.050690920579884
60,500108096,2004,8.606786427145709,8.92517707049949,2.144896803915735,2.0269461077844313,0.11795069613130371,-5.819133309875249
60,500108097,2004,7.912175648702595,8.106342475446407,0.7784811257119973,0.6636726546906188,0.11480847102137859,-17.29896059600321
60,500108098,2004,6.17315369261477,6.5645328803022,3.1701084311774785,3.3198602794411176,-0.14975184826363908,4.510787673535739
60,500108099,2004,9.15369261477046,9.539492866359751,3.063059080194158,3.2035928143712575,-0.14053373417709958,4.386753945341239
60,500108100,2004,7.9271457085828345,8.112543624933101,0.9587132851221344,0.8662674650698603,0.09244582005227409,-10.671740978384635
60,500108102,2004,4.6032934131736525,4.871308299860268,1.3574708301521639,1.3233532934131738,0.034117536738990095,-2.578112504711016
60,500108103,2004,8.257984031936127,8.296250637262125,3.128898472210674,3.254491017964072,-0.12559254575339773,3.8590533837750547
60,500108104,2004,6.170159680638722,6.713906491007354,1.1832667154840304,0.9321357285429142,0.25113098694111624,-26.941461339935596
60,500108105,2004,5.535429141716567,6.050225276403441,1.8415575863761127,1.8902195608782435,-0.048661974502130834,2.5744085771454643
60,500108106,2004,8.060878243512974,8.53291962561633,2.1871096896383677,2.151696606786427,0.03541308285194056,-1.6458213830076271
60,500108107,2004,7.056387225548902,7.52135879115654,2.00675176540442,1.9291417165668663,0.07761004883755351,-4.023035123395169
60,500108108,2004,5.200598802395209,5.4586442207841355,1.3950274718488083,1.343313373253493,0.05171409859531528,-3.8497419608102463
60,500108109,2004,4.161676646706587,4.542688937433065,1.5260761465606558,1.4091816367265468,0.11689450983410898,-8.29520530125901
60,500108110,2004,10.49500998003992,11.83874688628885,3.2183247900365366,3.218562874251497,-0.00023808421496029908,0.007397221190394408
60,500108111,2004,7.37375249500998,7.729097795168706,1.5468887153424231,1.5429141716566865,0.003974543685736576,-0.2575997912747768
60,500108112,2004,6.4336327345309385,6.735057672574136,1.9915873183116453,2.065369261477046,-0.07378194316540054,3.5723366538647667
60,500108115,2004,11.551397205588822,11.453971361982695,1.5773902293507858,1.4900199600798403,0.08737026927094549,-5.863697910883281
60,500108116,2004,5.716067864271457,5.850466804159855,2.132967404014965,2.191616766467066,-0.05864936245210117,2.6760774670767473
60,500108117,2004,6.367265469061876,6.663165825310882,2.2194716841828526,2.1307385229540916,0.08873316122876096,-4.164432203804145
60,500108118,2004,7.556387225548902,7.878975619350482,1.8560329387334853,1.9181636726546907,-0.06213073392120538,3.2390736414697083
60,500108119,2004,4.218562874251497,4.73981030753118,1.9023892612462077,1.7664670658682635,0.13592219537794414,-7.694578518005651
60,500108120,2004,6.117265469061876,6.417462169121592,1.685885363073986,1.714071856287425,-0.028186493213439023,1.644417245989281
60,500108121,2004,7.326347305389222,7.729610576662915,2.228305393105288,2.2954091816367264,-0.06710378853143828,2.9233911351522246
60,500108122,2004,5.252994011976048,5.810829193344843,2.3622782583878292,2.3273453093812377,0.034932949006591496,-1.5009783406777306
60,500108123,2004,6.829840319361278,6.8567729451552175,1.0534826170718647,0.9151696606786427,0.13831295639322205,-15.1133677541994
60,500108124,2004,6.580838323353293,6.802650398278756,1.5511640793565553,1.622255489021956,-0.07109140966540073,4.38225730450517
60,500108125,2004,6.493512974051896,6.659236201358485,1.6589237379810298,1.6352295409181636,0.02369419706286613,-1.448982939090135
60,500108126,2004,8.098303393213573,8.306592777603448,1.245940169994654,1.0768463073852295,0.1690938626094245,-15.70269233870652
60,500108127,2004,10.588822355289421,10.350508676816387,1.8791276667735095,1.8273453093812375,0.051782357392271994,-2.8337477939408267
60,500108128,2004,7.537425149700598,7.657063758245096,3.868702799391528,4.264970059880239,-0.3962672604887114,9.291208494435214
60,500108129,2004,11.596806387225548,11.75114695099185,2.031998290761995,1.9950099800399201,0.03698831072207498,-1.8540413878698914
60,500108131,2004,12.265469061876248,11.578177582382937,3.1066527864834534,3.025948103792415,0.08070468269103825,-2.6670874688792985
60,500108132,2004,8.768962075848304,8.792463758277806,1.8071641771528053,1.840319361277445,-0.0331551841246398,1.8015994844299936
60,500108133,2004,7.48253493013972,7.689772635865709,1.4409016253136187,1.4870259481037924,-0.046124322790173755,3.101783317835846
60,500108134,2004,4.151696606786427,4.510962803566512,1.178879478145651,1.1402195608782435,0.038659917267407584,-3.390567798857103
60,500108135,2004,10.560878243512974,10.586794660454636,1.6508516444328751,1.7724550898203593,-0.12160344538748413,6.860734925577652
60,500108136,2004,6.4800399201596806,6.565776072928432,2.591152690937973,2.7055888223552893,-0.11443613141731612,4.229620202144993
60,500108137,2004,8.800898203592814,9.152426692009993,1.5412663120392012,1.5364271457085827,0.004839166330618427,-0.31496230355827637
60,500108138,2004,7.74251497005988,8.00663107946894,1.952123207843981,1.9281437125748504,0.02397949526913057,-1.2436570527778896
60,500108139,2004,5.24750499001996,5.55687534848299,1.8865338802079719,1.87375249500998,0.012781385197991879,-0.6821277213522164
60,500108140,2004,10.402195608782435,10.667150609116488,3.419096589854104,3.4755489021956087,-0.05645231234150483,1.624270408217885
60,500108141,2004,6.107285429141717,6.697830930089938,1.4713031494650515,1.372754491017964,0.09854865844708738,-7.178899001379974
60,500108142,2004,4.6177644710578845,5.111842231294381,1.432622659051946,1.2544910179640718,0.17813164108787416,-14.199515065238655
60,500108143,2004,3.4880239520958085,4.027970027726373,1.2641880536589798,0.9151696606786427,0.3490183929803371,-38.13701524169005
60,500108144,2004,3.417165668662675,3.782994826304781,1.1531051196299817,0.9660678642714571,0.18703725535852467,-19.360674573268774
60,500108145,2004,4.320858283433134,4.884434239058696,1.8411047042175857,1.8033932135728543,0.03771149064473134,-2.091140765136735
60,500108146,2004,7.3597804391217565,7.638580151610565,2.3292333005907206,2.2669660678642716,0.06226723272644907,-2.7467209857760055
60,500108147,2004,12.321357285429142,12.145030971614261,1.4381874506569,1.3942115768463075,0.043975873810592425,-3.1541750578535153
60,500108148,2004,5.153692614770459,5.40291444036104,1.2884778207130514,1.2285429141716566,0.05993490654139477,-4.8785358533288035
60,500108150,2004,4.425648702594811,4.925627901971421,2.0897166624221355,1.93313373253493,0.15658292988720546,-8.099953316829112
60,500108151,2004,4.446107784431137,4.8747639000296985,2.1756335882681785,2.2754491017964074,-0.09981551352822882,4.386629147161634
60,500108152,2004,3.8228542914171655,4.313324385358603,1.718207599356867,1.6057884231536925,0.11241917620317454,-7.00087101029092
60,500108153,2004,4.8562874251497,5.460523014581366,2.0625292606812313,1.8033932135728543,0.259136047108377,-14.369359114698051
60,500108154,2004,5.38872255489022,5.8657989806044855,2.0602374296224952,2.0429141716566868,0.01732325796580847,-0.8479679766360569
60,500108156,2004,9.895708582834331,9.980832697796341,1.9570399091934443,1.9620758483033933,-0.005035939109949039,0.25666383459658887
60,500108157,2004,4.844810379241517,5.193959774300837,1.9179973945971673,1.9510978043912175,-0.033100409794050156,1.696501821669476
60,500108158,2004,11.327345309381238,11.091804092105097,2.3145764080816114,2.2350299401197606,0.07954646796185072,-3.559078405794794
60,500108159,2004,10.152195608782435,10.118693548646329,2.924365433214015,3.0049900199600796,-0.08062458674606443,2.6830234446880294
60,500108160,2004,5.844311377245509,6.128671438223744,1.6846961964458511,1.624251497005988,0.06044469943986308,-3.7213879470809714
60,500108161,2004,7.712574850299402,8.169075220155685,1.8362534577820373,1.7265469061876249,0.10970655159441245,-6.354102005641692
60,500108162,2004,6.097305389221557,6.436768364581474,1.027154100989116,0.8917165668662674,0.13543753412284865,-15.188406176955159
60,500108164,2004,4.6177644710578845,5.087985411998901,1.679494897628219,1.5059880239520957,0.17350687367612316,-11.521132367360863
60,500108165,2004,9.561377245508982,9.99935476055868,2.9050902765423956,3.05938123752495,-0.15429096098255446,5.043208054298469
60,500108166,2004,4.158183632734531,4.448877786428811,1.8020592040424124,1.8313373253493015,-0.029278121306889116,1.5987290217712748
60,500108167,2004,4.6402195608782435,5.197062002926323,1.5513166421611106,1.5059880239520957,0.045328618209014904,-3.0098923423083455
60,500108168,2004,5.989021956087824,6.368363439936273,2.74100104653836,2.722055888223553,0.01894515831480703,-0.695987117559547
60,500108169,2004,12.930139720558882,13.507510341303698,1.7947497787246598,1.7984031936127745,-0.003653414888114659,0.20314770909494384
60,500108170,2004,5.464570858283433,5.917376380864306,2.1500202562634403,2.243013972055888,-0.09299371579244786,4.145926728544283
60,500108171,2004,4.750998003992016,5.2347354629353005,1.6232127925650743,1.4920159680638723,0.13119682450120207,-8.793258739144111
60,500108172,2004,5.003493013972056,5.6214108196284664,2.0181757361544848,1.9970059880239521,0.02116974813053263,-1.0600743441676008
60,500108173,2004,6.0953093812375245,6.328459472095244,0.835465234743606,0.6387225548902196,0.19674267985338645,-30.802525814545817
60,500108174,2004,6.197105788423154,6.545002481111255,2.5908690382249655,2.562874251497006,0.027994786727959298,-1.0923199494320566
60,500108175,2004,7.916666666666667,7.816403281260067,1.2029002367300043,1.0249500998003993,0.17795013692960504,-17.3618341970267
60,500108176,2004,4.929141716566866,5.342758922556448,1.5814400684927343,1.3602794411177646,0.22116062737496978,-16.258470185599393
60,500108177,2004,6.467065868263473,6.976111284856522,1.6605333875538963,1.1427145708582835,0.5178188166956128,-45.314799504716504
60,500108178,2004,10.133233532934131,10.069649056549068,1.8450542358747895,1.8732534930139721,-0.0281992571391827,1.5053625814310636
60,500108179,2004,8.800399201596806,9.102443117714142,1.985757312071648,1.9221556886227544,0.06360162344889364,-3.308869506531227
60,500108181,2004,8.364770459081836,8.73209547914047,2.316140666786526,2.431137724550898,-0.11499705776437219,4.730174543509891
60,500108182,2004,9.46506986027944,9.634665652789723,1.8935303130497265,1.8243512974051896,0.06917901564453688,-3.7919788662924483
60,500108183,2004,6.713073852295409,7.2676400636181215,2.411711721446962,2.4121756487025947,-0.0004639272556326013,0.01923273107752861
60,500108184,2004,5.3228542914171655,5.6436997999142,0.7270971338182886,0.530938123752495,0.1961590100657935,-36.94573836201599
60,500108185,2004,6.56187624750499,6.45002840152206,2.5625613032442676,2.7944111776447107,-0.23184987440044313,8.296913362473001
60,500108186,2004,9.70808383233533,9.89363280241747,1.587733708196336,1.4580838323353293,0.12964987586100674,-8.891798467674795
60,500108187,2004,7.386726546906187,7.523813296563528,2.613326554528678,2.8263473053892216,-0.21302075086054373,7.536963007142119
60,500108188,2004,10.235528942115769,10.40711824530411,3.46734595188568,3.4950099800399204,-0.027664028154240405,0.7915293035565073
60,500108189,2004,8.764471057884231,8.812756404265794,2.883892312387404,2.7984031936127742,0.08548911877462961,-3.0549250004343396
60,500108190,2004,6.650199600798403,6.9235025441595885,2.472139701410311,2.5818363273453095,-0.10969662593499852,4.248783115070294
60,500108191,2004,14.835329341317365,15.099928646647395,2.69851496732622,2.9770459081836327,-0.2785309408574128,9.35595047734253
60,500108192,2004,10.977045908183634,10.922718301283986,1.0958995918771886,0.9970059880239521,0.09889360385323642,-9.919058164258546
60,500108193,2004,6.016467065868263,6.518972769374897,1.3803699710765136,1.3013972055888223,0.07897276548769128,-6.068306059713701
60,500108194,2004,4.864271457085828,5.597119480581031,2.0457006855985664,1.842315369261477,0.20338531633708934,-11.03965801569683
60,500108195,2004,8.425149700598803,8.487679283930152,1.4681529303721752,1.4950099800399201,-0.026857049667744937,1.7964461793778657
60,500108196,2004,5.968562874251497,6.3121581935679165,1.5103048710811278,1.4720558882235528,0.03824898285757494,-2.598337682934922
60,500108197,2004,7.7554890219560875,7.834365685199194,1.4372090923761256,1.3547904191616766,0.08241867321444896,-6.083499857154907
60,500108199,2004,6.374750499001996,6.655584681815492,2.479385964107086,2.4241516966067866,0.05523426750029925,-2.278498807546309
60,500108200,2004,8.532435129740518,8.690363225441246,1.5343346714962325,1.5419161676646707,-0.007581496168438173,0.49169314956472815
60,500108201,2004,10.724051896207586,10.38432346296692,1.713832186238011,1.624750499001996,0.08908168723601495,-5.482791806540969
60,500108202,2004,7.720558882235529,8.080367164588756,1.8002706545435005,1.8058882235528941,-0.005617569009393586,0.31106958537785984
60,500108203,2004,9.723552894211577,9.928309970010941,1.731181740043274,1.808882235528942,-0.07770049548566793,4.295497736642167
60,500108204,2004,6.303892215568863,6.990659531069072,2.2001420706543287,2.1382235528942117,0.06191851776011692,-2.895792522550159
60,500108205,2004,8.295409181636726,8.429800182373627,1.6332168285670106,1.6931137724550898,-0.0598969438880792,3.537679798164183
60,500108206,2004,5.381736526946108,5.90873726984557,1.7287115896576077,1.6197604790419162,0.10895111061569152,-6.7263717089909365
60,500108207,2004,9.051397205588822,9.065267520346374,2.8280562761805235,2.7684630738522955,0.05959320232822796,-2.152573494336136
60,500108208,2004,5.716067864271457,6.249581099871564,1.964573538909955,1.968063872255489,-0.003490333345534058,0.17734858074163926
60,500108209,2004,4.480538922155689,4.999242788212499,1.313932006639453,1.1801397205588822,0.13379228608057092,-11.33698694737692
60,500108211,2004,8.120758483033931,8.250998851698442,1.0149046341239887,0.9431137724550899,0.07179086166889881,-7.612110411876889
60,500108212,2004,11.718562874251496,11.678880791134224,3.0115082972320972,3.0444111776447107,-0.03290288041261347,1.08076335595603
60,500108213,2004,4.650199600798403,5.255137729237226,1.1895942674509241,0.9421157684630739,0.24747849898785024,-26.268374574769695
60,500108214,2004,8.560878243512974,8.74085325825542,2.3409958258927586,2.563872255489022,-0.2228764295962633,8.692961559184736
60,500108215,2004,6.684131736526946,6.824344695862549,1.3557128306696713,1.2455089820359282,0.1102038486337431,-8.84809746242072
60,500108216,2004,5.690119760479042,6.0964477761176745,2.2558328841427446,2.334331337325349,-0.07849845318260451,3.3627811068392357
60,500108217,2004,5.49500998003992,5.802648449795133,0.9331059528940598,0.7684630738522954,0.16464287904176444,-21.424956467512725
60,500108218,2004,6.629740518962076,6.966244332877092,2.482724309064734,2.4950099800399204,-0.012285670975186402,0.49240969268547097
60,500108219,2004,5.999001996007984,6.110797276991996,1.6611492787850342,1.558882235528942,0.10226704325609215,-6.560280239603351
60,500108220,2004,9.626746506986027,9.685091072857912,1.786016267768771,1.746506986027944,0.03950928174082691,-2.262188588817632
60,500108221,2004,7.742015968063872,7.905041830115836,0.9084114996825547,0.7984031936127745,0.11000830606978029,-13.778540335239981
60,500108222,2004,6.426147704590818,6.4768516445114175,1.0642386862338518,0.9331337325349301,0.1311049536989216,-14.049964022066252
60,500108223,2004,6.421656686626746,6.592345680193924,1.7319648007245507,1.7834331337325349,-0.051468333007984146,2.8859132442081767
60,500108224,2004,8.669660678642714,8.795915251401738,1.5589025986123153,1.405189620758483,0.1537129778538322,-10.938949134200275
60,500108225,2004,5.333333333333333,5.916995639733931,1.9901734991830855,2.0548902195608783,-0.06471672037779275,3.149400379725514
60,500108226,2004,10.094810379241517,10.597022862542408,2.3021201132549196,2.250499001996008,0.05162111125891178,-2.2937629038327985
60,500108227,2004,6.451596806387226,6.861244729861688,1.6870453163464167,1.6516966067864272,0.03534870955998959,-2.1401454368042034
60,500108228,2004,15.006487025948104,15.005480186675507,0.8704632698567429,0.6516966067864272,0.21876666307031578,-33.56878964723681
60,500108229,2004,3.9850299401197606,4.518026577845544,0.7580381718942915,0.436127744510978,0.32191042738331344,-73.811040786746
60,500108230,2004,5.431636726546906,5.771903907019792,2.143153611137181,2.2015968063872258,-0.0584431952500446,2.6545821233247815
60,500108231,2004,6.724051896207585,6.762058594152997,1.9597179722433173,2.0199600798403194,-0.060242107597002104,2.982341492697436
60,500108233,2004,6.523453093812376,7.008176419669932,2.1092737935389625,2.18063872255489,-0.07136492901592772,3.2726617333619945
60,500108234,2004,4.338323353293413,4.727974170634134,1.1483176704306863,1.0179640718562875,0.13035359857439888,-12.805324095249771
60,500108235,2004,9.365768463073852,9.075175365670296,1.1048753997715002,1.031936127744511,0.07293927202698924,-7.068196380178262
60,500108236,2004,8.597305389221557,8.64337137227476,1.1084565583472934,1.0379241516966067,0.07053240665068672,-6.795526102306548
60,500108237,2004,12.365269461077844,12.5576534192016,1.825233243783574,1.68562874251497,0.13960450126860402,-8.282043236894092
60,500108238,2004,6.05938123752495,6.244383886988198,1.24135983836118,1.0718562874251496,0.1695035509360303,-15.814018439283275
60,500108239,2004,6.531437125748503,6.6642067344946545,1.7334931777876041,1.6846307385229542,0.04886243926464995,-2.9004836577712823
60,500108240,2004,8.672654690618762,8.675145403507448,1.6200445535189738,1.5389221556886228,0.08112239783035102,-5.271377602205689
60,500108241,2004,7.324351297405189,7.7235670427107035,1.4541746360965624,1.3602794411177646,0.09389519497879784,-6.902640159116319
60,500109001,2004,11.70558882235529,11.64133279273269,2.5603224147257784,2.6696606786427144,-0.10933826391693602,4.095586558682987
60,500109002,2004,4.618263473053892,5.49911083012972,2.837608584521133,2.748502994011976,0.08910559050915712,-3.2419681078495075
60,500109003,2004,12.128243512974052,12.425311068604366,2.9161702093906987,3.055389221556886,-0.13921901216618737,4.556506620627789
60,500109004,2004,6.262974051896207,6.644985892926002,2.6026802495100427,2.503992015968064,0.09868823354197875,-3.9412359509391273
60,500109005,2004,17.38323353293413,17.094402411583484,2.619397807606111,2.6706586826347305,-0.051260875028619424,1.9194094461388889
60,500109006,2004,16.339321357285428,15.984063597183997,2.7674818272403248,2.904191616766467,-0.13670978952614243,4.707326773374389
60,500109007,2004,32.808383233532936,32.100110726907886,3.565904091614515,3.1696606786427144,0.39624341297180043,-12.501130346276577
60,500109008,2004,19.91616766467066,19.172027358217587,3.1951441564490466,3.489021956087824,-0.2938777996387776,8.4229277814089
60,500109009,2004,8.867265469061877,8.296702637157013,2.446993738143417,2.5818363273453095,-0.13484258920189252,5.222739635883119
60,500109010,2004,11.768463073852296,12.309532691058426,1.7512905135210413,1.4895209580838322,0.26176955543720903,-17.574076686638758
60,500109011,2004,24.84680638722555,24.333380681761042,5.91177960590294,5.869261477045908,0.04251812885703199,-0.724420423648122
60,500109012,2004,7.684630738522954,7.777245958265678,1.5555580830720286,1.3592814371257484,0.19627664594628014,-14.439735626884929
60,500109013,2004,17.635728542914173,17.03318699376143,2.000039388980673,1.781936127744511,0.2181032612361622,-12.239678955958249
60,500109014,2004,6.505988023952096,6.91471266202112,2.2532820711916877,2.2045908183632736,0.04869125282841402,-2.2086299381652714
60,500109015,2004,13.730538922155688,14.099689358764156,3.4187124867471357,3.5823353293413174,-0.1636228425941817,4.567490967526676
60,500109016,2004,6.813373253493014,6.970822208473022,1.5937359444227306,1.5858283433133733,0.007907601109357287,-0.49864168103058537
60,500109017,2004,8.580838323353293,8.804163235518145,1.268909792600598,1.2345309381237526,0.03437885447684552,-2.784770588989427
60,500109018,2004,8.262974051896208,7.988836808498009,1.7137430250680725,1.8383233532934131,-0.1245803282253406,6.776845216166736
60,500109019,2004,19.218562874251496,19.09886916282272,4.010213085821685,4.006986027944111,0.0032270578775737135,-0.08053579061840252
60,500109020,2004,14.734530938123752,14.199433499279213,2.263852645163968,2.218562874251497,0.045289770912471106,-2.041401279995324
60,500109022,2004,16.90319361277445,16.626164243777986,2.863461930239549,3.1986027944111775,-0.33514086417162847,10.477726861153563
60,500109023,2004,20.07634730538922,19.57677168407437,5.454198018718109,5.5344311377245505,-0.08023311900644181,1.449708506797488
60,500109024,2004,12.820858283433134,12.511153867431133,2.9240066300694543,2.8602794411177643,0.06372718895168994,-2.2280056988692714
60,500109025,2004,17.812874251497007,16.931077177552314,5.603257676650109,6.005988023952096,-0.4027303473019863,6.705480358866572
60,500109027,2004,29.83383233532934,29.01293988353142,4.863426915497315,5.310379241516966,-0.44695232601965085,8.416580166729753
60,500109028,2004,12.400698602794412,11.758433800121884,2.1374604538867317,1.998003992015968,0.13945646187076366,-6.979788950774486
60,500109029,2004,12.44810379241517,11.937873869039995,1.720582725157857,1.6731536926147705,0.04742903254308639,-2.834708655423356
60,500109030,2004,8.465568862275449,8.718391212690056,1.7708599202869686,1.6986027944111777,0.07225712587579092,-4.253915401148208
60,500109031,2004,17.753992015968063,17.449534902291553,4.3981513492418856,4.319860279441118,0.07829106980076794,-1.8123518988187475
60,500109032,2004,47.11377245508982,45.12356027876669,6.942307879760546,7.364770459081837,-0.42246257932129083,5.736262680126478
60,500109033,2004,14.517964071856287,15.156467529184557,3.055138142708045,3.1941117764471056,-0.1389736337390608,4.350932073317885
60,500109034,2004,19.283433133732537,19.184194538843855,5.636711176351209,5.8822355289421155,-0.24552435259090633,4.173997307364916
60,500109035,2004,9.42564870259481,10.315724043053484,2.8686185398108126,2.8233532934131738,0.04526524639763885,-1.603244146003327
60,500109036,2004,12.498003992015969,12.397903566638927,4.069532126028183,4.193612774451098,-0.12408064842291466,2.958800802469312
60,500109037,2004,8.882734530938123,9.464552286879199,3.447079373001465,3.6676646706586826,-0.2205852976572178,6.014325666735571
60,500109039,2004,9.633233532934131,9.649223496842211,2.447052789147803,2.553892215568862,-0.10683942642105926,4.183396063849214
60,500109040,2004,4.808882235528942,5.698989793198534,2.1289784482058516,1.996007984031936,0.13297046417391556,-6.66182025511317
60,500109041,2004,10.39620758483034,10.48676083060809,1.894841281259719,2.021956087824351,-0.12711480656463214,6.286724391794739
60,500109042,2004,12.68562874251497,12.196774974398137,2.3540521014200197,2.437125748502994,-0.08307364708297404,3.4086729884168716
60,500109043,2004,10.729540918163673,10.565427882328061,2.9273115883791054,3.059880239520958,-0.13256865114185246,4.332478422835491
60,500109044,2004,5.395708582834331,5.7319542909965415,2.019101775479503,1.9705588822355289,0.048542893243973984,-2.4634073958197993
60,500109045,2004,8.972055888223553,9.298206066098684,3.252422437063921,3.315369261477046,-0.0629468244131246,1.8986369073434934
60,500109046,2004,15.424151696606787,15.528178835316192,3.6868461736361664,3.937624750499002,-0.25077857686283567,6.368777949982545
60,500109047,2004,20.716566866267463,20.444318578229144,2.8247592118610725,2.8687624750499,-0.044003263188827635,1.5338761424667
60,500109048,2004,12.189620758483034,12.534734492713449,3.1040072951183757,3.1032934131736525,0.0007138819447232159,-0.023004010568022586
60,500109049,2004,8.541417165668662,8.630075865283834,1.9854785542780529,1.9975049900199602,-0.012026435741907315,0.6020728760125471
60,500109050,2004,6.437624750499002,7.0807432462181845,2.2368201180481697,2.210079840319361,0.026740277728808604,-1.2099236073274429
60,500109051,2004,6.955588822355289,7.163773523300876,2.1605384249237467,2.2450099800399204,-0.08447155511617366,3.762636062520827
60,500109052,2004,7.925648702594811,7.9749410830303935,1.9197405630937932,2.0204590818363273,-0.10071851874253412,4.984932367499096
60,500109053,2004,12.75998003992016,12.800710908209911,5.389271151671054,5.599301397205589,-0.21003024553453464,3.7510080389555958
60,500109054,2004,27.63872255489022,26.50054695574378,3.5023391637224695,3.2654690618762476,0.23687010184622181,-7.253784903725985
60,500109055,2004,16.166666666666668,15.723945956928198,1.828982017268969,1.6197604790419162,0.2092215382270528,-12.916819550431725
60,500109056,2004,13.165169660678643,12.825114185647827,1.8109576257982951,1.8138722554890219,-0.0029146296907267555,0.1606854993181958
60,500109057,2004,10.564870259481038,10.373514411790591,1.5683332846906288,1.6117764471057885,-0.043443162415159664,2.6953590551077387
60,500109058,2004,7.784930139720559,7.616705342964591,2.7121471102405184,2.9910179640718564,-0.27887085383133803,9.323610128094783
60,500109059,2004,9.4186626746507,9.509701945023059,2.2158208891861446,2.13373253493014,0.08208835425600469,-3.8471717008660753
60,500109060,2004,5.9655688622754495,5.992890265344614,1.9202864853305721,1.8493013972055887,0.07098508812498339,-3.8384812898668836
60,500109061,2004,5.793413173652695,5.782516205622251,1.561384926317309,1.624251497005988,-0.06286657068867907,3.8704948589896424
60,500109062,2004,9.361277445109781,9.075388799809124,1.287298442878879,1.06187624750499,0.22542219537388886,-21.22866915081171
60,500109063,2004,12.47255489021956,12.167882197670647,3.0846093376984323,3.311377245508982,-0.22676790781054956,6.848144774748965
60,500109064,2004,10.136227544910179,10.16293076267574,4.106117474280438,4.367265469061876,-0.2611479947814379,5.979668436266015
60,500109065,2004,10.182135728542914,10.10059455640427,1.9434058315391471,1.9860279441117765,-0.04262211257262938,2.146098331546464
60,500109066,2004,25.384730538922156,25.209610592797137,2.505466225243941,2.600798403193613,-0.09533217794967186,3.6654966349029623
60,500109067,2004,8.257984031936127,8.588634697972093,1.5871245059872,1.5239520958083832,0.0631724101788167,-4.145301571655162
60,500109068,2004,19.21706586826347,18.24884996092867,2.88331511573539,2.8802395209580838,0.003075594777306012,-0.10678260453432517
60,500109070,2004,12.303892215568862,12.257014632820788,3.0768024450950016,3.214570858283433,-0.13776841318843136,4.285748215299852
60,500109071,2004,10.407684630738522,10.281588421277908,2.6330386336227463,2.8353293413173652,-0.202290707694619,7.1346458680045135
60,500109072,2004,7.37874251497006,7.51733022987682,1.4987669500742082,1.372255489021956,0.1265114610522522,-9.219235198135033
60,500109073,2004,3.3612774451097804,4.095799316642953,1.6544914898048515,1.4431137724550898,0.21137771734976174,-14.64733560058515
60,500109074,2004,7.919660678642715,7.789296947854008,1.625676994944858,1.7135728542914173,-0.0878958593465593,5.129391442355994
60,500109075,2004,17.663672654690618,17.642865501780342,8.268746800903234,9.142714570858283,-0.8739677699550494,9.559171547810934
60,500109076,2004,6.772954091816367,7.550934009929369,2.776189169860006,2.7355289421157685,0.04066022774423761,-1.4863753447546912
60,500109077,2004,7.921157684630739,7.76921223655117,2.672045958320622,2.6187624750499,0.053283483270722076,-2.0346817925786405
60,500109078,2004,8.169660678642714,7.717304283600461,2.1728148612845524,2.183632734530938,-0.010817873246385723,0.49540717517726207
60,500109079,2004,13.333832335329342,13.348049980522237,2.7990026338309315,2.863273453093812,-0.0642708192628807,2.244662283074467
60,500109080,2004,7.874750499001996,7.546789168313487,1.2517509727763012,1.091816367265469,0.15993460551083216,-14.648489462692307
60,500109081,2004,16.41816367265469,15.833323886052797,4.547590353292495,4.771956087824352,-0.22436573453185638,4.701756059833108
60,500109082,2004,6.50499001996008,6.44626515145977,1.241223801690146,1.2944111776447105,-0.053187375954564464,4.109001596489868
60,500109084,2004,11.735528942115769,11.407400799561492,1.168627555308253,1.0828343313373254,0.08579322397092759,-7.92302400173912
60,500109085,2004,10.169660678642714,9.836270343796196,2.5270459225668778,2.711576846307385,-0.18453092374050728,6.805299432756286
60,500109086,2004,12.882235528942116,12.855648583319454,3.125211653500307,3.405189620758483,-0.2799779672581759,8.222096224873749
60,500109087,2004,14.152195608782435,13.631195787145543,2.0005470670454604,1.8063872255489022,0.19415984149655818,-10.748517192240405
60,500109088,2004,8.562375249500999,8.769512587229295,1.8682232560012382,1.901197604790419,-0.03297434878918093,1.7343988182025876
60,500109089,2004,6.61377245508982,6.718114675101565,2.194524341428203,2.2355289421157685,-0.04100460068756551,1.8342236557562785
60,500109091,2004,9.56936127744511,9.3880169362541,2.3211599857792784,2.5064870259481036,-0.18532704016882517,7.393895849060835
60,500109092,2004,7.333333333333333,7.867765418488469,2.9307040008332548,2.7325349301397206,0.19816907069353418,-7.25220631245147
60,500109093,2004,15.359281437125748,14.53187465056197,2.87835887805482,2.9241516966067866,-0.04579281855196671,1.5660206207873937
60,500109094,2004,7.662175648702595,7.871384128872175,1.4617556743790512,1.5084830339321358,-0.0467273595530846,3.097639052080104
60,500109095,2004,6.207085828343313,6.823525606098256,1.4217204211376273,1.2475049900199602,0.17421543111766713,-13.965108958392197
60,500109096,2004,5.4141716566866265,5.570237212962119,1.403985236696913,1.154690618762475,0.24929461793443797,-21.58973268541978
60,500109097,2004,7.724051896207585,7.598431119965409,1.5062559567885043,1.4006986027944113,0.10555735399409305,-7.536050495338883
60,500109098,2004,8.85379241516966,8.363739199399488,2.029736203985609,2.154690618762475,-0.12495441477686597,5.799181269403414
60,500109099,2004,6.941117764471058,7.251763576635614,3.170300568267831,3.2689620758483033,-0.09866150758047221,3.0181294640706198
60,500109100,2004,5.0039920159680635,5.315854613374089,1.7817823935852113,1.6506986027944113,0.13108379079080001,-7.941109937870714
60,500109101,2004,29.210578842315368,28.77420596400859,3.5954149247844662,3.244510978043912,0.35090394674055414,-10.815310816180723
60,500109102,2004,4.197604790419161,4.5573653163611585,0.6980319209368694,0.282435129740519,0.4155967911963504,-147.147697801676
60,500109103,2004,7.250998003992016,7.217050687287606,1.4936065664441704,1.3837325349301397,0.10987403151403075,-7.940409634118919
60,500109104,2004,6.159181636726547,6.481060211637025,1.9193108577495464,1.811377245508982,0.1079336122405643,-5.95864900633859
60,500109105,2004,7.823852295409182,7.6728005553298795,2.1054459836946218,2.2160678642714573,-0.11062188057683553,4.9918092473762306
60,500109106,2004,7.753493013972056,7.8763092526603735,1.4418690978763764,1.372255489021956,0.06961360885442036,-5.072933532518488
60,500109107,2004,7.251996007984032,7.585627591496865,1.266454620796637,1.2574850299401197,0.008969590856517273,-0.7132960347801832
60,500109108,2004,8.69311377245509,8.54280974993938,1.1110065407179774,1.0508982035928143,0.06010833712516317,-5.719710712195014
60,500109109,2004,5.168662674650698,5.664424142180335,1.6769665755957854,1.6287425149700598,0.048224060625725595,-2.960815486947123
60,500109110,2004,11.77245508982036,11.375644972433687,1.2274362046523226,1.0808383233532934,0.14659788129902918,-13.563349682514056
60,500109111,2004,8.592315369261478,8.760729849322146,1.6349115643610446,1.535928143712575,0.09898342064846966,-6.444534599724924
60,500109112,2004,8.44560878243513,8.896356520391281,1.7296311179345454,1.6606786427145708,0.06895247521997461,-4.152066116010491
60,500109113,2004,11.523453093812375,11.422089536717742,2.222732278116069,2.280439121756487,-0.057706843640418004,2.5305145438817873
60,500109114,2004,12.734530938123752,12.550638439817977,2.7442905000996176,2.8962075848303392,-0.15191708473072163,5.245379700213062
60,500109115,2004,4.724051896207585,5.20592400483961,1.7895174546035257,1.6716566866267466,0.11786076797677913,-7.050536687327325
60,500109116,2004,6.086826347305389,6.551227469781935,2.1849845653712716,2.0379241516966067,0.14706041367466494,-7.216186802253392
60,500109117,2004,8.309381237524951,8.51553056807223,2.513009738269375,2.5409181636726546,-0.027908425403279757,1.098359868581552
60,500109118,2004,10.388223552894212,10.388816187521549,1.7509280125996454,1.875249500998004,-0.12432148839835855,6.629597199316406
60,500109119,2004,5.175149700598802,5.8065976861841415,1.3249475128289139,1.1117764471057885,0.21317106572312539,-19.173914529135693
60,500109120,2004,33.757984031936125,33.21571733344709,2.0103270485516833,1.6087824351297406,0.4015446134219427,-24.959534903770876
60,500109122,2004,10.081836327345309,9.69591864188957,1.7759331840544323,1.7005988023952097,0.07533438165922268,-4.429873851088094
60,500109123,2004,7.9446107784431135,8.122920730223035,1.7585576003320351,1.7764471057884232,-0.01788950545638812,1.0070384532191514
60,500109124,2004,7.759980039920159,8.274824653003858,1.5225071287957708,1.4500998003992016,0.07240732839656916,-4.9932651791715275
60,500109125,2004,9.52744510978044,9.543509592107325,1.436884516599434,1.5169660678642714,-0.0800815512648374,5.279060155747834
60,500109126,2004,7.609281437125748,7.589901448041515,0.9444692839711739,0.7844311377245509,0.16003814624662305,-20.401809483348128
60,500109127,2004,8.262974051896208,8.072096252802764,1.1613406084036078,0.9201596806387226,0.2411809277648852,-26.21076893930748
60,500109128,2004,18.142215568862277,17.60106136562244,1.1861149826762931,0.8193612774451098,0.36675370523118334,-44.76092724015173
60,500109129,2004,22.377744510978044,21.724825483587143,3.3800821520538236,3.507984031936128,-0.1279018798823044,3.646022294226714
60,500109130,2004,6.880738522954092,7.305693303978978,1.6458233206917052,1.595808383233533,0.050014937458172204,-3.1341442985045993
60,500109132,2004,6.1851297405189625,7.412965776331182,1.907644850643758,1.377245508982036,0.5303993416617221,-38.51160437282939
60,500109133,2004,5.800898203592815,6.082817171750483,1.2643266706426075,1.1946107784431137,0.06971589219949381,-5.835866665321036
60,500109134,2004,12.299900199600799,12.208414995452518,1.608093049937794,1.592814371257485,0.015278678680308966,-0.9592253156434577
60,500109135,2004,10.793413173652695,11.354430261486948,1.738297473556115,1.5778443113772456,0.1604531621788694,-10.169137792740491
60,500109136,2004,6.696606786427146,6.875670298851536,1.5873432951211852,1.5803393213572854,0.007003973763899829,-0.4431942981640435
60,500109137,2004,9.89820359281437,10.021098606356302,1.4380376113627364,1.5,-0.061962388637263555,4.130825909150904
60,500109138,2004,9.547904191616766,9.502104921690059,2.1247040639079717,2.1407185628742513,-0.0160144989662796,0.7480898817814527
60,500109139,2004,5.567365269461078,5.8341363733106295,0.9877053044751083,0.906187624750499,0.08151767972460933,-8.995673467407329
60,500110002,2004,8.253493013972056,7.829766781816279,3.371404671300641,3.3862275449101795,-0.0148228736095386,0.437740034092475
60,500110003,2004,11.178642714570858,11.548123316949157,3.087482409857285,3.1711576846307383,-0.08367527477345327,2.638634943288755
60,500110004,2004,11.233532934131736,11.297159132368975,2.8093058064640752,2.9331337325349303,-0.12382792607085502,4.221693838822618
60,500110005,2004,27.45558882235529,27.165939932167664,7.068150766122658,7.55938123752495,-0.49123047140229215,6.498289422999496
60,500110006,2004,5.128243512974052,5.659289422085744,3.0480372185139624,3.2574850299401197,-0.20944781142615732,6.429739799295638
60,500110007,2004,10.063872255489022,10.580218624539782,4.4769031614541435,4.640718562874252,-0.1638154014201083,3.5299576822139467
60,500110008,2004,10.465568862275449,10.703508934098696,3.565717658546645,3.8183632734530937,-0.25264561490644866,6.616594514800354
60,500110009,2004,3.401696606786427,4.168621996732854,2.221365000074552,2.100798403193613,0.12056659688093907,-5.7390845641188095
60,500110010,2004,5.875249500998004,6.126046305062845,2.3242236492993875,2.3682634730538923,-0.04403982375450477,1.8595829499373695
60,500110011,2004,14.374251497005988,14.691879944858286,2.671456522996757,2.685129740518962,-0.013673217522204961,0.5092199946942714
60,500110012,2004,10.705089820359282,10.4452519452982,2.308905431055739,2.414171656686627,-0.10526622563088806,4.36034551807151
60,500110013,2004,19.01746506986028,18.657170790220135,4.620307268420576,4.986526946107785,-0.36621967768720864,7.344183269140059
60,500110014,2004,13.807884231536926,14.797370151354428,4.852917056795899,5.086826347305389,-0.23390929050948994,4.598334492652715
60,500110015,2004,6.417165668662674,6.749297498718402,2.5553557706062073,2.563872255489022,-0.008516484882814535,0.3321727463051835
60,500110016,2004,4.6017964071856285,4.931517033748035,2.026779604600495,2.1027944111776447,-0.07601480657714976,3.6149423915664007
60,500110017,2004,11.10379241516966,11.865212627865002,3.8832595715099867,3.9481037924151696,-0.06484422090518294,1.6424142908744515
60,500110018,2004,8.533932135728543,8.622409373718403,3.887929556161801,3.854790419161677,0.03313913700012394,-0.8596871268381666
60,500110019,2004,14.884730538922156,14.958711648679438,4.880083848269188,5.223053892215569,-0.342970043946381,6.566465731045642
60,500110020,2004,7.69061876247505,8.028371183178505,3.153371190482788,3.403193612774451,-0.24982242229166296,7.340823083174378
60,500110021,2004,12.743512974051896,13.481442095534511,3.6817474756332804,3.9815369261477045,-0.29978945051442407,7.529490648338212
60,500110022,2004,8.850798403193613,10.309647687190836,2.6373335252823975,2.277445109780439,0.3598884155019584,-15.802287131155227
60,500110023,2004,22.989520958083833,22.863445953245503,3.7475273128954463,3.8198602794411176,-0.07233296654567134,1.8936024161662361
60,500110024,2004,10.102794411177644,10.47606854486618,3.3632333266079577,3.6302395209580838,-0.26700619435012607,7.35505722993337
60,500110025,2004,15.750998003992017,15.74935298035129,3.362142074544781,3.531437125748503,-0.16929505120372212,4.7939421027590665
60,500110026,2004,8.3812375249501,8.285286529088527,2.5836916107885033,2.504491017964072,0.07920059282443148,-3.1623428575445445
60,500110027,2004,4.676646706586826,5.397780226062797,2.252947946242336,2.1397205588822357,0.11322738736010018,-5.291690398079309
60,500110028,2004,9.152694610778443,10.183036925194976,3.215520639413007,3.2739520958083834,-0.05843145639537628,1.7847376713356815
60,500110029,2004,7.36377245508982,7.534479344224098,2.931949999182394,3.2679640718562872,-0.33601407267389316,10.282061408436128
60,500110030,2004,7.363273453093813,7.80546713598226,2.3563674569332385,2.320359281437126,0.03600817549611257,-1.5518362084776256
60,500110031,2004,11.023952095808383,11.464163454613184,2.588302458651093,2.6736526946107784,-0.08535023595968516,3.192270863441752
60,500110032,2004,10.124750499001996,10.32583780644314,3.9137686232116984,4.2395209580838324,-0.32575233487213406,7.683706203904857
60,500110033,2004,9.988023952095809,10.370552469828116,3.3709402033799822,3.490518962075848,-0.11957875869586587,3.425816046126022
60,500110034,2004,10.011477045908183,9.87773344632183,3.204509353077881,3.439121756487026,-0.23461240340914502,6.821869652233409
60,500110035,2004,9.10179640718563,9.399271684812604,2.99045690399497,3.189620758483034,-0.19916385448806384,6.244123347842302
60,500110036,2004,9.260978043912175,9.87512298739889,4.5994517828943735,4.769461077844311,-0.17000929494993766,3.564538889722485
60,500110037,2004,6.752994011976048,7.6726998461411675,3.5188074484147136,3.5439121756487024,-0.02510472723398882,0.7083902193313658
60,500110038,2004,10.05439121756487,10.247636452628674,2.745286282232304,2.970059880239521,-0.22477359800721697,7.5679820296784746
60,500110039,2004,15.862774451097804,16.110615628629777,3.9299396535040128,4.432634730538922,-0.5026950770349092,11.340773774377555
60,500110040,2004,10.707085828343313,11.153822725438413,3.312556979412638,3.4830339321357284,-0.1704769527230905,4.894495891935148
60,500110042,2004,9.411177644710579,9.530660034194645,3.290204424729741,3.476546906187625,-0.186342481457884,5.359987553345767
60,500110043,2004,4.597804391217565,5.11707083208017,2.970405370365286,3.214570858283433,-0.24416548791814696,7.595585808568249
60,500110044,2004,15.601297405189621,16.14128447809875,6.7263234902806035,6.881736526946108,-0.15541303666550466,2.2583404066251274
60,500110045,2004,12.447604790419161,12.552728820878611,2.641637143394795,2.6986027944111775,-0.05696565101638251,2.110931298757962
60,500110046,2004,12.541417165668662,13.710119479922474,5.152601196614976,4.9880239520958085,0.1645772445191671,-3.299447759267816
60,500110047,2004,5.346307385229541,6.012761809828499,2.754510492355994,2.7330339321357284,0.02147656022026556,-0.7858138886509437
60,500110048,2004,9.199600798403194,9.788693477116032,4.358672261697103,4.790419161676646,-0.43174689997954285,9.012716537072958
60,500110049,2004,8.44311377245509,7.946296094655987,3.566018143250937,3.7270459081836327,-0.16102776493269566,4.320520028452566
60,500110050,2004,5.2075848303393215,5.447947831962387,2.5858314076355313,2.7135728542914173,-0.12774144665588594,4.707500167311427
60,500110051,2004,8.812874251497005,8.811795603963578,2.7368921678746694,2.753992015968064,-0.0170998480933946,0.6209113168900666
60,500110052,2004,6.022455089820359,6.4048804371987345,2.765813516355767,2.9535928143712575,-0.18777929801549043,6.35765692216663
60,500110053,2004,7.619261477045908,7.8741838459196645,1.8506028838440334,1.8083832335329342,0.0422196503110992,-2.33466278210383
60,500110054,2004,9.362774451097804,9.403835571604263,3.375665906916583,3.749500998003992,-0.3738350910874093,9.970262477231412
60,500110055,2004,4.0713572854291415,4.612217346947799,1.7902236896080204,1.7984031936127745,-0.00817950400475409,0.4548203669680132
60,500110056,2004,7.062375249500998,7.587027804290848,3.0129580582629147,3.1167664670658684,-0.10380840880295361,3.330644432294573
60,500110057,2004,7.350299401197605,7.122171936214905,2.6937637021412124,2.8283433133732534,-0.13457961123204099,4.7582487810340535
60,500110058,2004,4.485029940119761,4.817103213525918,2.2721287787069295,2.4216566866267466,-0.14952790791981707,6.174612146534379
60,500110059,2004,11.613273453093813,12.111894900654546,4.197261037551396,4.169161676646707,0.02809936090468934,-0.6739810802273781
60,500110060,2004,13.99251497005988,13.908598122570906,3.439208802271531,3.6192614770459084,-0.18005267477437759,4.974845722430065
60,500110061,2004,9.530439121756487,10.03776216520044,3.571042579776886,3.7080838323353293,-0.13704125255844346,3.695743104926937
60,500110062,2004,15.85379241516966,16.10105077041619,6.746111745649229,6.941616766467066,-0.19550502081783616,2.8164191051609784
60,500110063,2004,16.627245508982035,16.505561380207475,4.028181434953231,4.225548902195609,-0.19736746724237797,4.670812521890948
60,500110064,2004,6.756986027944111,7.330158675166549,3.2977158849934756,3.410179640718563,-0.11246375572508738,3.2978836182773645
60,500110065,2004,10.559880239520957,11.908520352342041,5.266973096878575,5.525449101796407,-0.2584760049178323,4.677918485101923
60,500110066,2004,9.822854291417165,10.007853040489042,2.626372526753372,2.6207584830339323,0.005614043719439632,-0.2142144633236295
60,500110067,2004,12.704590818363274,12.882919139472195,3.391644970396888,3.4231536926147705,-0.03150872221788248,0.9204588822833307
60,500110068,2004,8.307884231536926,8.631354990715035,2.458626397988216,2.3223552894211577,0.13627110856705826,-5.8677976271677
60,500110069,2004,8.96506986027944,8.804968731255876,2.6008656596843545,2.653692614770459,-0.052826955086104466,1.990696088615144
60,500110070,2004,6.504491017964072,6.234101829532392,2.869857486676045,2.8488023952095807,0.021055091466464226,-0.739085712012512
60,500110071,2004,5.7844311377245505,6.648168098357636,3.633022655900459,3.6142714570858283,0.0187511988146305,-0.5188099188805677
60,500110072,2004,3.9211576846307383,4.811681300083054,2.682676853008243,2.503992015968064,0.178684837040179,-7.135998673346328
60,500110073,2004,8.492015968063873,8.974771260522981,3.065330477919867,3.11626746506986,-0.05093698714999295,1.634551196934922
60,500110074,2004,7.8937125748503,8.442539601717648,3.1181781800977006,3.2060878243512976,-0.08790964425359693,2.741959954618027
60,500110076,2004,10.634231536926148,10.82294404431618,2.8570884132199614,2.7959081836327346,0.0611802295872268,-2.1882059627485724
60,500110077,2004,8.457085828343313,8.854884968296476,2.5773381010438756,2.6696606786427144,-0.09232257759883877,3.4582139347303347
60,500110078,2004,9.250499001996008,9.519383817809967,4.013308334815925,4.119760479041916,-0.10645214422599114,2.583940128741355
60,500110079,2004,8.513972055888223,8.516866258279645,2.7631534343908912,2.8607784431137726,-0.09762500872288138,3.4125330103027083
60,500110080,2004,5.4286427145708585,5.478007461367142,1.908400200214419,2.0439121756487024,-0.1355119754342835,6.630029266853129
60,500110081,2004,7.442115768463074,7.389460085225006,2.6818761377852818,2.912674650698603,-0.2307985129133212,7.923937294471401
60,500110082,2004,9.419161676646707,9.44527906142202,2.559270538864568,2.5728542914171655,-0.013583752552597694,0.527964315659538
60,500110083,2004,8.201596806387226,7.927552177376988,1.4579502980265746,1.375249500998004,0.0827007970285707,-6.013512236765446
60,500110084,2004,12.697105788423153,12.49488984716632,3.46843800962538,3.7739520958083834,-0.30551408618300346,8.09533556407165
60,500110085,2004,7.848303393213573,7.560428393433595,2.1493859500956787,2.2025948103792414,-0.05320886028356275,2.4157352969700896
60,500110086,2004,8.035928143712574,8.342177955460796,2.7502437357964844,2.8353293413173652,-0.08508560552088085,3.0009073119296943
60,500110087,2004,8.815868263473053,8.664679528747337,3.0166421346857355,3.1382235528942117,-0.12158141820847623,3.874211513591769
60,500110088,2004,4.991516966067865,5.297386910643932,2.400057401969454,2.5134730538922154,-0.11341565192276137,4.512308248028862
60,500110089,2004,10.830339321357286,10.92725084196564,3.332012989266881,3.5419161676646707,-0.2099031783977896,5.926260488999301
60,500110090,2004,12.462075848303392,12.462656723465376,2.3510793500733427,2.4940119760479043,-0.14293262597456158,5.731032061885182
60,500110091,2004,14.862774451097804,14.815831460334802,3.6466935093401815,4.054890219560878,-0.4081967102206967,10.066775871059269
60,500110092,2004,6.642714570858283,7.034397050772158,1.4031355723554777,1.1936127744510978,0.2095227979043799,-17.553665844497377
60,500110093,2004,11.087325349301397,10.791388666258799,2.8096986158732973,2.7974051896207586,0.012293426252538708,-0.4394581914036313
60,500110094,2004,13.283932135728543,13.411564323916878,1.166660474582313,1.0888223552894212,0.07783811929289186,-7.148835520758721
60,500110095,2004,7.986526946107785,8.690847418618018,1.6367793496975103,1.3822355289421158,0.2545438207553945,-18.415372447429984
60,500110096,2004,5.342814371257485,5.841326299918423,1.521334162178869,1.466067864271457,0.05526629790741189,-3.769695745624691
60,500110097,2004,5.9351297405189625,6.706546403055924,1.675396945482865,1.5254491017964071,0.14994784368645786,-9.829750695049446
60,500110098,2004,8.771956087824352,9.068393629370352,2.129523658815441,2.1312375249501,-0.001713866134658737,0.08041647702777122
60,500110099,2004,8.869261477045908,9.176631765781766,2.6433286751267384,2.686127744510978,-0.04279906938423972,1.5933370805501839
60,500110100,2004,5.434131736526946,5.597969846653305,1.8303961414246581,1.905688622754491,-0.0752924813298328,3.950933034432703
60,500110101,2004,7.944111776447106,8.04110074105083,2.4343360589692216,2.5459081836327346,-0.11157212466351307,4.382409600660137
60,500110102,2004,11.642215568862275,11.557170083940642,2.892420818587838,2.978043912175649,-0.08562309358781084,2.875145434818581
60,500110103,2004,6.1931137724550895,6.652566367870371,2.278870878473898,2.313872255489022,-0.03500137701512385,1.512675426748074
60,500110104,2004,9.882235528942116,10.242256901291952,2.822281577285791,3.006986027944112,-0.18470445065832086,6.142511103871143
60,500110105,2004,7.413173652694611,7.576450509936888,2.7443318723715184,3.0439121756487024,-0.299580303277184,9.841949635532405
60,500110106,2004,7.202594810379241,7.348177329510406,1.98774764081833,2.1681636726546905,-0.18041603183636035,8.321144483315678
60,500110107,2004,6.921157684630739,7.981685237293653,3.6770475502219964,3.7964071856287425,-0.1193596354067461,3.1440156329537223
60,500110108,2004,7.306387225548902,7.28012606279577,2.866886231562565,2.8542914171656686,0.012594814396896581,-0.44125888201714597
60,500110109,2004,6.75748502994012,6.930355213494223,2.1154268322357055,2.1222554890219563,-0.006828656786250775,0.3217641241393499
60,500110110,2004,6.986027944111776,7.612071286312188,2.0133083934791745,1.971057884231537,0.04225050924763751,-2.14354482360166
60,500111001,2004,12.612275449101796,12.385189690567918,2.807434799968045,2.9860279441117763,-0.1785931441437314,5.98096024171186
60,500111002,2004,22.39570858283433,22.612346915117847,3.7284769062579155,4.184131736526946,-0.4556548302690304,10.89006893093783
60,500111003,2004,8.008483033932135,9.533946134132194,4.241797062242845,3.876746506986028,0.3650505552568166,-9.416415403972977
60,500111004,2004,14.743512974051896,14.757050535764701,3.550557839061458,3.8313373253493013,-0.2807794862878432,7.328498183392
60,500111005,2004,23.04940119760479,22.476839092051062,4.796087847947979,5.187624750499002,-0.3915369025510227,7.547517821395243
60,500111006,2004,6.9960079840319365,6.60185359562771,2.837813416440406,3.088822355289421,-0.2510089388490151,8.12636370684049
60,500111007,2004,13.106786427145709,13.391509621810043,3.4460248402105376,3.5454091816367264,-0.0993843414261888,2.803183958030716
60,500111008,2004,15.381736526946108,15.780637305960719,4.535815943535757,4.733532934131737,-0.19771699059598014,4.176943381344552
60,500111009,2004,18.464570858283434,17.841196634064442,3.452992431324567,3.788922155688623,-0.335929724364056,8.866102563223604
60,500111010,2004,8.268962075848304,8.775531131042952,2.892096454957026,2.805389221556886,0.08670723340013975,-3.0907380955866253
60,500111011,2004,7.374750499001996,7.941079942660964,2.8184104453746635,2.8582834331337326,-0.03987298775906911,1.3949976862635214
60,500111012,2004,6.723053892215569,7.414181654055475,2.8106359693433953,2.6726546906187623,0.13798127872463306,-5.16270505160875
60,500111013,2004,17.832834331337324,17.94477774929051,6.519152264608079,7.078343313373254,-0.5591910487651752,7.900027224007128
60,500111014,2004,18.582834331337324,18.93241008686456,3.6214292352161017,3.815369261477046,-0.1939400262609441,5.083125982565158
60,500111015,2004,20.669161676646706,20.94809438832118,3.387363291104713,3.653193612774451,-0.2658303216697382,7.276655711325711
60,500111016,2004,20.952095808383234,20.324118991180494,3.6982358632145678,3.8582834331337326,-0.1600475699191648,4.148154812700547
60,500111017,2004,15.010978043912175,15.051346446378794,2.614529061649009,2.7040918163672654,-0.08956275471825625,3.3121195876616634
60,500111018,2004,8.454590818363274,8.926043940353079,2.318637522147808,2.1332335329341316,0.1854039892136763,-8.691218582086721
60,500111019,2004,12.090818363273453,13.290310084372932,3.5356280023421194,3.657684630738523,-0.12205662839640352,3.336991586717499
60,500111020,2004,13.61626746506986,14.133480672088407,3.8848193265070976,4.092814371257485,-0.20799504475038733,5.081956470126508
60,500111021,2004,6.7235528942115765,7.2617568718470515,2.5376247677750476,2.5863273453093814,-0.04870257753433371,1.8830786297280486
60,500111022,2004,8.437624750499001,9.18655207123827,3.4968837377806534,3.3213572854291415,0.17552645235151187,-5.284780806977612
60,500111023,2004,23.389221556886227,23.183518466400873,3.7415836583264284,3.9510978043912175,-0.20951414606478913,5.302681847863569
60,500111024,2004,13.241017964071856,13.848509377104243,2.4430238784426743,2.5474051896207586,-0.10438131117808425,4.097554311476608
60,500111025,2004,4.219061876247505,4.400123469394275,1.5599118012350166,1.4860279441117765,0.07388385712324008,-4.9719022724974185
60,500111026,2004,7.508982035928144,7.711969089709237,2.647334262029712,2.5713572854291415,0.07597697660057046,-2.9547421134784244
60,500111027,2004,6.503493013972056,6.8701523836061815,2.21133769440966,2.1956087824351296,0.015728911974530302,-0.7163804453854257
60,500111028,2004,12.17315369261477,12.245550523511419,3.0685904756811984,3.249500998003992,-0.1809105223227938,5.567332413004896
60,500111029,2004,7.455588822355289,7.67432621979566,2.1926460223563082,2.188622754491018,0.004023267865290059,-0.1838264660748125
60,500111030,2004,8.498003992015969,8.463478541598363,1.8538556871500809,1.813373253493014,0.04048243365706683,-2.232438003543256
60,500111031,2004,10.725548902195609,10.901934886566604,2.33174072433172,2.464071856287425,-0.13233113195570523,5.370425039271634
60,500111032,2004,6.216566866267465,6.590341930834252,2.180393868431967,2.096806387225549,0.0835874812064179,-3.986418665817741
60,500111033,2004,8.2624750499002,8.639365257581796,2.3540519608314434,2.367265469061876,-0.013213508230432769,0.5581760222130537
60,500111034,2004,10.980538922155688,11.178051184299282,2.822616246685168,2.8947105788423153,-0.07209433215714744,2.4905540707278657
60,500111035,2004,9.194610778443113,9.238832510277186,4.368472872664997,4.289920159680639,0.07855271298435795,-1.8310996489549067
60,500111036,2004,8.817365269461078,9.152633374087332,1.9835175655757846,2.0099800399201597,-0.026462474344375098,1.3165540860508365
60,500111037,2004,7.003493013972056,7.390088170901154,2.6104722115209893,2.468063872255489,0.14240833926550023,-5.770042698909472
60,500111038,2004,11.192115768463074,11.925680557063773,3.640585450429017,3.7440119760479043,-0.10342652561888732,2.7624517838231397
60,500111039,2004,13.635229540918164,13.413024541986486,1.8313105520956552,1.8857285429141717,-0.054417990818516504,2.8857807250676655
60,500111040,2004,8.592814371257486,8.58861640091125,2.7406203719120072,2.785429141716567,-0.044808769804559834,1.6086846056671067
60,500111041,2004,10.209081836327345,10.183963994266076,2.9228089708007716,2.9855289421157685,-0.06271997131499685,2.100799306622993
60,500111042,2004,9.652195608782435,9.535146900944389,2.1546570563098677,2.1621756487025947,-0.007518592392727008,0.34773272917204995
60,500111043,2004,8.844311377245509,9.031989877429375,1.728990297810798,1.656686626746507,0.07230367106429103,-4.364354120868652
60,500111044,2004,15.481536926147704,14.897695670724218,2.3740162088646524,2.279441117764471,0.09457509110018147,-4.149047341610413
60,500111045,2004,19.458582834331338,19.329800579866003,3.133788029796273,3.06187624750499,0.07191178229128292,-2.348618183046463
60,500111046,2004,9.705089820359282,9.245687704773227,3.3744750817386073,3.509481037924152,-0.13500595618554456,3.846892310476771
60,500111047,2004,12.832834331337326,12.68167795503291,2.510690453318848,2.7285429141716566,-0.21785246085280852,7.984205039301908
60,500111048,2004,10.303892215568862,10.546372106956087,3.203769886021143,3.4755489021956087,-0.27177901617446576,7.819743695816646
60,500111049,2004,4.327844311377246,5.048637686703086,1.832082804644187,1.6357285429141717,0.19635426173001536,-12.004086043531139
60,500111050,2004,8.310878243512974,8.475799735384811,2.741194706645302,2.730538922155689,0.01065578448961313,-0.3902447389836387
60,500111051,2004,9.524451097804391,9.39344544775211,3.517143379931804,3.500998003992016,0.016145375939788043,-0.4611649570030678
60,500111052,2004,5.4510978043912175,6.070831357352865,1.3426885278575451,1.0718562874251496,0.2708322404323955,-25.26758891184919
60,500111053,2004,7.112275449101796,7.469756458494234,1.823355262313359,1.8782435129740518,-0.054888250660692695,2.922318127630929
60,500111054,2004,5.340818363273453,5.793367422246739,1.037678488094426,0.8173652694610778,0.2203132186333483,-26.95407143719353
60,500111055,2004,11.532435129740518,11.6534089286388,3.4118810500680308,3.4845309381237524,-0.07264988805572159,2.084925900954691
60,500111056,2004,10.12375249500998,10.673270726401569,4.027882876071733,4.533932135728543,-0.5060492596568098,11.161377023467386
60,500111057,2004,6.675648702594811,6.878999015911166,2.448303623625026,2.3722554890219563,0.0760481346030697,-3.2057312104449234
60,500111058,2004,6.397205588822355,6.816856307728822,1.5134184834208597,1.4755489021956087,0.03786958122525097,-2.566474155407607
60,500111059,2004,13.531936127744512,13.770324585499905,1.9009488621935964,1.8982035928143712,0.002745269379225146,-0.14462460136611968
60,500111060,2004,20.929640718562876,20.905228034534105,3.097718055784101,3.4850299401197606,-0.3873118843356598,11.113588433686456
60,500111061,2004,5.921157684630739,6.5999344915096945,1.960366537731682,1.7015968063872255,0.25876973134445636,-15.20746456346893
60,500111062,2004,6.805888223552894,7.747684085301529,3.083130632272658,2.8213572854291415,0.2617733468435164,-9.278277097177341
60,500111063,2004,7.391716566866267,7.488871894545611,2.32101014764133,2.4775449101796405,-0.15653476253831045,6.318140264386186
60,500111064,2004,8.597305389221557,8.395282793457858,1.5723575456356744,1.658682634730539,-0.08632508909486458,5.204436779365481
60,500111065,2004,14.476546906187625,13.538895451158023,3.328186965990729,3.1511976047904193,0.1769893612003095,-5.616574502698658
60,500111066,2004,5.854291417165669,5.935494352039724,1.3412330183767813,1.1666666666666667,0.1745663517101146,-14.96283014658125
60,500111067,2004,6.869760479041916,7.098338998550228,2.280636853917268,2.3213572854291415,-0.040720431511873656,1.754164762463345
60,500111068,2004,9.824850299401197,9.659950861915876,3.566328864165355,3.6142714570858283,-0.04794259292047309,1.3264801354773998
60,500111069,2004,13.650199600798404,13.7098246131704,6.156476683205482,6.612275449101796,-0.4557987658963141,6.893221091662618
60,500111070,2004,21.45359281437126,20.74063708724135,6.103544075452314,6.647704590818363,-0.5441605153660491,8.185690382777079
60,500111071,2004,12.263473053892216,12.181563607385842,2.913123567517605,3.0813373253493013,-0.16821375783169623,5.459115314894238
60,500111072,2004,9.125249500998004,9.47167016083114,2.2862922089422053,2.4770459081836327,-0.19075369924142738,7.700854417401701
60,500111073,2004,6.667664670658683,6.697768766525814,2.573183648936797,2.863273453093812,-0.29008980415701524,10.131404104751805
60,500111074,2004,8.011477045908183,8.37892259638303,2.101166788276515,2.0494011976047903,0.05176559067172448,-2.5258885733171628
60,500111075,2004,8.063872255489022,7.998210946551524,2.4326289716775955,2.5823353293413174,-0.14970635766372187,5.797324459093693
60,500111076,2004,3.2534930139720557,4.19004724539131,2.20226041282209,1.8967065868263473,0.3055538259957429,-16.109704480280683
60,500111077,2004,6.280938123752495,6.485076698573026,1.9609686276357703,1.9890219560878244,-0.028053328452054105,1.4104081840922333
60,500111078,2004,5.766467065868263,5.995451456515683,2.069272058516703,1.8992015968063871,0.1700704617103157,-8.954839865146418
60,500111079,2004,7.7250499001996005,8.189184898607452,3.5140647966831087,3.5479041916167664,-0.03383939493365773,0.9537854774549942
60,500111080,2004,6.755988023952096,6.7259611773721275,2.3364523116056266,2.3957085828343314,-0.059256271228704804,2.473434025043208
60,500111081,2004,10.180139720558882,10.899791962321398,2.667837926057827,2.6736526946107784,-0.005814768552951488,0.21748406457847672
60,500111082,2004,5.372754491017964,5.472488745659206,1.482666944185987,1.5199600798403194,-0.037293135654332454,2.4535602052292265
60,500111083,2004,7.770958083832335,7.691493616644787,1.0383380147873393,0.8842315369261478,0.15410647786119158,-17.428294674595254
60,500111084,2004,6.3453093812375245,6.461694470397832,2.0958844816780515,2.0558882235528944,0.03999625812515717,-1.945449060262499
60,500111085,2004,4.021956087824352,4.5235109878418465,2.1428613818628754,2.212574850299401,-0.0697134684365257,3.150784635696832
60,500111086,2004,8.145708582834331,7.880794769169744,2.1035471193982307,2.2285429141716566,-0.12499579477342593,5.6088574278089025
60,500111087,2004,3.6057884231536925,4.428494607537474,1.9656576375772412,1.9196606786427146,0.0459969589345266,-2.3960984066751054
60,500111088,2004,7.958083832335329,8.285263508235666,2.7331418907960106,2.602295409181637,0.13084648161437373,-5.028117912851485
60,500111089,2004,8.063872255489022,8.979896979305037,1.8755668510741443,1.7025948103792414,0.1729720406949029,-10.15931915453064
60,500111090,2004,6.001996007984032,6.312048049424936,1.644896804358527,1.6057884231536925,0.03910838120483451,-2.435462894173038
60,500111091,2004,6.956586826347305,7.422042175442591,2.6316348439745907,2.776447105788423,-0.14481226181383233,5.215739983373832
60,500111092,2004,4.7554890219560875,5.13467837158482,1.52946746939702,1.4341317365269461,0.09533573287007391,-6.6476273024226895
60,500111093,2004,4.416167664670659,4.9671071189619465,1.8776824012112334,1.7914171656686626,0.08626523554257082,-4.815474429730137
60,500111094,2004,4.796407185628743,5.316385989467932,2.13541614469163,2.0698602794411176,0.06555586525051238,-3.167163788862749
60,500111095,2004,12.870758483033931,11.859072406865506,2.559088879447768,2.4980039920159682,0.06108488743179974,-2.4453478708215477
60,500111096,2004,6.990019960079841,7.3308418596574985,2.1623714775885143,2.152195608782435,0.010175868806079347,-0.4728133801850919
60,500111097,2004,6.003493013972056,7.000481949810389,2.564255905824385,2.4151696606786426,0.14908624514574242,-6.172909819670823
60,500111098,2004,6.164670658682635,6.1224461325208335,2.2651554888740746,2.3707584830339323,-0.10560299415985774,4.454396975296882
60,500111113,2004,4.892714570858283,5.462713859214928,1.5459988463427032,1.3882235528942115,0.15777529344849173,-11.36526556688632
60,500111114,2004,8.762974051896208,9.125376034654252,2.861386178128484,2.6187624750499,0.24262370307858383,-9.264822808107509
60,500111115,2004,5.951596806387226,6.216679183689857,1.1646257894331689,0.9201596806387226,0.2444661087944463,-26.567791866815096
60,500111116,2004,10.868263473053892,11.317203475182229,2.236826357558922,1.8892215568862276,0.34760480067269417,-18.399366628316933
60,500111117,2004,6.127744510978044,6.720443409846608,1.863342390674827,1.749500998003992,0.11384139267083504,-6.507077892537177
60,500111118,2004,4.276946107784431,4.804474149228496,1.128965541887888,0.8393213572854291,0.2896441846024588,-34.50933091220734
60,500111119,2004,11.559381237524951,11.820601140740013,3.8142697363455293,4.032934131736527,-0.21866439539099725,5.421967933228885
60,500111120,2004,6.020459081836328,6.400957420424834,2.534285531832793,2.442115768463074,0.09216976336971916,-3.7741766610730934
60,500111121,2004,4.7090818363273454,5.2901741911397675,1.3156113312245021,0.9161676646706587,0.39944366655384345,-43.599406741497944
60,500111122,2004,4.2989021956087825,4.771554405994095,1.5216519059512736,1.3223552894211577,0.199296616530116,-15.071336585900093
60,500111123,2004,7.587824351297405,7.9260921223410765,1.8848882151050625,1.784431137724551,0.10045707738051157,-5.629641584746789
60,500111124,2004,11.193612774451097,10.292804600622826,3.2108848738710365,3.117764471057884,0.09312040281315248,-2.986768361676658
60,500111125,2004,8.967564870259482,9.032888851589773,1.6222760442234592,1.6172654690618762,0.005010575161582986,-0.30981772983067896
60,500111126,2004,5.789421157684631,6.320340559800884,1.1641474617627274,0.9550898203592815,0.20905764140344596,-21.888793802116282
60,500111127,2004,8.1686626746507,8.26733108885309,2.327340646082137,2.410179640718563,-0.08283899463642586,3.4370464855361784
60,500111128,2004,3.864770459081836,4.4128715821225075,1.6314989589518225,1.2574850299401197,0.37401392901170283,-29.743012449978274
60,500111129,2004,8.547405189620758,8.559139910756306,2.608051233351015,2.602295409181637,0.005755824169378254,-0.22118258169576263
60,500111130,2004,9.398702594810379,9.636735039074242,1.6831561801691703,1.6287425149700598,0.054413665199110506,-3.340839003033623
60,500111131,2004,6.001996007984032,6.388777094213764,1.4210455981319066,1.4111776447105788,0.009867953421327735,-0.6992708152878636
60,500111132,2004,16.664670658682635,16.89214969287925,2.804894259298693,2.993013972055888,-0.18811971275719497,6.285293503924954
60,500111133,2004,8.66317365269461,8.90808794459137,2.99652400179157,3.1736526946107784,-0.1771286928192084,5.581224849209019
60,500111134,2004,11.354790419161677,11.407843034371023,2.105003929395276,2.125249500998004,-0.02024557160272833,0.9526209319527488
60,500111135,2004,6.879241516966068,7.14004943077372,2.0330349918475914,2.12375249500998,-0.0907175031623888,4.271566643266615
60,500111136,2004,8.946107784431138,9.251532257088217,0.9642603087492932,0.7135728542914171,0.2506874544578761,-35.131304806544314
60,500112001,2004,13.34181636726547,13.339076283281546,3.6143195735194014,3.8897205588822357,-0.2754009853628343,7.0802254607712625
60,500112002,2004,6.409680638722555,6.604676332590301,2.0144646310230403,2.096806387225549,-0.08234175620250861,3.9270080778159744
60,500112003,2004,9.389720558882235,9.547725161348293,2.9326468996663397,2.816367265469062,0.11627963419727783,-4.1287099031067465
60,500112004,2004,9.888722554890219,9.960559111164226,1.9551257349854418,2.0444111776447107,-0.08928544265926885,4.3672938025183
60,500112005,2004,6.535429141716567,7.277083809013477,1.2701796653299557,0.9930139720558883,0.2771656932740675,-27.911560267398553
60,500112006,2004,17.05738522954092,17.92218258616153,3.392927715591679,3.7360279441117763,-0.34310022852009725,9.18355627025878
60,500112007,2004,14.286427145708583,15.31521023616193,6.388036047188379,6.745508982035928,-0.35747293484754916,5.299421226767929
60,500112008,2004,13.990518962075848,14.749509780789246,2.825127963083016,3.2589820359281436,-0.43385407284512745,13.3125641093498
60,500112009,2004,18.523952095808383,19.074052223077597,4.452463622443539,5.00249500998004,-0.5500313875365004,10.995141153348097
60,500112010,2004,15.210079840319361,16.007135058917687,5.790245283586566,6.32185628742515,-0.5316110038385835,8.409096627141222
60,500112011,2004,8.78493013972056,9.75309539001972,5.415203328383906,5.713572854291417,-0.2983695259075114,5.22211816522841
60,500112012,2004,9.48502994011976,9.647894255605241,4.103242339742101,4.532435129740519,-0.42919278999841826,9.469364209587471
60,500112013,2004,7.1062874251497,7.04119158405725,3.242226029731235,2.974051896207585,0.26817413352365005,-9.017130261432797
60,500112014,2004,4.654191616766467,5.625831001385435,3.2520274634138926,3.2015968063872258,0.050430657026666825,-1.5751720181022493
60,500112015,2004,10.940119760479043,12.452307683670291,4.701859043096163,4.55439121756487,0.1474678255312929,-3.2379261790808695
60,500112016,2004,11.050898203592814,11.32670588175419,3.6920859096620293,3.7824351297405188,-0.09034922007848945,2.388652203658217
60,500112017,2004,11.111277445109781,12.064210088984112,4.28978983659534,4.277445109780439,0.012344726814901286,-0.2886004729008653
60,500112018,2004,9.55688622754491,10.03792549376857,4.448563773623307,4.865269461077844,-0.4167056874545372,8.564904591373258
60,500112019,2004,4.5489021956087825,5.034160616232077,2.8396534557825395,2.9570858283433132,-0.11743237256077377,3.971219618828732
60,500112020,2004,4.962075848303393,5.689437532909073,2.530582125600504,2.614770459081836,-0.08418833348133203,3.219721761385294
60,500112021,2004,4.006986027944111,4.869924755236213,2.4264426732942557,2.56437125748503,-0.13792858419077447,5.378651152331427
60,500112022,2004,12.466067864271457,13.518125749899937,4.9990710604509685,5.105788423153693,-0.10671736270272447,2.0901250474614916
60,500112023,2004,10.860778443113773,11.872033465842835,3.9787569783093764,3.8228542914171655,0.15590268689221087,-4.0781749710480435
60,500112024,2004,11.592814371257486,11.757786285457042,4.21850484620048,4.480538922155689,-0.2620340759552091,5.848271391182081
60,500112025,2004,15.187125748502995,15.305967822946977,4.659109600298621,5.184630738522954,-0.5255211382243328,10.136134369601182
60,500112026,2004,24.89920159680639,24.11096959114395,5.486653471824774,5.656187624750499,-0.16953415292572505,2.9973219449770885
60,500112027,2004,10.339820359281438,10.825520983578977,3.6023377170709314,3.4261477045908184,0.176190012480113,-5.1425107050705865
60,500112028,2004,13.077345309381238,13.493513991880006,2.972117969520848,3.0723552894211577,-0.10023731990030971,3.26255626246907
60,500112029,2004,18.61676646706587,18.542603862965823,5.279383787326649,5.831836327345309,-0.5524525400186597,9.47304603574394
60,500112030,2004,15.123253493013973,14.778470987141171,5.054163622122346,5.3228542914171655,-0.2686906692948199,5.04786820349507
60,500112031,2004,11.079840319361278,11.076568290046389,3.7127840069868783,3.8308383233532934,-0.11805431636641517,3.0816836003425294
60,500112032,2004,20.026447105788424,20.000228030654807,5.762279535126965,6.268962075848304,-0.5066825407213384,8.082399200872104
60,500112033,2004,13.602295409181636,14.31700324664277,3.1308076072787134,3.4850299401197606,-0.3542223328410472,10.164111612449291
60,500112035,2004,16.2125748502994,17.028696142697594,7.051377508097385,7.231037924151696,-0.17966041605431116,2.484573002365879
60,500112036,2004,5.7989021956087825,6.323485734494822,3.0868947942656217,3.088323353293413,-0.0014285590277913762,0.04625678286789333
60,500112037,2004,36.46606786427146,34.79038804211416,4.60886720565174,4.70309381237525,-0.09422660672350958,2.0035025981317047
60,500112038,2004,11.598303393213573,11.441607728647528,4.953529631369647,5.211077844311378,-0.2575482129417308,4.942321351481648
60,500112039,2004,13.612275449101796,13.98547312148167,4.599723252920962,4.99500998003992,-0.3952867271189575,7.913632379084824
60,500112040,2004,18.71706586826347,17.861578525052916,5.271061745828223,5.392215568862276,-0.12115382303405298,2.2468282561562294
60,500112042,2004,7.418662674650698,7.126131974524539,2.662542562553867,2.412674650698603,0.2498679118552638,-10.356469397268844
60,500112043,2004,28.6751497005988,27.453809096103043,6.197489397036942,6.646207584830339,-0.4487181877933972,6.751492216667677
60,500112044,2004,11.199600798403194,11.236772551708103,3.5004491161274323,3.784431137724551,-0.2839820215971187,7.503955317518801
60,500112045,2004,8.82684630738523,8.927056088869232,3.1726018207082065,3.348303393213573,-0.17570157250536633,5.247480645316752
60,500112046,2004,16.07884231536926,15.796929354818932,5.277973364115312,5.589820359281437,-0.3118469951661247,5.578837513952097
60,500112047,2004,12.515968063872256,12.279877671774404,2.636836995930799,2.774950099800399,-0.13811310386960018,4.977138287262701
60,500112048,2004,9.697105788423153,9.254357458231066,2.685105732133282,2.9411177644710578,-0.2560120323377757,8.70458284365291
60,500112049,2004,23.972055888223554,23.393692099596155,7.851486838545571,8.479540918163673,-0.628054079618102,7.406699085239078
60,500112050,2004,15.295409181636726,15.348665080712873,3.795009676778155,4.091816367265469,-0.2968066904873141,7.253665948007042
60,500112051,2004,16.68562874251497,16.25611579995215,4.4730356816345465,4.747005988023952,-0.27397030638940567,5.771433764368433
60,500112052,2004,7.939620758483034,8.450265130145205,3.2084021460155143,3.3008982035928143,-0.09249605757729995,2.802148138849722
60,500112053,2004,8.369760479041917,8.513432629241713,2.440902529803028,2.4850299401197606,-0.04412741031673262,1.7757295235889992
60,500112054,2004,14.91317365269461,14.861797578774244,4.649990641220569,4.777445109780439,-0.1274544685598702,2.6678374242111955
60,500112055,2004,8.134231536926148,8.898616425399435,2.8746267389211124,2.7270459081836327,0.14758083073747974,-5.411747205817189
60,500112056,2004,7.949600798403194,8.463881740700145,3.771353158674744,3.7709580838323356,0.00039507484240841606,-0.010476776289353788
60,500112057,2004,9.013972055888223,9.325475682034732,3.7704553540932073,4.174151696606787,-0.40369634251357933,9.671338558245225
60,500112058,2004,8.822355289421157,8.696354049661386,2.954926848227008,2.9291417165668663,0.025785131660141847,-0.8802964880225598
60,500112059,2004,9.805389221556887,9.482099727296728,3.4043376551595776,3.632235528942116,-0.22789787378253834,6.274314315980311
60,500112060,2004,11.637724550898204,11.389461413087753,4.007456041247092,4.271956087824352,-0.26450004657725934,6.19154413433977
60,500112061,2004,8.507984031936127,8.313841628864239,3.1329306508273724,3.339820359281437,-0.20688970845406462,6.194635824621926
60,500112062,2004,11.366766467065869,10.600027051518937,3.0024961708153395,2.908682634730539,0.09381353608480048,-3.225292954433696
60,500112063,2004,9.909181636726547,9.631440123143875,3.2838205913154406,3.6012974051896207,-0.31747681387418014,8.815623319992476
60,500112064,2004,17.808383233532933,18.055908880157627,5.620624650786115,6.067864271457085,-0.44723962067097034,7.37062664329461
60,500112065,2004,14.727045908183634,15.319572848537497,5.628016259965238,5.961576846307385,-0.3335605863421467,5.595173809572796
60,500112066,2004,16.409680638722556,16.842508081825713,4.271132574132839,4.679640718562874,-0.40850814443003536,8.72947666280434
60,500112067,2004,12.733532934131736,12.646198187741732,3.413329084527552,3.5788423153692617,-0.16551323084170955,4.62477014231436
60,500112068,2004,17.161676646706585,17.34165166315744,4.407625078537668,4.643213572854291,-0.2355884943166231,5.073824208603038
60,500112069,2004,13.594810379241517,13.460194743423726,3.9447677161895887,4.1312375249501,-0.18646980876051122,4.513654991618124
60,500112070,2004,11.394710578842316,11.326742892985253,5.060371683022871,5.382734530938124,-0.3223628479152527,5.9888305110055295
60,500112071,2004,12.318363273453095,12.514192057464907,4.341925586109996,4.512974051896207,-0.17104846578621125,3.7901495514768615
60,500112072,2004,9.344311377245509,10.368243464702154,4.050838024711449,4.1187624750499,-0.06792445033845151,1.649147061767105
60,500112073,2004,7.490019960079841,8.435358955737419,3.4969427837528233,3.4535928143712575,0.04334996938156577,-1.2552136778017309
60,500112075,2004,5.775449101796407,6.662954407350514,3.063226067643995,3.05688622754491,0.006339840099085059,-0.2073953568162987
60,500112076,2004,8.477045908183634,9.975648876255487,4.45450150765967,4.205588822355289,0.24891268530438104,-5.918616769696009
60,500112078,2004,9.5249500998004,9.831013916706327,3.103204920125037,3.2639720558882237,-0.1607671357631868,4.925505887011563
60,500112079,2004,9.962075848303392,9.87862269942728,2.2205460234091356,2.2964071856287425,-0.07586116221960681,3.303471731596959
60,500112080,2004,11.873253493013973,11.851149134211594,3.12798334812333,3.275948103792415,-0.14796475566908507,4.516700233980906
60,500112081,2004,22.107285429141715,22.29275649364178,7.715305387582749,8.458582834331338,-0.7432774467485892,8.787257408319112
60,500112082,2004,22.148203592814372,22.56395170491914,7.55023993613281,8.466067864271457,-0.915827928138647,10.81763036655575
60,500112083,2004,5.07684630738523,5.994869134466237,2.9237427434459424,3.0199600798403194,-0.09621733639437702,3.1860466314331055
60,500112084,2004,6.022954091816367,7.2343933334132595,2.8187117278803644,2.5793413173652695,0.2393704105150949,-9.280292177834207
60,500112085,2004,29.354790419161677,28.622157904967484,7.728720459014422,7.798403193612774,-0.06968273459835217,0.8935513190113754
60,500112086,2004,10.25748502994012,9.852272812865657,2.300329223362705,2.228043912175649,0.07228531118705606,-3.2443396107247553
60,500112087,2004,7.408183632734531,7.758217018518657,3.094506901630381,3.188622754491018,-0.09411585286063717,2.9516145404181047
60,500112088,2004,5.291916167664671,5.550493237397261,2.0111601065451943,2.11626746506986,-0.1051073585246658,4.966638681523939
60,500112089,2004,8.928642714570858,9.00465789917095,2.8713380327598372,2.9241516966067866,-0.05281366384694941,1.8061191527182014
60,500112090,2004,3.0543912175648704,4.066741339708168,2.0906809682814576,1.8967065868263473,0.19397438145511026,-10.226905036465165
60,500112091,2004,2.5164670658682633,3.239549667280216,1.7509714762200077,1.5983033932135728,0.15266808300643486,-9.551883807208725
60,500112092,2004,6.8967065868263475,7.514690606266139,2.147526563396922,2.13373253493014,0.013794028466782127,-0.6464741124282362
60,500112093,2004,6.440119760479042,6.607531783797742,3.0549209219447677,3.179640718562874,-0.1247197966181064,3.922449347499768
60,500112094,2004,6.31437125748503,6.412782238191139,2.3815893317414147,2.508483033932136,-0.12689370219072105,5.058583234338671
60,500112095,2004,6.634231536926148,7.298583245041935,2.2860585279411576,2.3902195608782435,-0.1041610329370859,4.357801879037999
60,500112096,2004,15.22305389221557,15.307960654632131,3.8755215245557286,3.8812375249501,-0.005716000394371257,0.14727262522910772
60,500112097,2004,7.676646706586826,7.979215829272755,2.997561671375892,3.185129740518962,-0.18756806914307012,5.888867469257599
60,500112098,2004,6.179640718562874,6.122984403229567,1.9023945420037447,1.9605788423153692,-0.05818430031162447,2.9677103034995023
60,500112099,2004,11.379740518962075,11.07001467027846,3.9362247279326614,4.311377245508982,-0.37515251757632084,8.701454227117441
60,500112100,2004,22.54940119760479,22.39344620864917,2.8901336674324507,3.4191616766467066,-0.5290280092142559,15.47244790521554
60,500112101,2004,7.458582834331337,7.417430945050737,2.669170751800843,2.8243512974051894,-0.15518054560434624,5.4943783284648395
60,500112102,2004,7.364271457085828,7.550191045579242,2.969324551332949,3.153692614770459,-0.18436806343751,5.846101252037501
60,500112103,2004,10.184131736526947,10.56415918281476,4.051024446895763,4.079840319361278,-0.028815872465514758,0.7062990266743098
60,500112104,2004,7.7140718562874255,7.787412308279683,4.0217717681471115,4.114770459081837,-0.09299869093472513,2.2601185621293856
60,500112105,2004,9.00499001996008,8.935831643718393,3.9292550495235545,3.941616766467066,-0.012361716943511514,0.31362046784146186
60,500112106,2004,7.213572854291417,7.1379966970842785,2.2239795912480727,2.3552894211576847,-0.13130982990961204,5.575103795314884
60,500112107,2004,8.461077844311378,8.607428968980054,3.055039186967143,3.4166666666666665,-0.3616274796995236,10.584218918034836
60,500112108,2004,9.12125748502994,9.554474739814236,1.9592608472354387,1.9226546906187625,0.03660615661667621,-1.9039381744048567
60,500112109,2004,7.994011976047904,8.400768138701576,3.201827387196218,3.4775449101796405,-0.27571752298342256,7.928510777138453
60,500112110,2004,13.941616766467066,13.99634670651099,4.17946864990165,4.598303393213573,-0.4188347433119235,9.108462567521373
60,500112111,2004,4.883233532934132,5.848670304442043,2.271844698825037,2.1966067864271457,0.07523791239789146,-3.4251880155696157
60,500112112,2004,7.06187624750499,7.014243191219188,2.9415712426349563,2.815369261477046,0.12620198115791048,-4.482608476434821
60,500112113,2004,7.029441117764471,7.023266734906202,2.4684808597277823,2.5588822355289422,-0.09040137580115992,3.5328462774088236
60,500112114,2004,5.7090818363273454,6.254702663736083,2.0934834203738406,2.1736526946107784,-0.08016927423693776,3.6882283188894234
60,500112115,2004,9.375748502994012,9.3533948763017,3.549377579835923,3.7824351297405188,-0.2330575499045957,6.161574274522557
60,500112116,2004,7.387724550898204,7.768495452935633,2.9678376968836275,3.2380239520958085,-0.270186255212181,8.34417098852228
60,500112117,2004,9.060379241516966,9.14834190663294,3.033807734439131,3.025948103792415,0.00785963064671602,-0.25974109195281836
60,500112118,2004,5.177644710578842,6.08043324552402,2.7457278054673533,2.7355289421157685,0.01019886335158482,-0.37282966356395436
60,500112119,2004,12.5374251497006,13.393372663806623,4.217326428859962,4.590319361277445,-0.37299293241748366,8.125642315084653
60,500112120,2004,5.387225548902196,6.071468422094575,1.5474711901849394,1.3512974051896207,0.19617378499531868,-14.517439628161693
60,500112123,2004,6.9800399201596806,6.915806420657257,2.5094316185503476,2.3897205588822357,0.11971105966811191,-5.009416654309798
60,500112124,2004,3.6092814371257487,4.559330806110771,2.1356190316839907,1.9810379241516967,0.15458110753229404,-7.803036259312777
60,500112125,2004,6.219560878243513,6.96360469803482,3.266776533217155,3.2385229540918163,0.028253579125338657,-0.8724217652878069
60,500112127,2004,9.043912175648703,9.016778339087724,3.083214780639281,3.309880239520958,-0.22666545888167677,6.848146835502491
60,500112128,2004,8.899201596806387,8.996904494521447,3.7756502746941485,3.9810379241516967,-0.20538764945754817,5.159148276672431
60,500112129,2004,8.20059880239521,8.124173714687737,3.043990870010387,3.367764471057884,-0.3237736010474972,9.613902748543257
60,500112130,2004,7.620758483033932,8.644127864427558,2.868875849611311,2.4770459081836327,0.39182994142767846,-15.818436797362363
60,500112132,2004,10.018962075848304,10.963725008443685,3.067700645249403,3.12125748502994,-0.05355683978053705,1.7158738116738008
60,500112133,2004,4.250998003992016,4.881521344247702,2.246050946413567,2.345309381237525,-0.09925843482395802,4.23221071036621
60,500112134,2004,6.857285429141717,7.614394224637381,2.9959723086597148,2.902195608782435,0.09377669987727977,-3.2312329187425837
60,500112135,2004,25.93562874251497,24.91882649833341,5.658287895388988,6.018962075848304,-0.36067418045931543,5.9922986042154545
60,500112136,2004,12.966067864271457,13.584426014041513,3.0539619284675092,3.1716566866267466,-0.11769475815923736,3.7108290646808
60,500112137,2004,6.3677644710578845,6.206836796920437,1.703339895243902,1.7255489021956087,-0.02220900695170669,1.2870691131064258
60,500113001,2004,7.136726546906187,6.83814449365162,2.425462107728794,2.8263473053892216,-0.40088519766042774,14.183861866375302
60,500113002,2004,8.964071856287426,8.499839169875074,2.9044483286653584,3.0573852295409183,-0.1529369008755599,5.002212328294793
60,500113003,2004,5.399201596806387,5.1222919112658705,1.9535320123323805,2.1467065868263475,-0.19317457449396702,8.9986482400258
60,500113004,2004,8.662674650698603,8.7785378233612,2.4082394450787104,2.553892215568862,-0.1456527704901518,5.703168270071594
60,500113005,2004,19.827345309381236,19.81648723233117,3.3688130734848625,3.6042914171656686,-0.2354783436808061,6.533277041898594
60,500113006,2004,10.882235528942116,10.643165144438349,1.7905414275696605,1.8058882235528941,-0.01534679598323363,0.8498198162586403
60,500113007,2004,7.961077844311378,8.199283436249747,2.1731724279599645,2.3777445109780437,-0.20457208301807928,8.60361918925983
60,500113008,2004,17.04241516966068,17.24581239983571,3.350492531485786,3.2549900199600796,0.09550251152570643,-2.934033927602571
60,500113009,2004,12.060878243512974,11.956409443161004,2.0538426856171417,2.154690618762475,-0.10084793314533336,4.680390412766282
60,500113010,2004,8.16067864271457,8.318959499253168,2.3870675672168193,2.3378243512974053,0.04924321591941405,-2.1063693639809125
60,500113013,2004,9.210079840319361,9.047683117327004,2.7969549259899407,3.1457085828343314,-0.34875365684439075,11.086648609076127
60,500113015,2004,3.8997005988023954,4.1248418639152,1.79606821432116,1.87624750499002,-0.08017929066886009,4.273385598414777
60,500113016,2004,5.367265469061876,5.552004468629692,2.0359831542983646,2.097804391217565,-0.061821236919200384,2.9469495429609314
60,500113017,2004,16.104790419161677,15.744080724681147,3.056475015359575,3.349301397205589,-0.29282638184601373,8.74290925535476
60,500113018,2004,6.219061876247505,5.8336912208367835,2.1773766397516896,2.3318363273453095,-0.15445968759361994,6.623950651350618
60,500113019,2004,11.78942115768463,11.656566615419337,4.027614186668647,4.515968063872256,-0.48835387720360934,10.813935579182685
60,500113020,2004,8.624251497005988,8.313613073854233,2.9488509350060976,3.3033932135728543,-0.3545422785667567,10.732669580782183
60,500113022,2004,18.99051896207585,18.483555475636575,5.738443493982043,5.902694610778443,-0.16425111679640025,2.782646361146218
60,500113023,2004,16.326846307385228,16.754432206940653,3.8510077279441353,3.7330339321357284,0.11797379580840683,-3.1602658307719196
60,500113025,2004,11.236027944111777,11.080152007020839,3.0783694952109886,3.2879241516966067,-0.2095546564856181,6.373463827548623
60,500113026,2004,10.136726546906187,10.113840829340292,2.2787297638429007,2.286926147704591,-0.008196383861690304,0.3584017730488189
60,500113027,2004,11.38572854291417,11.165249080621798,3.0043975683843214,3.192115768463074,-0.1877182000787525,5.880682709986243
60,500113028,2004,7.717065868263473,7.8616635253819585,2.4626819830356173,2.6077844311377247,-0.14510244810210748,5.564204094845453
60,500113029,2004,9.127245508982035,8.965477319297548,2.442394400029741,2.5818363273453095,-0.13944192731556848,5.400881761507523
60,500113030,2004,10.902694610778443,11.110453746209917,2.7398362814636785,2.6941117764471056,0.04572450501657288,-1.6972014827414716
60,500113031,2004,7.248003992015968,7.362523600425515,2.5828589603811394,2.781437125748503,-0.19857816536736372,7.139408744101128
60,500113032,2004,6.87375249500998,6.961796027398216,1.649822196328243,1.6107784431137724,0.03904375321447051,-2.4239058687050465
60,500113033,2004,9.380239520958083,9.384250674101924,2.2862905613403215,2.364770459081836,-0.07847989774151465,3.3187110165434768
60,500113034,2004,34.875748502994014,33.6573671308765,6.253248790107142,6.479540918163672,-0.22629212805653065,3.4924098931481513
60,500113035,2004,16.686626746506985,16.542513055329426,4.942339323373864,5.093812375249501,-0.15147305187563642,2.973667672009947
60,500113036,2004,17.398203592814372,17.058536210499344,3.094307090040425,3.2285429141716566,-0.13423582413123158,4.157783486228564
60,500113037,2004,7.720059880239521,7.5584494316672775,2.392695635957153,2.617764471057884,-0.22506883510073106,8.597749629086257
60,500113038,2004,17.763972055888225,18.012820463924076,6.559022892007978,6.641716566866267,-0.08269367485828916,1.2450647965139856
60,500113039,2004,11.45059880239521,11.185674780035654,5.5384398375364885,5.983033932135728,-0.44459409459923993,7.430913807980623
60,500113041,2004,10.298902195608783,11.210227723429604,2.8024611857631796,2.4675648702594812,0.33489631550369836,-13.571935617177179
60,500113042,2004,24.727544910179642,23.75382135804522,5.994992569623277,6.415169660678643,-0.4201770910553657,6.549742458579284
60,500113043,2004,25.17564870259481,24.58180096761512,4.770861069526082,5.110778443113772,-0.33991737358769036,6.650990203766174
60,500113044,2004,36.19111776447106,34.990908885087364,4.462183335510749,4.640718562874252,-0.17853522736350236,3.847146189639341
60,500113045,1442,5.422330097087379,6.919421838334591,2.8066253472904696,2.2579750346740637,0.548650312616406,-24.298333869559503
60,500113046,2004,16.674650698602793,16.097071758749784,3.9055614464982202,4.009980039920159,-0.10441859342193904,2.603967909626255
60,500113047,2004,7.544910179640719,7.5773120470461865,2.79943038659317,2.9241516966067866,-0.12472131001361664,4.265213400465661
60,500113048,2004,5.572355289421158,5.859294501914189,2.159285401281102,2.2345309381237524,-0.07524553684265056,3.367397405821164
60,500113049,2004,9.802894211576847,9.678723666896355,3.874831731393205,3.991516966067864,-0.11668523467465919,2.9233305449183273
60,500113050,2004,7.9431137724550895,7.800139550393048,3.3116158706416834,3.6676646706586826,-0.35604880001699923,9.707779526994102
60,500113051,2004,7.707085828343313,7.952317499857543,1.918885219227712,1.9146706586826348,0.004214560545077184,-0.22011934668581382
60,500113052,2004,7.452095808383233,7.432782298001697,2.3071980860829715,2.5424151696606785,-0.235217083577707,9.251718066530419
60,500113053,854,6.750585480093677,7.085105457144084,1.4734317612132335,1.5901639344262295,-0.116732173212996,7.3408892432915005
60,500113054,2004,8.204590818363274,7.817283222732708,1.2204372688428726,1.092315369261477,0.12812189958139553,-11.729387243541188
60,500113055,2004,6.073852295409182,6.140220889325203,2.1314038795651213,2.248502994011976,-0.11709911444685472,5.20787006994001
60,500113056,2004,9.655189620758483,9.415456050158367,2.1100245355893983,2.1716566866267466,-0.061632151037348315,2.8380246019955426
60,500113057,2004,14.922155688622755,14.820496505468157,3.059197810569733,3.211077844311377,-0.15188003374164438,4.7298770414647295
60,500113058,2004,11.650199600798404,11.533617755660135,2.831970890657273,3.024950099800399,-0.19297920914312616,6.3795832253847715
60,500113059,2004,10.585329341317365,10.527941639798462,2.387927928994551,2.373253493013972,0.014674435980579048,-0.6183256876593863
60,500113060,699,5.8412017167381975,6.240510145930441,1.554673021971954,1.4306151645207439,0.12405785745121012,-8.671644235839587
60,500113061,2004,12.367265469061877,12.012742031376767,1.899446749836888,1.843812375249501,0.05563437458738707,-3.0173555256596396
60,500113062,2004,4.909680638722555,5.201360470487989,2.2619836207982287,2.352295409181637,-0.09031178838340814,3.839304707686676
60,500113064,2004,12.669161676646707,12.431437360044185,3.7724471856839275,4.037425149700598,-0.26497796401667095,6.563043380168195
60,500113065,2004,9.506487025948104,9.753213634098985,3.077185433209907,3.2739520958083834,-0.1967666625984763,6.010065414530505
60,500113066,2004,20.281936127744512,19.83981531539797,2.90032895037388,2.9910179640718564,-0.09068901369797633,3.032045102615024
60,500113069,2004,11.991017964071856,11.792690602650662,3.944156736129946,4.174650698602794,-0.23049396247284815,5.521275409940087
60,500113070,2004,6.962075848303393,7.462267457184103,1.3107855203871956,1.2619760479041917,0.048809472483003935,-3.8677019713697067
60,500113071,2004,5.889221556886228,5.5626141211675,1.6412430551953263,1.6501996007984032,-0.008956545603076904,0.5427552884356249
60,500113072,2004,5.772455089820359,5.771751120631462,1.724742974416385,1.81187624750499,-0.08713327308860519,4.809007966663861
60,500113073,2004,10.427145708582835,10.246030226322878,2.932855640999701,3.240518962075848,-0.30766332107614724,9.494260785903897
60,500113074,2004,4.950099800399202,5.072750426168472,2.0129559784898103,2.0419161676646707,-0.028960189174860318,1.4182849243993176
60,500113075,2004,5.760978043912176,5.866086100662764,2.415534554966471,2.6786427145708585,-0.2631081596043874,9.822443216229365
60,500113077,2004,6.500998003992016,6.4821183329124015,2.197339104795698,2.345808383233533,-0.14846927843783497,6.329130695371651
60,500113078,2004,10.603293413173652,10.315359291184167,3.271437718981084,3.4201596806387227,-0.1487219616576385,4.348392342601511
60,500113079,2004,10.945109780439122,10.86526858957903,2.9710039285290453,3.2010978043912175,-0.23009387586217223,7.187967688663962
60,500113080,2004,7.504491017964072,7.323120504119859,1.6013436943897608,1.6916167664670658,-0.09027307207730506,5.336496650233609
60,500113081,2004,9.322355289421157,9.766098673099169,2.2575516738122774,2.0119760479041915,0.2455756259080859,-12.20569331150308
60,500113083,2004,3.6122754491017965,3.8675626257882616,1.2847684102058547,1.219560878243513,0.06520753196234175,-5.34680417563555
60,500113085,2004,6.31686626746507,6.33991813949501,2.0562401634586527,2.187125748502994,-0.1308855850443411,5.9843648740328454
60,500113086,2004,7.593812375249501,7.5249068265463785,2.6656732042821987,2.9186626746506987,-0.25298947036850006,8.667992795665484
60,500113087,2004,10.717564870259482,10.244044160904666,2.7176015961447035,2.899201596806387,-0.18160000066168358,6.263793482375455
60,500113088,2004,8.704590818363274,8.627434192219708,2.6629037144518493,2.8792415169660677,-0.2163378025142184,7.513708080389839
60,500113089,2004,5.899201596806387,6.469221069149133,2.5809990425671545,2.474051896207585,0.1069471463595697,-4.322752749184705
60,500113090,2004,10.614770459081836,10.573388622060378,3.350585256199478,3.311377245508982,0.039208010690495954,-1.1840393825158815
60,500113091,2004,8.600299401197605,8.235281057564672,2.8907019091842,3.214071856287425,-0.3233699471032252,10.061067753374683
60,500113092,2004,4.906187624750499,5.261127691039126,1.631125996591635,1.4835329341317365,0.14759306245989845,-9.94875537065713
60,500113093,2004,10.151696606786427,9.855243886500688,2.424952268629226,2.4510978043912175,-0.0261455357619913,1.0666867603222836
60,500113094,2004,4.6626746506986025,4.950857508488076,2.905489982106267,3.0548902195608783,-0.14940023745461106,4.8905272110264715
60,500113095,2004,8.245508982035927,8.305514682893701,4.926286795998442,5.191616766467066,-0.26532997046862317,5.110738762198394
60,500113096,2004,7.524451097804391,7.3408670631693695,1.5858938792087718,1.5658682634730539,0.020025615735717928,-1.2788825345563648
60,500113097,2004,15.615269461077844,15.267581232208952,2.73517398543531,2.8637724550898205,-0.1285984696545106,4.490526802363465
60,500113098,2004,7.885229540918163,7.750068386780237,2.4549665071759557,2.6526946107784433,-0.1977281036024876,7.453858533096034
60,500113099,2004,7.006487025948104,6.9304586483362325,2.8653498295082156,3.00249500998004,-0.13714518047182445,4.567707190718567
60,500113100,2004,7.594810379241517,7.8425600421801205,0.9490317364242371,0.783433133732535,0.16559860269170212,-21.137554127017264
60,500113101,2004,9.203592814371257,9.132159440355847,2.0231771058950323,2.157185628742515,-0.13400852284748277,6.212192453998507
60,500113102,2004,15.809880239520957,15.119398503175942,4.036299436331073,4.36377245508982,-0.3274730187587469,7.504355970183291
60,500113103,2004,7.159680638722555,7.741122557128638,3.164485556921641,3.1037924151696608,0.06069314175198004,-1.955451062234212
60,500113104,2004,3.4845309381237524,4.236938125526081,2.1072860434795704,2.023453093812375,0.08383294966719523,-4.143063653096406
60,500113105,2004,10.243013972055888,9.748497819321564,1.2912206191852598,1.1996007984031936,0.09161982078206621,-7.637525825593206
60,500119005,2004,11.57684630738523,11.872933716552787,3.5632818393791412,3.7340319361277445,-0.1707500967486033,4.572807615718309
60,500119006,2004,16.22854291417166,17.194499358198563,3.9796426469463357,4.063872255489022,-0.08422960854268613,2.0726441001908524
60,500119007,2004,5.892714570858283,6.720074138605897,2.1723069766840117,1.9625748502994012,0.20973212638461058,-10.686579742556816
60,500119008,2004,3.812375249500998,3.917966056428597,1.2251250095009054,1.091816367265469,0.13330864223543637,-12.209804343684391
60,500119009,2004,10.31437125748503,10.641797388807133,3.48744109184688,3.5379241516966067,-0.050483059849726786,1.426911875019076
60,500119043,2004,13.785928143712574,14.523648375712948,3.614602635462095,3.5409181636726546,0.07368447178944049,-2.0809425234785617
60,500119044,2004,4.439121756487026,4.9528806972753046,2.6922816072635687,2.5339321357285427,0.158349471535026,-6.249159924304689
60,500119045,2004,10.136726546906187,10.625187808992214,5.305837397971426,5.344810379241517,-0.03897298127009119,0.7291742551140206
60,500119046,2004,5.93562874251497,6.538434925067711,3.572796680531805,3.5139720558882237,0.05882462464358129,-1.6740208433078232
60,500119047,2004,6.91566866267465,7.4362360550267805,3.7430128302866157,3.6197604790419162,0.12325235124469947,-3.40498637847226
60,500119048,2004,8.234530938123752,9.049418480959714,4.037728806281176,3.718063872255489,0.3196649340256865,-8.597618142363116
60,500119049,2004,7.451596806387226,7.850349738096366,3.564318748127792,3.4840319361277445,0.08028681200004728,-2.3044223896891256
60,500119050,2004,6.623253493013972,7.1632195657047655,3.7027643463765023,3.740518962075848,-0.037754615699345795,1.0093416470316032
60,500119051,2004,3.9635728542914173,4.745734250333946,2.7910413983489817,2.6951097804391217,0.09593161790985993,-3.5594697702529032
60,500119052,2004,8.151696606786427,8.67052685967035,3.7088253052023643,3.7654690618762476,-0.05664375667388333,1.5042948366613065
60,500119053,2004,8.833333333333334,9.403495482789094,3.8107796873362236,3.913173652694611,-0.10239396535838718,2.6166476227774536
60,500119054,2004,8.363772455089821,8.498226714897076,3.3672724065934583,3.2754491017964074,0.09182330479705092,-2.803380603493145
60,500119055,2004,6.156187624750499,6.734250107942945,4.053677711681851,4.079840319361278,-0.02616260767942702,0.6412654817706915
60,500119056,2004,1.9925149700598803,2.753429244999545,1.8164872320869485,1.7904191616766467,0.02606807041030179,-1.4559758389700332
60,500119057,2004,3.43562874251497,4.76887751283221,2.802489189077412,2.281437125748503,0.5210520633289089,-22.838764980558473
60,500119058,2004,9.731037924151696,9.747799902014355,5.7731319465142255,6.2155688622754495,-0.442436915761224,7.118204714077495
60,500119059,2004,6.2395209580838324,7.7362953646443735,4.565241009128457,4.037924151696607,0.5273168574318507,-13.059107541935603
60,500119060,2004,2.2285429141716566,2.9995428540726827,1.9541174799072505,1.7340319361277445,0.22008554377950595,-12.692127474363451
60,500119061,2004,3.345808383233533,4.5003344470552475,3.0729000153408377,2.529940119760479,0.5429598955803585,-21.461373387436655
60,500119062,2004,1.969560878243513,2.7209571218758617,1.3141869461182916,1.0249500998003993,0.28923684631789226,-28.21960272741266
60,500119063,2004,2.4860279441117763,3.4762834825545683,2.0015149580596168,1.5678642714570858,0.4336506866025309,-27.65868796790172
60,500119064,2004,5.350798403193613,6.205739433130299,2.819404448144977,2.563872255489022,0.2555321926559553,-9.966650721730915
60,500119065,2004,1.4296407185628743,2.311345443732994,1.6100539656548793,1.2894211576846308,0.3206328079702485,-24.866414364256116
60,500119066,2004,3.964570858283433,4.499798019653469,2.6204298165652453,2.55688622754491,0.0635435890203353,-2.485194231006088
60,500119067,2004,8.860778443113773,9.410756600709338,3.9621204421678096,3.849301397205589,0.11281904496222062,-2.9308966308567554
60,500119068,2004,9.092814371257486,9.566222689371664,4.32835322387809,4.103792415169661,0.22456080870842943,-5.472031379519608
60,500119069,2004,6.718063872255489,7.3507185086858,3.058227991987517,2.94311377245509,0.11511421953242706,-3.911307154001082
60,500119070,2004,6.120758483033932,7.76706224958472,5.0022736169840565,4.880239520958084,0.12203409602597226,-2.500575955378818
60,500119071,2004,9.431137724550899,9.918985463442446,4.112487927746429,4.049900199600798,0.06258772814563063,-1.545414085803891
60,500119072,2004,3.6412175648702596,3.961561774493141,2.1042191509795676,1.8393213572854292,0.26489779369413835,-14.401931051629225
60,500119074,2004,5.2684630738522955,5.997038680950293,3.275789424069236,3.0489021956087825,0.22688722846045328,-7.441604023481971
60,500119075,2004,9.845309381237525,10.372994112647643,5.620296806412601,5.956586826347305,-0.33629001993470364,5.645683169549688
60,500119076,2004,5.867265469061876,6.175073522890018,2.9069096993679477,2.81437125748503,0.0925384418829176,-3.2880680413717527
60,500119077,2004,13.541417165668662,14.84180056547477,6.726725969486789,6.406187624750499,0.3205383447362893,-5.003574099170615
60,500119078,2004,2.1746506986027945,2.776026142434754,1.8630345484101902,1.5638722554890219,0.29916229292116836,-19.129586311870497
60,500119079,2004,3.1362275449101795,4.028582212994875,2.9339162945743005,2.8003992015968064,0.13351709297749403,-4.76778785329469
60,500119080,2004,1.3358283433133733,2.1771766519123226,1.5466455913187582,1.1666666666666667,0.3799789246520915,-32.56962211303641
60,500119081,2004,5.074850299401198,5.6185862843493775,2.8303905108819674,2.590818363273453,0.2395721476085142,-9.24696810106823
60,500119082,2004,3.994510978043912,4.931106084696122,3.013917579821172,2.63373253493014,0.3801850448910322,-14.435218453232824
60,500119083,2004,3.8517964071856285,4.392012193664147,2.734605647275387,2.597804391217565,0.13680125605782179,-5.266033752206585
60,500119084,2004,5.699600798403194,6.696433428612322,3.9660295942909207,3.5548902195608783,0.4111393747300425,-11.565459109475086
60,500119085,2004,2.8258483033932134,3.524311982588124,2.1970740766100327,1.7664670658682635,0.4306070107417692,-24.376735862330662
60,500119086,2004,8.64121756487026,9.38421767257123,4.762866895882036,5.065868263473054,-0.30300136759101814,5.981232669940901
60,500119087,2004,14.519461077844312,15.37266716565291,6.66779427717785,6.865269461077844,-0.19747518389999374,2.876437480270297
60,500119088,2004,6.278443113772455,6.958968096346276,3.6324993137443315,3.539920159680639,0.09257915406369266,-2.6152893253966742
60,500119089,2004,4.312874251497006,5.072023983471725,3.1555859124424743,2.86626746506986,0.28931844737261425,-10.09390961933703
60,500119090,2004,11.733532934131736,11.97233675367308,8.03121946706485,8.753992015968064,-0.7227725489032153,8.25649083966279
60,500119091,2004,3.8907185628742513,5.622672677666688,2.8901895402140467,2.2025948103792414,0.6875947298348053,-31.217486148367694
60,500119092,2004,3.06936127744511,3.643849744841063,2.268149024002003,2.0019960079840318,0.26615301601797103,-13.294382953639431
60,500119093,2004,3.7969061876247503,4.692416747276458,2.3739931553394085,2.0049900199600796,0.36900313537932883,-18.404238011452836
60,500119094,2004,8.336327345309382,8.924982999050265,4.224485270613247,4.039920159680639,0.18456511093260808,-4.568533625357541
60,500119095,2004,5.917664670658683,6.6487638416538255,3.3801772672979746,3.254491017964072,0.12568624933390282,-3.861932592228477
60,500119096,2004,18.632235528942115,19.681566397315933,3.445148975242334,3.655688622754491,-0.21053964751215704,5.759233601069651
60,500119097,2004,9.210079840319361,10.464724174108717,5.433382554473304,5.176646706586826,0.2567358478864774,-4.959501052289385
60,500119098,2004,12.870259481037925,12.829104350419646,7.059606674318009,7.141716566866267,-0.0821098925482584,1.1497220840323494
60,500119099,2004,6.391716566866267,6.865276339370112,2.8299898237318515,2.4331337325349303,0.3968560911969212,-16.31049234533696
60,500119100,2004,5.450099800399202,5.899317664584614,3.0162082103190735,2.68063872255489,0.33556948776418327,-12.518266073704826
60,500119101,2004,6.896207584830339,7.9348017173135155,3.8734968635385627,3.461077844311377,0.4124190192271855,-11.91591283926297
60,500119102,2004,9.145209580838323,9.360985847384603,4.7105702018631215,4.867265469061876,-0.1566952671987547,3.219369648003941
60,500119103,2004,7.158183632734531,7.630346365658514,3.813049370788979,3.679640718562874,0.13340865222610487,-3.625589084094307
60,500101280,290,5.0,5.126908077816851,0.9899798646918347,0.9241379310344827,0.06584193365735203,-7.124686850982123
60,500104160,290,5.8068965517241375,5.802912528577083,1.481240268182118,1.4827586206896552,-0.0015183525075372906,0.10240051795018935
60,500108242,291,3.838487972508591,4.597051260528521,1.986348704927829,1.5876288659793814,0.39871983894844765,-25.114171674025602
60,500108243,290,4.096551724137931,4.724051714107024,1.6167142563515393,1.206896551724138,0.4098177046274014,-33.956324097698975
