horizon_minutes,station_id,rows,mean_actual,mean_prediction,learned_mae,persistence_mae,learned_minus_persistence_mae,learned_improvement_percent
30,500101001,1424,11.837078651685394,11.519121318582627,3.7375564563369195,3.7577247191011236,-0.020168262764204137,0.5367147482008352
30,500101002,1424,8.78441011235955,8.673524250414873,2.6189549376565666,2.490870786516854,0.1280841511397126,-5.14214353602906
30,500101003,1424,9.80056179775281,9.897606553079662,1.8152432068148525,1.696629213483146,0.11861399333170652,-6.991155898358862
30,500101004,1424,4.695926966292135,4.86604474473866,1.8005747545112158,1.7928370786516854,0.007737675859530446,-0.43158834406468294
30,500101005,1424,5.413623595505618,5.689211234570575,2.0572365612073,2.1088483146067416,-0.051611753399441795,2.4473905041893147
30,500101006,1424,5.773876404494382,6.184389582943575,2.3712662790315,2.178370786516854,0.192895492514646,-8.855034859473111
30,500101007,1424,3.7219101123595504,4.074420109667979,1.577818256091871,1.4424157303370786,0.1354025257547924,-9.387205290887263
30,500101008,1424,6.339185393258427,6.489773879774897,1.7689268478667841,1.666432584269663,0.1024942635971211,-6.150519652857161
30,500101009,1424,5.11938202247191,5.262867168705357,2.2097532426800157,2.095505617977528,0.11424762470248773,-5.452031420118717
30,500101010,1424,5.834269662921348,5.955900448262107,2.713887866794983,2.532303370786517,0.18158449600846627,-7.170724412536217
30,500101012,1424,2.3764044943820224,2.7429366624587646,1.2529147941685677,1.1615168539325842,0.09139794023598347,-7.86884322225154
30,500101013,1424,2.783005617977528,3.193968774298186,1.521136848510705,1.4501404494382022,0.07099639907250288,-4.89582916606509
30,500101014,1424,3.923455056179775,4.140931261986976,2.0084873658704776,2.0730337078651684,-0.06454634199469078,3.113617581315707
30,500101015,1424,8.122893258426966,8.09911904214956,1.567618700704671,1.5252808988764044,0.04233780182826652,-2.775738020416737
30,500101016,1424,2.278792134831461,2.6761713831430662,1.2403618908163148,1.1566011235955056,0.08376076722080916,-7.241975259406938
30,500101018,1424,5.066713483146067,5.129271715053036,1.5699576585938797,1.5154494382022472,0.0545082203916325,-3.596835302951097
30,500101019,1424,10.217696629213483,10.268533168128842,2.4608855728282775,2.5695224719101124,-0.10863689908183494,4.227902276374227
30,500101021,1424,1.8953651685393258,2.35970278239174,1.327555186022593,1.1313202247191012,0.19623496130349172,-17.34566014253086
30,500101022,1424,16.617275280898877,17.11974184133154,7.930508326136507,7.922050561797753,0.008457764338754004,-0.10676231201476555
30,500101023,1424,12.73384831460674,13.111061034286672,4.044793393177333,4.18188202247191,-0.13708862929457766,3.2781563075647115
30,500101024,1424,14.4936797752809,14.401907177128288,4.703015519481982,4.792134831460674,-0.08911931197869283,1.8596995934592406
30,500101025,1424,20.40519662921348,20.526443784808027,6.880864527662256,7.209971910112359,-0.3291073824501032,4.5646139340503264
30,500101026,1424,18.787921348314608,18.79123807494807,2.6554882286614956,2.6355337078651684,0.019954520796327202,-0.7571339625358363
30,500101027,1424,41.73033707865169,41.07471645010655,5.742484432393236,5.753511235955056,-0.011026803561819953,0.19165346359125612
30,500101028,1424,8.938904494382022,8.63234795002614,2.451350456444327,2.422050561797753,0.02929989464657412,-1.209714409298972
30,500101029,1424,11.84058988764045,12.111577319737478,2.2829008080328226,2.2570224719101124,0.025878336122710177,-1.146569714957663
30,500101030,1424,19.424157303370787,18.954522599287078,3.338921633630327,3.2191011235955056,0.1198205100348213,-3.7221729120764735
30,500101031,1424,11.15379213483146,10.738181102361297,2.7749743960851103,2.496488764044944,0.2784856320401663,-11.155092546419036
30,500101032,1424,32.80828651685393,32.24207782295916,5.5991387005705695,5.95435393258427,-0.3552152320137001,5.965638523263462
30,500101033,1424,17.25,17.062146028115436,4.35203575785253,4.491573033707865,-0.13953727585533482,3.1066460415571733
30,500101034,1424,7.030898876404494,6.974209017314237,2.118474857252057,2.008426966292135,0.11004789095992207,-5.479307577864652
30,500101035,1424,8.446629213483146,8.519650039259043,2.319796450030411,2.2752808988764044,0.044515551154006516,-1.9564859519538667
30,500101036,1424,4.774578651685394,5.029564926365968,1.603171607463698,1.3827247191011236,0.2204468883625743,-15.94293392728826
30,500101037,1424,7.245084269662922,7.329206250880548,1.9417762972794175,1.8103932584269662,0.13138303885245128,-7.257154667412361
30,500101038,1424,6.01123595505618,6.293932517940322,2.2375808450185364,2.0730337078651684,0.164547137153368,-7.937504177045938
30,500101039,1424,9.323033707865168,9.295736937900294,2.010576418707022,1.8258426966292134,0.18473372207780847,-10.117723855338435
30,500101040,1424,8.188202247191011,8.436213702367898,2.0028924317452583,1.8307584269662922,0.17213400477896612,-9.402333057355111
30,500101041,1424,12.275280898876405,12.677942478116732,2.794714057298633,2.793539325842697,0.001174731455936051,-0.04205172431505622
30,500101042,1424,7.88061797752809,7.6784175220676385,2.257539655206182,2.0217696629213484,0.23576999228483375,-11.661565439861175
30,500101091,1424,13.785814606741573,13.640355356000128,2.367869611594376,2.223314606741573,0.1445550048528026,-6.501779119090046
30,500101092,1424,10.280196629213483,10.260333029135726,1.8051774651424521,1.6390449438202248,0.16613252132222733,-10.135934462847118
30,500101093,1424,3.6088483146067416,4.267370205370449,1.5341125872135772,1.3490168539325842,0.18509573328099305,-13.72078730828392
30,500101094,1424,9.67556179775281,9.532888942051907,2.7261600978610105,2.745084269662921,-0.01892417180191064,0.6893840021980239
30,500101095,1424,20.679073033707866,21.02861181595981,2.9134768521220558,3.264044943820225,-0.35056809169816905,10.74029609677695
30,500101097,1424,27.301966292134832,27.04183410856369,2.7638031341500517,2.88061797752809,-0.11681484337803827,4.055200803762226
30,500101098,1424,8.05056179775281,8.291196952673404,1.2342577642373156,1.2120786516853932,0.022179112551922398,-1.8298410355699593
30,500101099,1424,23.246488764044944,22.655074971456266,3.969028358107924,4.247191011235955,-0.27816265312803123,6.549332309099149
30,500101100,1424,35.7373595505618,35.180822737404476,3.7099332705560952,3.6235955056179776,0.08633776493811762,-2.382654598292238
30,500101101,429,6.724941724941725,7.537909378672688,3.323029406850783,3.31002331002331,0.013006096827473002,-0.3929306717595717
30,500101102,1424,10.976123595505618,10.891018937617563,2.022584500138158,1.997191011235955,0.025393488902203165,-1.2714602038233933
30,500101103,1424,17.847612359550563,17.768804647979838,2.7568811863544735,2.8728932584269664,-0.11601207207249287,4.03816158961696
30,500101104,1424,4.412219101123595,4.712242802040183,2.0630047494921833,1.8876404494382022,0.17536430005398107,-9.290132562383521
30,500101105,1424,7.813202247191011,8.678144081870443,2.532400569166109,2.457162921348315,0.07523764781779407,-3.061972291870213
30,500101107,1424,14.968398876404494,14.665669131656305,4.0912782262685825,4.370084269662922,-0.2788060433943391,6.379877965507615
30,500101108,1424,7.856039325842697,7.777983489073418,2.7246536592048947,2.949438202247191,-0.22478454304229656,7.621266411719769
30,500101109,1424,11.942415730337078,12.026165635141378,4.629099555427002,4.844803370786517,-0.21570381535951455,4.452271823046075
30,500101110,1424,9.030196629213483,9.509763911052287,3.7311925268841852,3.8728932584269664,-0.14170073154278118,3.658782261412881
30,500101113,1424,33.97963483146067,33.99858874304067,4.568500487024017,5.303370786516854,-0.7348702994928367,13.85666454552171
30,500101114,1424,9.822331460674157,10.523965753648529,2.988117137552629,3.028792134831461,-0.040674997278831615,1.3429444962915886
30,500101115,1424,13.676966292134832,14.099450803385473,3.6872652990935086,3.850421348314607,-0.16315604922109816,4.237355719329633
30,500101116,1424,15.484550561797754,15.571097207575441,3.3744088678966233,3.451544943820225,-0.0771360759236015,2.234827509973724
30,500101118,1424,4.463483146067416,4.762122862351216,2.0492511815463326,2.1523876404494384,-0.10313645890310585,4.791723245612487
30,500101119,1424,8.058286516853933,8.240679689668232,1.514710291659308,1.509129213483146,0.0055810781761620465,-0.36982109459538176
30,500101120,1424,6.84691011235955,7.5788927134936745,2.24508431022488,2.105337078651685,0.13974723157319469,-6.637760432295839
30,500101122,1424,3.643258426966292,4.0036278137698345,1.2207226217486704,1.0730337078651686,0.1476889138835018,-13.763678885478178
30,500101123,1424,9.150280898876405,9.672320721863017,3.538865445615255,3.649578651685393,-0.11071320607013835,3.033588713563152
30,500101124,1424,7.836376404494382,8.248226640623727,2.6325953322474565,2.636938202247191,-0.004342869999734766,0.1646936585784902
30,500101125,1424,11.124297752808989,11.162200568042607,3.2976283171446323,3.4452247191011236,-0.14759640195649126,4.284086351121964
30,500101126,1424,12.21629213483146,12.20221923450147,2.312809854661637,2.313202247191011,-0.00039239252937406377,0.016963174311738518
30,500101127,1424,19.980337078651687,19.936648120952732,3.6796558396081065,3.943820224719101,-0.2641643851109947,6.698185263498156
30,500101128,1424,13.768960674157304,14.132465654041729,2.7503645995566925,2.6741573033707864,0.07620729618590616,-2.849768638884726
30,500101129,1424,12.67556179775281,12.669702622243339,2.7092085250189113,2.7394662921348316,-0.03025776711592032,1.1045132113066016
30,500101130,1424,16.37008426966292,15.930418643619673,2.3727181601540104,2.354634831460674,0.018083328693336398,-0.7679886686343881
30,500101131,1424,14.231039325842696,14.601983187345498,2.7816204953048893,2.740870786516854,0.0407497087880353,-1.4867431543469707
30,500101132,1424,7.632022471910112,8.298530904266176,2.235034637771031,2.134129213483146,0.10090542428788485,-4.728177827770583
30,500101133,1424,7.853230337078652,8.074588846828213,2.9183448400899374,2.9866573033707864,-0.06831246328084895,2.287254825110014
30,500101134,1424,3.116573033707865,3.6782439489192686,1.905415828433262,1.925561797752809,-0.02014596931954693,1.046238523378367
30,500101135,1424,16.065308988764045,16.236139381103253,3.939729369780727,4.161516853932584,-0.22178748415185678,5.329486625586299
30,500101136,1424,5.719803370786517,5.961245678072396,2.045240820035869,2.1558988764044944,-0.11065805636862525,5.1328036569681545
30,500101137,1424,16.258426966292134,16.446291096917026,3.867615733760206,3.7247191011235956,0.14289663263661057,-3.8364405142257434
30,500101138,1424,12.473314606741573,12.229883278352078,3.201290767724608,3.3167134831460676,-0.11542271542145954,3.4800327495269614
30,500101139,1424,14.436797752808989,14.650757078964622,3.3450660620815635,3.432584269662921,-0.08751820758135764,2.5496302699642652
30,500101140,1424,9.697331460674157,9.619283582306197,2.024796926716943,1.985252808988764,0.03954411772817901,-1.9918933019075666
30,500101141,1424,9.957162921348315,9.853447836100269,2.6484173416021983,2.658005617977528,-0.009588276375329663,0.36073198305071175
30,500101142,1424,10.389747191011235,10.463592873417763,2.2682006599190667,2.208567415730337,0.059633244188729506,-2.7000871136645728
30,500101143,1424,7.936797752808989,7.8788329695861075,1.6668517199799306,1.7015449438202248,-0.03469322384029416,2.0389249173990462
30,500101144,1424,14.436095505617978,14.965962270072799,4.579540048026386,4.824438202247191,-0.24489815422080508,5.076200460122656
30,500101145,1424,6.716994382022472,6.752289743273167,1.9009770029587865,2.003511235955056,-0.10253423299626951,5.117726876505006
30,500101146,1424,11.172050561797754,11.00698032937336,2.5797970323438295,2.606039325842697,-0.02624229349886731,1.0069799499430623
30,500101147,1424,8.270365168539326,8.302683404277198,2.4549304114679247,2.393960674157303,0.0609697373106215,-2.5468144890092406
30,500101148,1424,14.082162921348315,14.703573858739148,3.2566911113390553,3.5259831460674156,-0.2692920347283603,7.637360236072198
30,500101149,1424,5.419241573033708,5.861298812762722,1.6870072126158304,1.577247191011236,0.10976002160459442,-6.958961298528158
30,500101150,1424,10.205758426966293,10.545295056452028,3.9119047673698564,3.8637640449438204,0.04814072242603595,-1.2459539937236495
30,500101151,1424,6.797050561797753,7.097424561964382,2.208248905094869,2.231039325842697,-0.022790420747827778,1.021515868583782
30,500101152,1424,9.209269662921349,9.62807177046075,2.599273284854131,2.6172752808988764,-0.018001996044745283,0.6878143914064203
30,500101153,1424,7.572331460674158,7.485859865485049,2.807163944644646,2.859550561797753,-0.05238661715310666,1.8319877904229835
30,500101154,1424,8.823033707865168,8.83813700130336,2.1887348110279556,2.1509831460674156,0.037751664960540054,-1.7550888313355875
30,500101155,1424,4.315308988764045,4.665776679819761,2.3906895136145634,2.5161516853932584,-0.125462171778695,4.9862721912604435
30,500101156,1424,11.044241573033707,11.57870443872415,3.6363262318744907,3.8047752808988764,-0.16844904902438573,4.427306124228964
30,500101157,1424,8.499297752808989,8.447260124546219,1.8470114200951877,1.8616573033707866,-0.014645883275598903,0.7867121005074628
30,500101158,1424,8.995786516853933,9.032605185143108,1.8960866883130212,1.904494382022472,-0.008407693709450825,0.44146592338709345
30,500101159,1424,9.644662921348315,9.675696682718053,2.808406142068663,2.822331460674157,-0.013925318605494397,0.49339770326509136
30,500101160,1424,5.781601123595506,5.886283125336808,2.334956802446548,2.3637640449438204,-0.02880724249727251,1.2187021187200253
30,500101161,1424,5.793539325842697,5.973224911080269,2.6174995800929612,2.6601123595505616,-0.042612779457600336,1.6019165244884606
30,500101162,1424,18.603932584269664,18.625074228379805,2.016408513936092,2.06811797752809,-0.051709463591997906,2.500314979796435
30,500101163,1424,7.84058988764045,7.6581483681838165,2.5324635883558795,2.548455056179775,-0.01599146782389571,0.6274965605188066
30,500101165,1424,7.412921348314606,7.388278969871831,2.1225482487386453,2.287921348314607,-0.16537309957596147,7.228093732233552
30,500101166,1424,16.899578651685392,17.07446126361809,3.71904185997389,3.824438202247191,-0.10539634227330108,2.755864696973572
30,500101167,1424,13.26123595505618,13.601025422918367,4.4865024953090185,4.544241573033708,-0.05773907772468956,1.2705987742228084
30,500101168,1424,11.077949438202246,11.350536522611232,3.4840380557873054,3.56811797752809,-0.0840799217407846,2.3564221326289565
30,500101169,1424,16.839185393258425,16.624848792817673,4.908661104306,5.129915730337078,-0.2212546260310786,4.313026522494948
30,500101170,1424,17.485955056179776,17.064980780017162,3.67326357522917,3.851123595505618,-0.17786002027644798,4.618392940803464
30,500101171,1424,12.115870786516854,12.103647757226756,2.737989633860007,2.668539325842697,0.06945030801731011,-2.602558910964463
30,500101172,1424,16.2373595505618,16.035197856854552,4.031604329199196,4.321629213483146,-0.2900248842839508,6.711008047129442
30,500101173,1424,5.816011235955056,6.308187391324672,2.751780482959052,2.726825842696629,0.024954640262422778,-0.915153431204997
30,500101174,1424,11.299157303370787,11.382945814200395,3.4421398163172574,3.606741573033708,-0.1646017567164506,4.5637247189296275
30,500101175,1424,5.589185393258427,5.821634384121111,1.766714144203264,1.759129213483146,0.0075849307201178995,-0.4311753032114926
30,500101176,1424,7.792837078651686,7.673412950977348,1.442843167663069,1.1776685393258426,0.2651746283372265,-22.51691536983963
30,500101177,1424,5.500702247191011,5.623423060693437,1.9570823694951318,1.9445224719101124,0.012559897585019408,-0.6459116706777767
30,500101179,1424,9.464185393258427,9.519237646819066,3.7551962673505175,3.9094101123595504,-0.1542138450090329,3.944683227822218
30,500101180,1424,5.530196629213483,5.558725008132991,1.5729529147797046,1.6214887640449438,-0.04853584926523924,2.9932892747380113
30,500101181,1424,27.6748595505618,26.97397850254215,8.699160199544192,8.742977528089888,-0.0438173285456962,0.5011716935668384
30,500101182,1424,10.372191011235955,10.549994160694332,2.5418608493070955,2.4389044943820224,0.10295635492507316,-4.221418065456498
30,500101184,1424,3.591994382022472,3.9882416774251888,2.149006329380182,2.0463483146067416,0.10265801477344061,-5.016644236011648
30,500101185,1424,15.344803370786517,15.474873431567133,2.502907215891375,2.571629213483146,-0.068721997591771,2.672313614710047
30,500101186,1424,9.242977528089888,9.50562398733506,2.388043116108252,2.422752808988764,-0.034709692880511955,1.4326551496188122
30,500101187,1424,7.40941011235955,7.303231416764599,1.7575788987765066,1.7212078651685394,0.03637103360796723,-2.113111050907602
30,500101188,1424,7.004213483146067,7.263116236959105,1.4491699407594874,1.3735955056179776,0.07557443514150974,-5.501942517459605
30,500101189,1424,4.580758426966292,5.086040746816021,1.8055964817825296,1.783005617977528,0.022590863805001637,-1.267010242549127
30,500101190,1424,12.927668539325843,12.632230864422162,3.0278840807915595,3.081460674157303,-0.05357659336574372,1.7386752268190306
30,500101191,1424,8.883426966292134,9.492523183958157,3.52171797291979,3.75,-0.22828202708021017,6.087520722138938
30,500101192,1424,9.192415730337078,9.520731027952616,2.8214591447090265,2.835674157303371,-0.014215012594344323,0.5012921727178384
30,500101193,1424,22.768960674157302,22.777633767252915,4.815766136358793,4.883426966292135,-0.06766082993334255,1.3855194395323522
30,500101194,1424,7.917134831460674,8.05088649111216,2.732989908937069,2.6116573033707864,0.12133260556628267,-4.6458088283513455
30,500101196,1424,10.401685393258427,11.124200582532323,2.29407867664939,2.113061797752809,0.18101687889658136,-8.566568147182847
30,500101197,1424,4.71067415730337,4.9618154930374265,1.5249222589174527,1.3433988764044944,0.1815233825129583,-13.51224760577379
30,500101198,1424,10.104634831460674,9.932985206511654,2.644688568966765,2.712078651685393,-0.06739008271862801,2.4848129930431457
30,500101199,1424,11.518960674157304,11.423359280299108,2.519090207764648,2.5646067415730336,-0.045516533808385606,1.7747958418165692
30,500101200,1424,6.908707865168539,6.953119804581758,2.059344702723291,2.199438202247191,-0.14009349952390027,6.369512877459577
30,500101201,1424,6.089185393258427,6.532981577903523,2.450518222975489,2.5224719101123596,-0.07195368713687067,2.852506973354784
30,500101202,1424,6.67626404494382,6.612443219213851,1.923144449402431,1.771067415730337,0.15207703367209402,-8.58674448648144
30,500101203,1424,10.47191011235955,10.60299800146363,2.446670881021673,2.526685393258427,-0.08001451223675371,3.166777805034388
30,500101204,1424,8.89185393258427,9.055488738891452,2.04745408680203,1.9634831460674158,0.08397094073461431,-4.276631602506823
30,500101205,1424,6.996488764044944,7.188311616553277,2.163430514395157,2.148174157303371,0.015256357091786299,-0.7102011277771719
30,500101206,1424,13.950842696629213,14.100499283842884,3.8165119918317516,4.026685393258427,-0.21017340142667562,5.21951384080199
30,500101207,1424,8.273876404494382,8.4306847587015,2.6135167145980556,2.6081460674157304,0.005370647182325161,-0.20591819029701208
30,500101208,1424,8.360955056179776,8.238363899346751,1.921168216928642,1.9129213483146068,0.008246868614035119,-0.43111383650462587
30,500101209,1424,21.776685393258425,21.5927533793722,4.68682166500233,4.844101123595506,-0.15727945859317582,3.246824427902035
30,500101210,1424,14.884831460674157,14.774444676320703,2.6294918517317636,2.816011235955056,-0.1865193842232924,6.62353125022365
30,500101211,1424,7.268960674157303,7.52998226181661,1.8960872846306538,1.9389044943820224,-0.0428172097513686,2.208319691631615
30,500101212,1424,7.78441011235955,8.02323329908763,2.603124459010738,2.609550561797753,-0.00642610278701472,0.24625323920099465
30,500101213,1424,5.633426966292135,5.965378797170484,1.54321181804479,1.5688202247191012,-0.02560840667431119,1.6323353224807131
30,500101214,1424,7.728932584269663,7.6278895042835995,2.2751185535103073,2.142556179775281,0.13256237373502655,-6.187113084191341
30,500101215,1424,7.963483146067416,7.904567316608295,1.8266612313146724,1.8504213483146068,-0.02376011699993441,1.2840382014385807
30,500101216,1424,10.24438202247191,10.280082952328232,2.032853886446922,2.065308988764045,-0.0324551023171229,1.5714405202170354
30,500101217,1424,6.415730337078652,6.865179863689767,2.853884947490615,2.865168539325843,-0.011283591835227647,0.39381947973931786
30,500101218,1424,10.207162921348315,10.186894286395518,2.2784956739995197,2.306179775280899,-0.027684101281379103,1.2004311883277663
30,500101219,1424,6.071629213483146,6.143772453767589,1.160216457594466,0.9866573033707865,0.1735591542236795,-17.590621751923106
30,500101221,1424,9.838483146067416,9.74706433337152,3.171362063114087,3.1615168539325844,0.009845209181502668,-0.3114077715339804
30,500101222,1424,9.31811797752809,9.33520238816711,2.517855353213213,2.5582865168539324,-0.040431163640719525,1.5804001379188748
30,500101223,315,4.6761904761904765,4.8566512969596785,1.7452744574361756,1.8253968253968254,-0.08012236796064975,4.389312331757335
30,500101224,1424,9.416432584269662,9.462960732958434,2.4542833261799966,2.6235955056179776,-0.16931217943798105,6.453440672368441
30,500101225,1424,8.70435393258427,8.546440341704372,1.9759403282663281,1.9978932584269662,-0.02195293016063804,1.098803956019282
30,500101226,1424,9.293539325842696,9.372088945033715,2.588745503988396,2.648876404494382,-0.060130900505985796,2.2700530837890716
30,500101227,1424,8.942415730337078,9.096622767549745,1.8920358058435989,1.7998595505617978,0.09217625528180107,-5.1213026734797005
30,500101228,1424,6.353230337078652,6.559742991523635,2.067171886842821,1.9957865168539326,0.07138536998888845,-3.576803900921082
30,500101229,1424,9.797050561797754,9.515167141035086,2.5771503973399326,2.601825842696629,-0.024675445356696635,0.9483895867189206
30,500101230,1424,10.832865168539326,10.48724656977313,2.24434405671236,2.2282303370786516,0.016113719633708445,-0.7231622048030516
30,500101231,1424,11.914325842696629,11.787292917355469,1.8751568318505607,1.6762640449438202,0.1988927869067405,-11.8652420844239
30,500101232,1424,3.7963483146067416,4.204534639298013,2.322141054132358,2.455056179775281,-0.13291512564292285,5.413934179505782
30,500101233,1424,6.695926966292135,7.171610531385754,2.3389443193053836,2.326544943820225,0.012399375485158792,-0.5329523299386091
30,500101234,1424,7.188202247191011,7.348080239498762,1.684918968284217,1.6790730337078652,0.005845934576351741,-0.34816440136866916
30,500101235,1424,6.888342696629214,6.903238600755338,2.0044654559950046,2.0316011235955056,-0.027135667600501012,1.335678902976614
30,500101236,1424,6.919943820224719,7.009329942799433,2.027120775185696,2.028792134831461,-0.0016713596457647029,0.08238200538487146
30,500101237,1424,8.349016853932584,8.555085122788904,2.308629836544063,2.363061797752809,-0.054431961208745605,2.303450602117496
30,500101238,1424,11.314606741573034,11.136378690076,2.228479827378504,2.154494382022472,0.07398544535603202,-3.434005025651551
30,500101239,1424,6.132724719101123,6.1441146661593224,2.04199083391243,2.13061797752809,-0.08862714361566004,4.159691908658533
30,500101240,1424,17.849719101123597,17.737619037664587,2.733112727869925,2.7514044943820224,-0.018291766512097407,0.6648156077903703
30,500101241,1424,7.651685393258427,7.816680188280709,2.340594907317571,2.456460674157303,-0.11586576683973204,4.7167767861571885
30,500101242,1424,6.50561797752809,6.491744878351031,2.0938989186453076,2.136938202247191,-0.04303928360188358,2.0140630906698065
30,500101243,1424,6.495084269662922,6.7415015042586806,2.0487227401782206,2.1032303370786516,-0.054507596900430944,2.5916132883543797
30,500101244,1424,8.416432584269662,8.17295283399238,2.181943873186101,2.1355337078651684,0.046410165320932784,-2.1732349693195756
30,500101245,1424,10.8188202247191,10.66269563702329,1.0272550817083768,1.011938202247191,0.015316879461185762,-1.5136180675037145
30,500101246,1424,8.902387640449438,9.05374943694234,2.21404971409425,2.2127808988764044,0.0012688152178457202,-0.05734030054624899
30,500101247,1424,4.875,5.322145058028309,2.2830068916743396,2.100421348314607,0.18258554335973276,-8.692805541432946
30,500101248,1424,9.013342696629213,9.136432502573182,2.242849916989651,2.370084269662921,-0.1272343526732702,5.368347206125534
30,500101250,1424,6.673455056179775,7.2007489905704,1.838783669449321,1.759129213483146,0.07965445596617493,-4.528061688456411
30,500101251,1424,8.14747191011236,8.115508251165473,3.257023001959961,3.2521067415730336,0.004916260386927274,-0.15117155670447932
30,500101252,1424,4.851123595505618,4.954492605708467,2.200445822978895,2.3195224719101124,-0.11907664893121739,5.13367084704976
30,500101253,1424,5.825842696629214,6.16889713186504,2.1478053446679324,2.1952247191011236,-0.04741937443319122,2.1601148174300797
30,500101254,1424,10.646769662921349,10.699214885874554,2.8458000007213773,2.9634831460674156,-0.1176831453460383,3.971108980397122
30,500101255,1424,9.029494382022472,8.896414838953053,2.689662869302189,2.871488764044944,-0.1818258947427549,6.332112352988088
30,500101256,1424,5.405898876404494,5.808776378671845,1.7397361837903798,1.6980337078651686,0.04170247592521115,-2.45592744902815
30,500101257,1424,8.419241573033707,8.533412606307532,2.189288582894974,2.115870786516854,0.07341779637811996,-3.4698619994172857
30,500101258,1424,7.671348314606742,7.86811704889121,2.5836939747251866,2.658707865168539,-0.0750138904433526,2.8214416268181224
30,500101259,1424,6.691011235955056,6.513205361059623,1.610342774787279,1.511938202247191,0.09840457254008794,-6.508504937161413
30,500101260,1424,7.653792134831461,7.99982154079826,1.019761878067514,0.8757022471910112,0.14405963087650275,-16.450754961358452
30,500101261,1424,9.057584269662922,9.104925167668407,2.300156962698462,2.360252808988764,-0.060095846290301846,2.5461614137872606
30,500101262,1424,10.254915730337078,10.35946275013889,2.5813306876906137,2.5582865168539324,0.02304417083668131,-0.9007658323204554
30,500101264,1424,5.865168539325842,6.048068077955725,2.0879992423125437,2.06811797752809,0.019881264784453734,-0.9613215977270667
30,500101265,1424,8.087780898876405,7.894035724629237,2.3179865308716385,2.3883426966292136,-0.07035616575757508,2.9458153495673893
30,500101267,1424,8.399578651685394,8.19228483959306,1.1495909449031676,1.0323033707865168,0.1172875741166508,-11.361735070891887
30,500101268,1424,5.724016853932584,5.963209601727581,1.6897521636619066,1.7043539325842696,-0.014601768922362979,0.8567333722886231
30,500101269,1424,5.016151685393258,6.054734523248445,2.8111560675031853,2.473314606741573,0.33784146076161203,-13.659461673041895
30,500101270,1424,5.808286516853933,5.783447965008315,1.9400147072836382,2.0161516853932584,-0.07613697810962017,3.7763516833193704
30,500101271,1424,4.118679775280899,4.399156258350296,1.554682374322305,1.5884831460674158,-0.03380077174511076,2.1278646757311104
30,500101272,1424,6.596207865168539,6.728265004310971,1.4572000604144895,1.3560393258426966,0.10116073457179287,-7.460014812544435
30,500101273,1424,4.756320224719101,5.051854629588274,1.1331921348219636,1.0182584269662922,0.11493370785567136,-11.287282757688002
30,500101274,1424,11.916432584269662,12.443255936819131,3.678939586820239,3.6875,-0.008560413179761195,0.23214679809521885
30,500101276,1424,8.5625,8.388616720054896,4.217714231561875,4.199438202247191,0.018276029314684195,-0.4352017682961587
30,500101277,1424,6.468398876404494,6.63675772675845,1.603504073423228,1.675561797752809,-0.07205772432958102,4.300511292762924
30,500103001,1424,17.2436797752809,17.075371451981304,2.4130335847545483,2.5491573033707864,-0.13612371861623807,5.339949733044711
30,500103002,1424,9.978230337078651,10.223296571040123,2.275598304544068,2.3146067415730336,-0.03900843702896539,1.6853159687271457
30,500103003,1424,9.014747191011235,8.74437704926274,1.4643097643831433,1.3377808988764044,0.12652886550673892,-9.4581157208187
30,500103004,1424,13.929775280898877,13.847774689283458,3.5519133086711765,3.797050561797753,-0.2451372531265763,6.455991278939239
30,500103005,1424,19.514044943820224,19.335951004676026,2.834678293552303,2.925561797752809,-0.09088350420050562,3.1065316846260203
30,500103006,1424,6.416432584269663,6.54997222542207,1.3410023594634586,1.1551966292134832,0.18580573024997538,-16.084337986380845
30,500103007,1424,6.013342696629214,6.179532540859001,1.5569042350451943,1.5540730337078652,0.002831201337329059,-0.1821794263152544
30,500103008,1424,14.716994382022472,14.641144416371088,2.4311248015627362,2.4726123595505616,-0.04148755798782533,1.6778836289310786
30,500103009,1424,24.037219101123597,23.26885964962411,5.762970271776234,6.145365168539326,-0.3823948967630919,6.2224926635886515
30,500103010,1424,18.77247191011236,18.744249709417232,2.3794777051257943,2.407303370786517,-0.02782566566072253,1.1558852946577856
30,500103011,1424,17.031601123595507,17.481772376431145,2.841236505268803,2.917837078651685,-0.07660057338288206,2.625251901256897
30,500103012,1424,13.874297752808989,13.751580208214806,1.4721253369075036,1.5217696629213484,-0.04964432601384483,3.262275968791649
30,500103013,1424,12.942415730337078,12.463043438419684,1.6711653458866507,1.658005617977528,0.013159727909122676,-0.7937082821935914
30,500103019,1424,7.027387640449438,7.226814967359202,1.484735543035511,1.3110955056179776,0.1736400374175333,-13.243889302762046
30,500103020,1424,14.61306179775281,14.742685243481075,2.035526987129028,2.071629213483146,-0.036102226354118194,1.742697299263197
30,500103021,1424,14.26685393258427,14.15656036550054,2.6394944821261483,2.6741573033707864,-0.03466282124463804,1.296214744022179
30,500103022,1424,7.228230337078652,7.1272170343215695,1.4027248951775753,1.3469101123595506,0.055814782818024655,-4.143912968345521
30,500103023,1424,8.143258426966293,8.405057548020592,1.8730432772405512,1.8490168539325842,0.024026423307967004,-1.299416133328713
30,500103024,1424,11.683988764044944,12.010269837835086,2.7606987955038784,2.666432584269663,0.09426621123421564,-3.535293252502583
30,500103025,1424,6.25,6.639322896107703,2.1837906191510403,2.1523876404494384,0.031402978701601914,-1.4589834150434298
30,500103026,1424,4.660814606741573,5.17414472782162,1.6422276394280295,1.5014044943820224,0.14082314504600713,-9.379427434308427
30,500103027,1424,11.97191011235955,12.223625158590156,3.126093910067795,3.1896067415730336,-0.06351283150523868,1.991243330327166
30,500103028,1424,15.912219101123595,16.201079015122154,4.034782998949478,4.11376404494382,-0.0789810459943423,1.9199216370082528
30,500103029,1424,4.871488764044944,4.87262764329927,1.5115914697685104,1.5941011235955056,-0.08250965382699516,5.17593599337626
30,500103030,1424,14.311095505617978,14.189842871712473,4.2267160599900935,4.39185393258427,-0.16513787259417612,3.7600948284954714
30,500103031,1424,10.116573033707866,10.030030850505739,1.9793058585685688,1.9712078651685394,0.008097993400029369,-0.41081377276956965
30,500103032,1424,5.985955056179775,5.930788148144757,1.2112900284948305,1.1601123595505618,0.05117766894426867,-4.411440712871586
30,500103033,1424,7.641151685393258,7.831039494777058,1.6921045939901884,1.6242977528089888,0.06780684118119962,-4.174532721229064
30,500103034,1424,12.364466292134832,12.231947377500942,3.0033759342156974,3.101825842696629,-0.09844990848093182,3.1739341108636387
30,500103035,1424,13.356741573033707,13.351005150596423,2.6543868634973427,2.7521067415730336,-0.09771987807569094,3.5507299407957107
30,500103036,1424,4.457162921348314,4.897589876282167,1.5431777933135977,1.4796348314606742,0.06354296185292352,-4.294502974777555
30,500103037,1424,12.14185393258427,11.873525899847303,3.2767974956537884,3.370084269662921,-0.09328677400913277,2.768084313169516
30,500103038,1424,10.360252808988765,10.108619126097093,2.2190032437701954,2.294943820224719,-0.07594057645452379,3.3090385823513424
30,500103039,1424,15.339185393258427,15.646632020939444,2.564302961388425,2.542837078651685,0.021465882736739772,-0.844170588708021
30,500103040,1424,17.626404494382022,17.467851204261862,2.5344072081323366,2.548455056179775,-0.014047848047438638,0.5512299702274076
30,500103041,1424,11.10884831460674,11.146617474060205,1.5414278598191962,1.4578651685393258,0.08356269127987037,-5.731853197617313
30,500103042,1424,6.560393258426966,6.453393953857635,2.201017528415678,2.258426966292135,-0.05740943787645669,2.5420099358232067
30,500103043,1424,8.120786516853933,8.100714485427076,2.441960678904776,2.5259831460674156,-0.08402246716263972,3.326327307189296
30,500103044,1424,13.876404494382022,13.990415597895469,4.173761120705301,4.203651685393258,-0.0298905646879577,0.7110618796467051
30,500103045,1424,11.793539325842696,11.555604791561978,2.3822831470022217,2.407303370786517,-0.025020223784295137,1.039346518927546
30,500103046,1424,5.518258426966292,5.836589613346765,1.405076145665288,1.396067415730337,0.009008729934951054,-0.645293331356655
30,500103047,1424,9.110955056179776,9.296057550774524,2.446252311503109,2.350421348314607,0.09583096318850215,-4.077182299982882
30,500103048,1424,6.905196629213483,7.2691760972686,2.2216767312355694,2.2422752808988764,-0.020598549663306986,0.9186449959457923
30,500103049,1424,5.101123595505618,5.389070775930666,1.7733055690066604,1.8469101123595506,-0.07360454335289024,3.985280218042422
30,500103050,1424,16.047050561797754,15.663031146188086,3.11255401421534,3.058988764044944,0.05356525017039582,-1.751077048729193
30,500103051,1424,5.815308988764045,6.025841213772732,2.1463765086272253,2.175561797752809,-0.02918528912558349,1.3415058655529664
30,500103052,1424,7.290028089887641,7.822613044719729,1.635967389053605,1.4922752808988764,0.14369210815472866,-9.629061741756875
30,500103053,1424,5.952949438202247,6.000277151678489,2.3814003501698693,2.4726123595505616,-0.0912120093806923,3.688892398696559
30,500103054,1424,10.451544943820224,10.109102945677849,2.381763808944082,2.390449438202247,-0.008685629258165406,0.3633471229032767
30,500103055,1424,8.52808988764045,8.401321974787706,1.9490427540127202,1.970505617977528,-0.021462863964807788,1.0892059260829041
30,500103056,1424,5.403792134831461,5.546131131759379,1.394909584323274,1.2900280898876404,0.10488149443563355,-8.130171370514
30,500103057,1424,13.566713483146067,13.045488327729442,2.9913191985965844,2.928370786516854,0.06294841207973034,-2.149605247039233
30,500103058,1424,16.212780898876403,16.18976220718183,2.4977920413689896,2.4501404494382024,0.04765159193078716,-1.9448514448105736
30,500103059,1424,7.766151685393258,8.234821348713767,2.0589008972837206,2.0751404494382024,-0.016239552154481807,0.782576049677905
30,500103060,1424,6.525983146067416,6.818071065999189,1.5456868102524577,1.5646067415730338,-0.018919931320576122,1.2092451616023516
30,500103061,1424,7.731039325842697,7.743692852100331,1.3134679152626674,1.2787921348314606,0.03467578043120678,-2.7116041369598274
30,500103062,1424,7.349719101123595,7.31501655694012,1.6128162871177094,1.6734550561797752,-0.06063876906206578,3.6235672322443
30,500103063,1424,7.728230337078652,7.451220093609966,1.538460914970758,1.4985955056179776,0.03986540935278038,-2.6601847665585407
30,500103064,1424,7.568820224719101,7.538273476475586,1.898818462802266,1.9276685393258426,-0.02885007652357663,1.4966305635545765
30,500103065,1424,8.073033707865168,7.888965473393954,1.9995598191476354,2.0280898876404496,-0.028530068492814253,1.4067457594794839
30,500103066,1424,6.514747191011236,6.423647775713888,1.8405098324577913,1.908005617977528,-0.06749578551973667,3.537504548402835
30,500103068,1424,11.091994382022472,11.04910962956318,1.8743562497765984,1.791432584269663,0.08292366550693542,-4.62890237874857
30,500103069,1424,7.129915730337078,7.057410366343185,1.7318803742292366,1.815308988764045,-0.08342861453480843,4.595835477662174
30,500103070,1424,8.932584269662922,8.82599877162107,1.8875155253350577,1.9009831460674158,-0.013467620732358077,0.7084555568111526
30,500103071,1424,8.564606741573034,8.464251030056564,1.6906974907007013,1.7036516853932584,-0.012954194692557097,0.7603781221022797
30,500103072,1424,5.558988764044944,5.6209494299330425,1.5116137571349355,1.3504213483146068,0.1611924088203287,-11.936452946445556
30,500103073,1424,8.037921348314606,7.879326797574838,1.7007213875843734,1.6776685393258426,0.023052848258530823,-1.3741002896671366
30,500103074,1424,13.970505617977528,14.036361224366788,1.569772743929827,1.5049157303370786,0.06485701359274842,-4.309677431454679
30,500103075,1424,5.683286516853933,5.947772465552277,1.3596261814440458,1.2092696629213484,0.15035651852269738,-12.433663320343847
30,500103076,1424,8.640449438202246,8.672635353562848,1.250708937904048,1.1797752808988764,0.07093365700517151,-6.012471879485966
30,500103077,1424,6.785112359550562,7.008190880084285,1.2144264965943168,1.1867977528089888,0.02762874378532798,-2.3280077603731977
30,500103078,1424,11.059691011235955,10.970254116060056,2.314473416283303,2.058988764044944,0.2554846522383589,-12.408258689884825
30,500103079,1424,5.721207865168539,5.712508874238616,1.7226418172754185,1.7605337078651686,-0.037891890589750066,2.152295660143761
30,500103080,1424,8.27247191011236,8.21326070833237,1.25749886614647,1.2183988764044944,0.039099989741975705,-3.209128841070513
30,500103081,1424,7.849016853932584,7.599045756776059,1.3812284143286377,1.3068820224719102,0.07434639185672753,-5.688837291992477
30,500103082,1424,5.777387640449438,5.921020847442051,2.427847523501226,2.4957865168539324,-0.06793899335270659,2.7221476233611197
30,500103083,1424,10.356741573033707,10.713336024010307,1.4726979334892971,1.4578651685393258,0.014832764949971322,-1.0174305052388808
30,500103084,1424,12.633426966292134,12.342714612911323,2.6991475720383984,2.654494382022472,0.04465319001592638,-1.6821730841978615
30,500103085,1424,8.024578651685394,7.998296585028741,1.5847076016116468,1.5287921348314606,0.05591546678018622,-3.65749309577332
30,500103086,1424,6.252808988764045,6.636780825636637,1.958768000130045,1.8202247191011236,0.13854328102892133,-7.611328402206172
30,500103087,1424,7.392556179775281,7.43145577531439,1.3742002395429784,1.3110955056179776,0.06310473392500082,-4.813130214740287
30,500103088,1424,5.557584269662922,5.7262667751585825,1.1058741368101561,1.0042134831460674,0.10166065366408872,-10.123410546689675
30,500103089,1424,6.699438202247191,6.555297768425799,1.4177198790795396,1.3728932584269662,0.04482662065257337,-3.265120604054449
30,500103090,1424,5.252106741573034,5.273734070065123,1.4039608043985847,1.4066011235955056,-0.0026403191969208706,0.18770916307615176
30,500104001,1424,6.137640449438202,6.24581602152734,1.9677533635563933,2.017556179775281,-0.04980281621888749,2.4684723388686316
30,500104002,1424,6.64185393258427,6.726309333372652,1.2408827784495917,1.2345505617977528,0.006332216651838918,-0.5129167526859283
30,500104003,1424,15.825140449438202,15.681307515625292,3.534281094716113,3.7366573033707864,-0.2023762086546732,5.415969199854438
30,500104004,1424,29.304775280898877,28.710095131157246,5.257536136966554,5.584971910112359,-0.3274357731458055,5.862800716203031
30,500104005,1424,9.359550561797754,9.442162652968074,1.1987056447156257,1.127808988764045,0.07089665595158068,-6.286229020862446
30,500104006,1424,6.425561797752809,6.591959482694902,1.5134117145048234,1.5259831460674158,-0.012571431562592439,0.8238250596010875
30,500104007,1424,13.405898876404494,13.143656190464467,2.5162359125268328,2.571629213483146,-0.05539330095631323,2.1540158536807765
30,500104008,1424,13.620084269662922,14.347124591613458,2.5602309772027287,2.5463483146067416,0.013882662595987139,-0.54519888407848
30,500104009,1424,26.05056179775281,25.57394591478804,3.4266467878138367,3.461376404494382,-0.034729616680545305,1.0033470106126297
30,500104010,1424,14.292837078651685,14.262391486795721,3.9575810935630535,4.126404494382022,-0.16882340081896885,4.09129548615064
30,500104012,1424,7.533005617977528,7.5453443304543555,1.9484896406365837,1.8469101123595506,0.1015795282770331,-5.499971416977
30,500104013,1424,7.014044943820225,7.22378954377975,1.3608969282468715,1.3595505617977528,0.0013463664491186744,-0.09903025948062977
30,500104014,1424,26.400280898876403,26.122561365983444,2.6150723535353784,2.917837078651685,-0.3027647251163068,10.376341000375954
30,500104015,1424,5.913623595505618,5.983029277623292,1.4901651681638524,1.4915730337078652,-0.001407865544012843,0.09438797244229229
30,500104016,1424,5.602528089887641,5.947554308748132,1.6085439820075331,1.5140449438202248,0.09449903818730832,-6.241494915525372
30,500104018,1424,4.351123595505618,4.598472657850315,1.6413129889115694,1.7549157303370786,-0.11360274142550919,6.473401512201884
30,500104019,1424,8.457162921348315,8.638879352831994,1.7541586871559904,1.6650280898876404,0.08913059726835004,-5.35309871405021
30,500104020,1424,7.69311797752809,7.923419287980497,1.8476834602097034,1.7724719101123596,0.07521155009734382,-4.243314078392139
30,500104021,1424,14.014747191011235,14.372009804002843,2.5192145554499707,2.6144662921348316,-0.09525173668486087,3.643257401000319
30,500104022,1424,8.370786516853933,8.555847193452662,1.8229820994724046,1.8328651685393258,-0.009883069066921157,0.5392141897048172
30,500104023,1424,13.679073033707866,13.510536029154116,2.910562782070891,2.980337078651685,-0.06977429658079437,2.3411545318343823
30,500104024,1424,11.48876404494382,11.668460738556423,2.2659200940300606,2.2773876404494384,-0.011467546419377861,0.5035395035829193
30,500104025,1424,5.985252808988764,6.163710483458055,1.986513989480505,2.0625,-0.07598601051949494,3.684170207005815
30,500104026,1424,6.469803370786517,6.795880756169606,1.7041002323066905,1.6832865168539326,0.020813715452757897,-1.2364927327796098
30,500104027,1424,10.952949438202246,10.749747069840248,2.998068177627963,2.9452247191011236,0.05284345852683936,-1.794208033910807
30,500104028,1424,12.359550561797754,12.579781814117187,2.4716755219926543,2.523876404494382,-0.05220088250172772,2.068282044587097
30,500104029,1424,11.975421348314606,11.704420609305537,1.9910431014492864,1.9627808988764044,0.028262202572882034,-1.4399061346613244
30,500104030,1424,19.91924157303371,19.595403155326675,2.0552622549263613,1.8349719101123596,0.22029034481400167,-12.005107195374602
30,500104031,1424,18.709269662921347,18.55346009484467,5.9465767908344045,6.735955056179775,-0.7893782653453707,11.718876666511758
30,500104032,1424,9.134831460674157,9.316199030286366,1.9017747056426093,1.8757022471910112,0.026072458451598113,-1.3900105142297159
30,500104033,1424,9.9936797752809,10.173254292868993,1.6281270569401236,1.6193820224719102,0.008745034468213397,-0.5400229437439669
30,500104034,1424,6.172050561797753,6.249128069191505,1.9635474313099766,1.9115168539325842,0.05203057737739236,-2.7219523212860666
30,500104035,1424,11.805477528089888,11.613310901039437,3.317322267905392,3.291432584269663,0.025889683635729188,-0.7865779709255039
30,500104036,1424,20.71980337078652,21.158730555031656,2.970591193150263,2.890449438202247,0.0801417549480159,-2.7726399185125032
30,500104037,1424,8.530196629213483,8.590211863420503,1.2451968029743232,1.1804775280898876,0.06471927488443563,-5.482465641608348
30,500104038,1424,18.127106741573034,17.987261800378,2.731290590614088,2.9122191011235956,-0.18092851050950776,6.212736893309358
30,500104039,1424,12.281601123595506,12.279545096148656,2.271178091402088,2.346207865168539,-0.07502977376645115,3.1979167268310817
30,500104040,1424,7.80688202247191,7.907932106500064,2.1607378211033548,2.140449438202247,0.02028838290110757,-0.9478562090281227
30,500104041,1424,8.519662921348315,8.656482005892926,3.37772369551355,3.308988764044944,0.06873493146860588,-2.077218642005407
30,500104042,1424,11.825842696629213,11.557810712890877,2.3284088186535956,2.357443820224719,-0.029035001571123598,1.2316306892249032
30,500104043,1424,9.092696629213483,9.163691290074551,2.278671340053514,2.259831460674157,0.018839879379356717,-0.8336851533935353
30,500104044,1424,9.969101123595506,10.267600949897655,2.888350235145896,2.927668539325843,-0.03931830417994675,1.3429902890919685
30,500104045,1424,10.325842696629213,10.257658916710946,1.727750527423809,1.6945224719101124,0.033228055513696564,-1.960909699606461
30,500104046,1424,8.59620786516854,8.677496361994168,3.4616349829496746,3.702247191011236,-0.24061220806156136,6.499085437778136
30,500104047,1424,8.813904494382022,8.814931144870219,1.1548930021230066,1.1046348314606742,0.0502581706623324,-4.5497542926358125
30,500104048,1424,8.059691011235955,8.139330707276065,0.8251573319548413,0.7577247191011236,0.06743261285371771,-8.899355023511957
30,500104049,1424,6.877106741573034,6.878271471533416,1.1170034191864013,1.0926966292134832,0.02430678997291813,-2.224477437110245
30,500104050,1424,9.327247191011235,9.48060752934962,1.1344132895771324,0.9922752808988764,0.142138008678256,-14.324453245423674
30,500104051,1424,15.356741573033707,15.191488248734155,1.7510735935007267,1.7254213483146068,0.02565224518611986,-1.486723530526442
30,500104052,1424,4.846207865168539,5.035504455776073,0.6737442003427158,0.5653089887640449,0.10843521157867086,-19.181582768699048
30,500104053,356,6.640449438202247,6.6876070034444695,0.8140702073005297,0.797752808988764,0.016317398311765707,-2.0454203517565466
30,500104054,1424,13.02247191011236,12.904991579990103,1.7496284892333092,1.7296348314606742,0.019993657772634954,-1.155946758758919
30,500104055,1424,13.731039325842696,13.710388318831589,2.8930529171217723,2.907303370786517,-0.014250453664744533,0.4901605318501501
30,500104056,1424,5.674859550561798,5.7505733191648405,1.3526679057825595,1.228932584269663,0.12373532151289646,-10.068519876249402
30,500104057,1424,5.689606741573034,5.575354504790279,1.1523402440974226,1.1193820224719102,0.03295822162551243,-2.944322935679404
30,500104058,1424,10.788623595505618,10.638071553078442,0.9364018470490337,0.910814606741573,0.025587240307460735,-2.809269868760531
30,500104059,1424,6.470505617977528,6.570293356897422,1.601015066296673,1.5252808988764044,0.0757341674202685,-4.965260331789243
30,500104060,1424,12.24438202247191,12.19857947898076,1.2846339861836797,1.1853932584269662,0.09924072775671355,-8.371966606964461
30,500104061,1424,13.398876404494382,13.269042702724567,0.9577213957287024,0.8616573033707865,0.09606409235791591,-11.148758558897496
30,500104062,1424,5.884129213483146,6.268118799764328,1.3580386327572556,1.264747191011236,0.09329144174601955,-7.376291673866287
30,500104063,1424,8.030196629213483,7.975142079759775,0.7303109299798084,0.6867977528089888,0.043513177170819595,-6.335660970475164
30,500104064,1424,12.535112359550562,12.378083199439173,1.3479313015469965,1.3019662921348314,0.04596500941216508,-3.5304300648825824
30,500104065,1424,8.679073033707866,8.716589939969678,1.5273561847698378,1.4578651685393258,0.06949101623051201,-4.766628473615082
30,500104066,1424,7.820926966292135,7.836768675088724,0.6739790252169668,0.5379213483146067,0.13605767690236015,-25.293228708741626
30,500104067,1424,8.69873595505618,8.396464235668734,0.742289766034307,0.5421348314606742,0.20015493457363276,-36.919770315136404
30,500104068,1424,7.640449438202247,7.612547093211115,0.5175748854611966,0.39185393258426965,0.12572095287692692,-32.08362668400429
30,500104070,1424,6.790028089887641,6.833272973220914,0.812466681530572,0.7521067415730337,0.0603599399575383,-8.025448599396316
30,500104071,1424,7.791432584269663,7.5936452052910095,2.1634621617210716,2.1530898876404496,0.010372274080622024,-0.4817390179649628
30,500104072,1424,20.13693820224719,19.529154902371932,3.254940282212005,3.476825842696629,-0.22188556048462438,6.381842822260253
30,500104073,1424,11.97120786516854,11.869134892775289,2.9326575905517402,3.1144662921348316,-0.18180870158309137,5.837555604381558
30,500104074,1424,12.469803370786517,12.375103509552604,1.9900521148585915,2.104634831460674,-0.11458271660208252,5.444303918630815
30,500104075,1424,16.358848314606742,16.14661421040483,2.162458062716124,2.140449438202247,0.02200862451387664,-1.0282244523543418
30,500104076,1424,7.038623595505618,7.585421894768882,1.7922135037370723,1.5849719101123596,0.20724159362471273,-13.075411135205623
30,500104077,1424,12.736657303370787,12.988638785900454,2.2321212689789953,2.158005617977528,0.07411565100146733,-3.434451253696371
30,500104078,1424,8.398876404494382,8.24709327407729,2.0223409176337066,2.0252808988764044,-0.0029399812426977867,0.14516412238563275
30,500104079,1424,7.294943820224719,7.247892526398168,1.3888366121316256,1.3679775280898876,0.020859084041737974,-1.52481189298947
30,500104080,1424,8.50561797752809,8.385656000004332,0.6258608658118692,0.488061797752809,0.13779906805906017,-28.233938549079376
30,500104081,1424,8.711376404494382,8.9849665944823,1.8555367093180413,1.860252808988764,-0.004716099670722729,0.25351928769759025
30,500104082,1424,4.538623595505618,4.866160553687575,1.858498074661554,1.8918539325842696,-0.03335585792271556,1.7631307231606146
30,500104083,1424,11.956460674157304,11.898050851949883,0.9953203595383899,0.9592696629213483,0.03605069661704163,-3.758139969448557
30,500104084,1424,4.073033707865169,4.216201205138953,1.5908458550835676,1.5933988764044944,-0.0025530213209268293,0.1602248726751787
30,500104085,1424,11.176966292134832,11.168561974906018,2.169915695836918,2.2542134831460676,-0.08429778730914972,3.7395653934027786
30,500104086,1424,4.54564606741573,4.661037809041008,0.6240788290137768,0.5098314606741573,0.11424736833961946,-22.408850208762825
30,500104087,1424,13.547752808988765,13.852610451043137,2.543611440205259,2.556179775280899,-0.012568335075639592,0.4916843172448016
30,500104088,1424,10.117275280898877,10.366418194159603,1.7202117692942207,1.7514044943820224,-0.031192725087801687,1.7810120499209945
30,500104089,1424,7.504213483146067,7.930610074411644,1.409974729373603,1.2675561797752808,0.14241854959832212,-11.235679480776216
30,500104090,1424,23.209269662921347,23.023950290382565,1.210989505534941,1.0990168539325842,0.1119726516023567,-10.188438075511563
30,500104091,1424,11.746488764044944,12.266990609448964,3.413594067468535,3.360955056179775,0.05263901128875981,-1.5661920617466354
30,500104092,1424,5.736657303370786,5.736057352593864,1.106500364375015,1.0379213483146068,0.06857901606040828,-6.607342278079932
30,500104094,1424,5.01685393258427,5.064016378615296,0.7177632232807611,0.636938202247191,0.08082502103357014,-12.689617414752359
30,500104095,1424,11.183286516853933,11.042545584591355,1.0580793154055577,1.038623595505618,0.01945571989993966,-1.8732214426987206
30,500104096,1424,5.982443820224719,6.058571510908211,1.318072736325653,1.2387640449438202,0.07930869138183283,-6.40224356733163
30,500104097,1424,3.6383426966292136,3.7579874327501206,0.9461413517898223,0.8953651685393258,0.05077618325049649,-5.671002741075059
30,500104098,1424,6.768960674157303,6.749826695536354,2.111398540019001,2.0969101123595504,0.014488427659450576,-0.690941761120483
30,500104099,1424,5.6875,5.842127190512155,1.4137978708066654,1.389747191011236,0.024050679795429408,-1.7305794860379726
30,500104100,1424,4.753511235955056,4.856335156744986,1.2026944978969336,1.1811797752808988,0.02151472261603482,-1.821460464044803
30,500104101,1424,5.863061797752809,5.995437266073478,1.0518684549939001,1.0252808988764044,0.026587556117495748,-2.5931972541995854
30,500104102,1424,6.073033707865169,6.278384827255789,1.5479203010125033,1.497191011235955,0.050729289776548336,-3.3882977786962867
30,500104103,1424,9.226123595505618,9.392554198952828,1.4000599836022352,1.3890449438202248,0.01101503978201035,-0.7929937638818371
30,500104104,1424,9.702247191011235,9.704037913455004,2.594989385667226,2.629915730337079,-0.03492634466985267,1.3280404488616877
30,500104105,1424,7.669241573033708,7.771619823699643,1.4574869842710931,1.3616573033707866,0.09582968090030652,-7.0377238577636145
30,500104106,1424,4.481741573033708,4.8522576066420875,1.414883037108872,1.351123595505618,0.06375944160325409,-4.718994014710697
30,500104107,1424,13.656601123595506,13.586712755924633,3.174979637102562,3.212078651685393,-0.03709901458283138,1.1549846254034082
30,500104108,1424,15.844803370786517,15.94962633791523,4.694545544577724,5.000702247191011,-0.3061567026132872,6.12227418229632
30,500104109,1424,8.975421348314606,8.886220382161166,1.6371283440354079,1.627808988764045,0.00931935527136285,-0.5725091417782873
30,500104110,1424,4.907303370786517,5.021557484456504,1.021046735791904,1.0049157303370786,0.016131005454825376,-1.6052097671328676
30,500104111,147,5.326530612244898,6.017876348191857,1.9460770772748903,1.3061224489795917,0.6399546282952986,-48.9965262288588
30,500104112,1424,10.662921348314606,10.643829970786735,2.8591863368790857,2.9157303370786516,-0.05654400019956585,1.9392739952837612
30,500104113,1424,6.961376404494382,6.960805288025144,2.067435147267381,2.2183988764044944,-0.1509637291371133,6.805075982628976
30,500104114,1424,9.245084269662922,9.149955297463665,1.9957110578663986,2.050561797752809,-0.054850739886410205,2.674912794460553
30,500104115,1424,7.366573033707865,7.327950601798971,2.607911454761982,2.666432584269663,-0.05852112950768085,2.1947350123502116
30,500104116,1424,10.393258426966293,10.354993202519498,1.8994848202184298,1.9199438202247192,-0.02045900000628942,1.0656040968893976
30,500104117,1424,10.4438202247191,10.466812236030554,1.0651412784761725,1.095505617977528,-0.03036433950135553,2.7717191955083513
30,500104118,1424,4.867275280898877,5.071768833735037,0.7073375410145893,0.6039325842696629,0.10340495674492645,-17.121937023811075
30,500104119,1424,6.018960674157303,6.0989353887980755,1.2897540514351704,1.1853932584269662,0.10436079300820422,-8.803896282208699
30,500104120,1424,5.21067415730337,5.529499509668008,1.4265764594195565,1.3890449438202248,0.037531515599331655,-2.701965531519124
30,500104121,1424,6.125,6.158647194678533,1.6392268347020535,1.6271067415730338,0.012120093129019738,-0.7448861724524862
30,500104122,1424,5.955758426966292,6.03405214815585,0.7422700074883416,0.6278089887640449,0.1144610187242967,-18.231822221856657
30,500104123,1424,11.464185393258427,11.569733751929613,1.343505838223938,1.2935393258426966,0.04996651238124139,-3.8627748985281074
30,500104124,1424,6.162921348314606,6.298744650197822,1.3436922275369065,1.3595505617977528,-0.015858334260846263,1.1664394621614194
30,500104125,1424,7.135533707865169,7.033483017981374,1.542792429074696,1.5814606741573034,-0.038668245082607466,2.4450968471417864
30,500104126,1424,9.94943820224719,10.092701385105407,1.544610642703853,1.5877808988764044,-0.043170256172551325,2.7189051211726265
30,500104128,1424,7.138342696629214,7.063316493497569,2.2698537346936343,2.4389044943820224,-0.16905075968838812,6.931421877231923
30,500104129,1424,7.691713483146067,7.762076652491482,0.8105887587081846,0.773876404494382,0.03671235421380259,-4.743955753217322
30,500104130,1424,7.048455056179775,7.057974294109808,1.0569893309026697,1.0196629213483146,0.03732640955435507,-3.660661653264574
30,500104131,1424,5.950842696629214,6.094907421316296,0.5990605029522653,0.4648876404494382,0.13417286250282712,-28.86135290091024
30,500104132,1424,9.294241573033707,9.53169385385984,1.7991749079633088,1.7928370786516854,0.006337829311623411,-0.3535083799354382
30,500104133,1424,7.716292134831461,7.789667893765501,0.8063102366368953,0.7247191011235955,0.08159113551329977,-11.2583117219902
30,500104134,1424,12.424157303370787,12.246084217003665,1.1297788037441072,0.9929775280898876,0.13680127565421962,-13.776875285120845
30,500104135,1424,11.624297752808989,11.359396536320876,1.5938993534456007,1.529494382022472,0.06440497142312873,-4.210866818481878
30,500104136,1424,7.991573033707865,8.040063922307365,0.7283740705320517,0.6074438202247191,0.12093025030733262,-19.908055079496144
30,500104137,1424,8.305477528089888,8.494683737974844,1.1549962535967693,1.0400280898876404,0.11496816370912888,-11.054332553801455
30,500104138,1424,5.359550561797753,5.455543963632405,0.27354463846695004,0.16432584269662923,0.10921879577032081,-66.46477144313539
30,500104139,1424,6.049157303370786,5.998071045119049,1.4400369859663864,1.4719101123595506,-0.0318731263931642,2.165426144268407
30,500104140,1424,9.156601123595506,9.13225048318641,1.843284011067051,1.8237359550561798,0.019548056010871173,-1.0718687623981729
30,500104141,1424,8.995084269662922,9.055201327700884,1.840189832968684,1.8103932584269662,0.029796574541717913,-1.645861991753542
30,500104142,1424,8.780196629213483,8.760271168402877,3.074604379110911,3.1025280898876404,-0.027923710776729394,0.9000308770045871
30,500104143,1424,8.237359550561798,8.412147726213545,0.8821737144445639,0.827247191011236,0.054926523433327934,-6.639674819105175
30,500104144,1424,8.052668539325843,7.785534476368714,1.7207132055915626,1.8075842696629214,-0.0868710640713588,4.805920560901901
30,500104145,1424,4.924859550561798,5.200684299308147,0.7376510279553163,0.5660112359550562,0.17163979200026014,-30.32444960401618
30,500104146,1424,4.917134831460674,5.094589245169755,0.5247279957747274,0.42064606741573035,0.10408192835899704,-24.74334991372484
30,500104147,1424,7.428370786516854,7.58236253948801,1.2747517190839,1.2521067415730338,0.022644977510866138,-1.8085500827522927
30,500104148,1424,4.593398876404494,4.665333716471947,1.29428661043963,1.279494382022472,0.014792228417157993,-1.1560995206384732
30,500104149,1424,4.111657303370786,4.485796909058777,1.0584540427622657,0.9466292134831461,0.11182482927911963,-11.812949324441123
30,500104150,1424,8.433988764044944,8.410608512302701,0.8011751544305408,0.7598314606741573,0.04134369375638347,-5.441166350193166
30,500104151,1424,11.680477528089888,11.137094754078284,2.256192425708376,2.101825842696629,0.15436658301174688,-7.3444040831516055
30,500104152,1424,5.030196629213483,5.32542379691155,1.0013319513264092,0.8658707865168539,0.13546116480955528,-15.644501110203302
30,500104153,1424,6.930477528089888,7.125020289847061,1.7039762674357872,1.6917134831460674,0.01226278428971983,-0.7248735918871332
30,500104154,1424,6.72682584269663,6.702084875550333,0.20841823887407354,0.13904494382022473,0.06937329505384882,-49.8927132104448
30,500104155,1424,8.485955056179776,8.534890969334926,1.3904039439817377,1.3946629213483146,-0.004258977366576877,0.3053768262842635
30,500104156,1424,7.22682584269663,7.249945740808918,0.7279217910408774,0.6657303370786517,0.062191453962225696,-9.341838654241498
30,500104157,1424,7.056179775280899,7.052099964290208,0.5237078394643624,0.4396067415730337,0.08410109789132869,-19.13098456825113
30,500104158,1424,7.304073033707865,7.203148016202677,1.0400990893827575,1.0168539325842696,0.02324515679848793,-2.2859877956524044
30,500105001,1424,16.06811797752809,15.686331266394962,4.859737435522127,5.007724719101123,-0.14798728357899638,2.955180084370928
30,500105002,1424,6.961376404494382,7.021494383486679,2.5605699193454248,2.692415730337079,-0.13184581099165404,4.896933616382769
30,500105003,1424,14.96629213483146,14.395482676780604,3.1773280038426956,3.271067415730337,-0.09373941188764157,2.865713235895268
30,500105004,1424,14.54564606741573,14.398916967840181,2.4118226693869325,2.508426966292135,-0.09660429690520234,3.8511903357505077
30,500105005,1424,5.553370786516854,5.644751216553744,2.9134337520623372,3.207865168539326,-0.2944314164769888,9.178422440088267
30,500105006,1424,7.573033707865169,7.564489797113809,1.6838214846422195,1.728932584269663,-0.04511109962744353,2.6091878907180983
30,500105007,1424,22.793539325842698,22.73534928786777,3.478055822753348,3.609550561797753,-0.13149473904440478,3.64296708947923
30,500105008,1424,9.058988764044944,9.390990743134545,1.9317859302418978,1.8925561797752808,0.03922975046661703,-2.0728446999800614
30,500105009,1424,14.848314606741573,14.482705748168634,2.4537529997173624,2.600421348314607,-0.14666834859724442,5.6401763003639225
30,500105010,1424,13.856039325842696,13.75890943724566,2.6638582245840854,2.779494382022472,-0.11563615743838662,4.160330676914162
30,500105011,1424,10.952247191011235,10.637665842590126,2.37553908868503,2.3974719101123596,-0.021932821427329774,0.9148312159495489
30,500105012,1424,16.986657303370787,16.460795479423048,2.6098060550066755,2.7127808988764044,-0.10297484386972888,3.795914513862126
30,500105013,1424,14.07443820224719,13.751709852490835,2.845135972041231,2.936797752808989,-0.09166178076775777,3.121147197830872
30,500105014,1424,5.807584269662922,5.83404987841549,1.6627369540770167,1.663623595505618,-0.0008866414286012869,0.053295795454969715
30,500105015,1424,7.009831460674158,6.836163828883197,2.1345100284529663,2.134831460674157,-0.0003214322211908538,0.015056561939992627
30,500105016,1424,14.10814606741573,13.737352612999734,3.0502872421763496,3.1235955056179776,-0.073308263441628,2.3469192252895295
30,500105017,1424,5.311797752808989,5.562976213352569,1.5559917159138197,1.5308988764044944,0.025092839509325282,-1.6390919018935413
30,500105018,1424,23.770365168539325,23.60597599701572,2.89648338175903,3.110955056179775,-0.2144716744207451,6.89407820259912
30,500105019,1424,5.818820224719101,6.375243560678522,1.663889251532996,1.4115168539325842,0.25237239760041175,-17.87951712353166
30,500105020,1424,8.774578651685394,9.070769356087474,1.650853764313989,1.574438202247191,0.07641556206679789,-4.853512951967895
30,500105021,1424,3.9831460674157304,4.542477934784994,1.1461930197108745,0.8953651685393258,0.2508278511715487,-28.014028240649832
30,500105022,1424,9.73384831460674,9.967540634818404,2.081546378210467,2.0695224719101124,0.012023906300354437,-0.5809990692807845
30,500105023,1424,11.696629213483146,12.075500995987266,2.479977083137395,2.4101123595505616,0.06986472358683349,-2.898816036936215
30,500105024,1424,12.14115168539326,12.146044811447966,1.9454683674056756,1.8932584269662922,0.05220994043938343,-2.757676379290875
30,500105025,1424,17.445926966292134,16.906757265596887,1.4028225042964793,1.1741573033707866,0.22866520092569265,-19.474835294149898
30,500105026,1424,11.981741573033707,12.059687702666393,1.4465574386056925,1.3735955056179776,0.07296193298771492,-5.311748086631188
30,500105027,1424,15.049859550561798,15.108646293713702,1.5773276602509234,1.7492977528089888,-0.1719700925580654,9.830807378670618
30,500105028,1424,13.260533707865168,13.377193548340568,2.4295938308107528,2.4655898876404496,-0.035996056829696865,1.459936910438289
30,500105029,1424,12.07935393258427,11.96659157820848,1.4709243050938998,1.4873595505617978,-0.016435245467897985,1.1049947849993735
30,500105030,1424,6.609550561797753,6.792035976891287,1.4168194172357509,1.3469101123595506,0.06990930487620028,-5.190346722821126
30,500105031,1424,10.364466292134832,10.419526311518574,1.6994153881294871,1.6418539325842696,0.05756145554521752,-3.505881637997851
30,500105032,1424,8.65941011235955,8.925250689367607,1.5043566736234562,1.4473314606741574,0.05702521294929874,-3.9400244172635324
30,500105033,1424,11.115168539325843,11.79430928921118,1.9818041967977529,1.8588483146067416,0.12295588219101128,-6.614626982999624
30,500105034,1424,7.377106741573034,7.408430962415708,1.135531135395023,0.8370786516853933,0.29845248370962973,-35.65405510088194
30,500105035,1424,8.5625,8.9263796156109,1.4824580120817954,1.413623595505618,0.06883441657617739,-4.869359622676433
30,500105036,1424,9.325140449438202,9.575401708533862,1.7375554032426848,1.5603932584269662,0.17716214481571857,-11.353685608352082
30,500105037,1424,6.292134831460674,6.52610975082543,1.0701959670001595,1.0098314606741574,0.0603645063260021,-5.977681294035256
30,500105038,1424,9.383426966292134,9.375990947809973,1.3661202470102662,1.3490168539325842,0.01710339307768205,-1.2678413192409808
30,500105039,1424,6.421348314606742,6.457778910861911,1.3451221335876506,1.3328651685393258,0.012256965048324853,-0.9195952702220543
30,500105040,1424,6.540730337078652,6.498482180030333,1.1306375927178751,1.0807584269662922,0.04987916575158291,-4.6152002618748575
30,500105041,1424,4.788623595505618,5.003945081394188,1.165497614062823,1.071629213483146,0.09386840057967705,-8.75941038174706
30,500105042,1424,5.782303370786517,6.004732779569733,0.6487830181584255,0.523876404494382,0.12490661366404354,-23.84276378788177
30,500105043,1424,4.486657303370786,4.62840770614477,1.049403852324488,1.0421348314606742,0.007269020863813758,-0.6975125141557137
30,500105044,1424,2.955056179775281,3.3408555695725735,0.8220082009516666,0.6158707865168539,0.2061374144348127,-33.470886904808815
30,500105046,1424,4.646769662921348,4.844342754657423,1.1597637672805203,1.1123595505617978,0.047404216718722525,-4.261591199965964
30,500105047,1424,6.949438202247191,6.8691695633976675,2.2808160050942416,2.3862359550561796,-0.10541994996193793,4.417834277392573
30,500105048,1424,7.268258426966292,7.2457846958025165,1.9578055244334773,1.884129213483146,0.07367631095033134,-3.9103640250939926
30,500105049,1424,9.75561797752809,9.814513564855028,1.3483051835601874,1.2949438202247192,0.05336136333546815,-4.120747363866954
30,500105050,1424,9.201544943820224,9.033570301608824,1.5965684363805521,1.4417134831460674,0.15485495323448473,-10.741035236527338
30,500105051,1424,3.041432584269663,3.215653490451909,0.6366572556350572,0.5301966292134831,0.10646062642157406,-20.079461195274366
30,500105053,1424,8.710674157303371,8.664725435273379,1.62978520523556,1.6172752808988764,0.01250992433668352,-0.7735185521249385
30,500105054,1424,3.033005617977528,3.371159162218691,0.7591462938431389,0.589185393258427,0.16996090058471192,-28.846760719026193
30,500105055,1424,14.807584269662922,14.711600303306547,2.0908476745255284,2.1615168539325844,-0.07066917940705597,3.269425324095117
30,500105056,1424,5.44873595505618,5.445148056630893,1.1715955129931683,1.1004213483146068,0.07117416467856152,-6.467901116928628
30,500105057,1424,4.202247191011236,4.178618660683339,0.776903057807079,0.7191011235955056,0.057801934211573425,-8.038081476296929
30,500105058,1424,3.497191011235955,3.793035766215267,0.503563631836878,0.32092696629213485,0.18263666554474317,-56.90910541262894
30,500105059,1424,4.714185393258427,4.976062703654844,0.9839733338697341,0.9241573033707865,0.05981603049894757,-6.472494485600405
30,500105060,1424,7.404494382022472,7.401283155207026,1.2126020957316717,1.1875,0.02510209573167166,-2.113860693193403
30,500105061,1424,12.917837078651685,12.962732232470707,2.9078067723590775,2.9023876404494384,0.005419131909639052,-0.1867128923137191
30,500105063,1424,4.139747191011236,4.137819374259793,0.9748653377389784,0.8911516853932584,0.08371365234572004,-9.393872414523667
30,500105064,1424,5.82935393258427,5.834407102867026,0.6641811680580689,0.5175561797752809,0.14662498828278803,-28.330255537949817
30,500105066,1424,2.759831460674157,3.3392133562146675,1.6600603035416608,1.6018258426966292,0.05823446084503159,-3.6355051399967113
30,500105067,1424,15.633426966292134,15.373954877121728,2.7278519743594014,2.779494382022472,-0.0516424076630706,1.8579784869179519
30,500105068,1424,4.285112359550562,4.326498849966226,1.64389278936522,1.728932584269663,-0.08503979490444302,4.918629892117256
30,500105069,1424,11.504915730337078,11.51350543040567,2.059988815239405,2.0786516853932584,-0.018662870153853373,0.8978353749691622
30,500105070,1424,40.65870786516854,39.66441233667209,5.922892189503564,5.96558988764045,-0.04269769813688562,0.7157330446959991
30,500105071,1424,4.988061797752809,5.157644391195596,1.8971925013262259,1.910814606741573,-0.013622105415347141,0.7128951896896115
30,500105072,1424,3.106741573033708,3.534198113414077,0.9107098218173827,0.7675561797752809,0.1431536420421018,-18.650575138879503
30,500105073,1424,9.558988764044944,9.62123878037764,1.4000464469311864,1.3974719101123596,0.0025745368188268003,-0.18422816231202832
30,500105074,1424,4.866573033707865,4.9890596714275075,1.6353652576099225,1.5758426966292134,0.05952256098070907,-3.777189252964783
30,500105075,1424,4.510533707865169,4.679160824414789,1.184966972553323,1.1025280898876404,0.08243888266568256,-7.47725916661987
30,500105076,1424,5.858848314606742,5.949622314309901,0.9390598275791837,0.8265449438202247,0.11251488375895902,-13.61267582606267
30,500105077,1424,6.168539325842697,6.26569574619644,1.4309583695034997,1.4360955056179776,-0.005137136114477858,0.35771549276364156
30,500105079,1424,7.320224719101123,7.290364538323457,1.471670832458935,1.4887640449438202,-0.017093212484885267,1.1481478574753123
30,500105080,1424,5.099719101123595,5.233631167557024,1.2057040333410074,1.0568820224719102,0.1488220108690972,-14.0812321247571
30,500105081,1424,17.22120786516854,16.560832098499418,2.39213892389366,2.383426966292135,0.0087119576015251,-0.36552232246823047
30,500105082,1424,5.179073033707865,5.330216946506685,1.4460128300556097,1.4066011235955056,0.03941170646010406,-2.8019106340083964
30,500105083,1424,7.497893258426966,7.439243401625566,1.2778441902295592,1.2338483146067416,0.04399587562281759,-3.5657442735852163
30,500105084,1424,12.797050561797754,12.623795056491142,1.1450063720880912,1.0660112359550562,0.078995136133035,-7.410347421175351
30,500105085,1424,5.165028089887641,5.2076370616206225,1.0427480104969293,1.0344101123595506,0.00833789813737873,-0.8060534248219491
30,500105086,1424,6.555477528089888,6.646906488128884,1.4984991667015704,1.4936797752808988,0.004819391420671559,-0.32265225120057833
30,500105087,1424,8.385533707865168,8.226255031699486,1.89987169882013,1.9445224719101124,-0.04465077308998233,2.2962333290045085
30,500105088,1424,4.806179775280899,5.060873890541617,0.7279215749075285,0.6334269662921348,0.09449460861539372,-14.917995861232889
30,500105089,1424,12.521067415730338,12.451929829506978,1.9467406029481624,1.9915730337078652,-0.04483243075970278,2.251106537440647
30,500105090,1424,8.432584269662922,8.555124711990453,1.7019727843480292,1.547752808988764,0.15421997535926524,-9.964121819945268
30,500105091,1424,5.802668539325842,5.911625659770028,1.7780794117951573,1.8082865168539326,-0.03020710505877533,1.6704822370367405
30,500105092,1424,10.086376404494382,9.905691092823654,1.126075238524995,1.0646067415730338,0.061468496951961216,-5.773821877281844
30,500105093,1424,3.553370786516854,3.686357922553508,0.8113710083784469,0.6404494382022472,0.1709215701761997,-26.687753939792582
30,500105094,1424,8.588483146067416,8.473283368071154,1.3871534186651595,1.3918539325842696,-0.004700513919110083,0.33771603535886774
30,500105095,1424,5.490168539325842,5.594625410239308,1.6142430330704283,1.6411516853932584,-0.02690865232283013,1.639620064514767
30,500105096,1424,7.48876404494382,7.376268642391758,1.2621639350658838,1.3040730337078652,-0.041909098641981446,3.213707941097554
30,500105097,1424,4.754213483146067,4.972434979320848,1.0116310483265274,0.9529494382022472,0.05868161012428019,-6.157893354235445
30,500105098,1424,7.293539325842697,7.237358529248146,1.6465751839604876,1.6769662921348314,-0.03039110817434376,1.8122670871132964
30,500105100,1424,4.341292134831461,4.5861706850825055,0.7799872661862084,0.5926966292134831,0.1872906369727253,-31.59974728070626
30,500105101,1424,5.576544943820225,5.912699161938798,1.1331246724049338,1.029494382022472,0.10363029038246174,-10.066134618323705
30,500105102,1424,6.577247191011236,6.691593122363978,1.240474781476523,1.2282303370786516,0.012244444397871312,-0.9969175999181675
30,500105103,1424,12.287921348314606,12.225408796528178,1.0211026607239015,0.9150280898876404,0.10607457083626115,-11.592493389933685
30,500105104,1424,3.9332865168539324,4.158998151330362,0.9358580828271233,0.7464887640449438,0.18936931878217955,-25.368006580039857
30,500105106,1424,6.990870786516854,7.1401135099208854,1.1618157485831693,1.1390449438202248,0.022770804762944463,-1.999113809027923
30,500105107,1424,11.179073033707866,11.150248571206392,1.0954886932179335,0.9248595505617978,0.1706291426561357,-18.44919507534831
30,500105108,1424,9.106741573033707,9.097087798683265,1.048462190574338,1.014747191011236,0.03371499956310209,-3.3225023790904755
30,500105109,1424,7.654494382022472,7.469035869628916,1.8668468885304628,1.8820224719101124,-0.015175583379649638,0.8063444303216822
30,500105110,1424,8.23806179775281,8.290164738993512,1.1280675932787656,1.0435393258426966,0.084528267436069,-8.100151603564083
30,500105111,1424,10.365870786516854,10.515109917774819,1.555899194253737,1.5568820224719102,-0.0009828282181731929,0.06312798298054247
30,500105112,1424,3.392556179775281,3.714292525604655,0.7687303073640154,0.6165730337078652,0.15215727365615017,-24.67789950869679
30,500105113,1424,13.458567415730338,13.228306283547589,1.3093941135535552,1.2492977528089888,0.06009636074456637,-4.8104113378449975
30,500105114,1424,3.1264044943820224,3.510286864756365,0.7116782696162883,0.4866573033707865,0.22502096624550183,-46.23807444929216
30,500105115,1424,4.719101123595506,5.238064670444817,1.306687408232127,1.1502808988764044,0.15640650935572253,-13.59724476938638
30,500105116,1424,2.348314606741573,2.8250618276707926,1.1344404901118166,1.0196629213483146,0.11477756876350198,-11.256422721709837
30,500105117,1424,5.856039325842697,6.044196758990373,1.828004657332553,1.7893258426966292,0.03867881463592382,-2.1616417598726656
30,500105118,1424,5.863061797752809,6.110742624783164,0.9360701226671648,0.8356741573033708,0.10039596536379403,-12.013769300675856
30,500105119,1424,6.104634831460674,6.2381864268927965,0.7867938935869994,0.7612359550561798,0.025557938530819557,-3.3574266114286946
30,500105120,1424,4.649578651685394,4.916933981197448,0.6887483012193765,0.5512640449438202,0.13748425627555627,-24.939819227565877
30,500105121,1424,7.320926966292135,7.323807812746071,1.6893452494417611,1.7415730337078652,-0.05222778426610408,2.9988856772150085
30,500105122,1424,8.214185393258427,8.212212460380854,1.0053192417810763,0.9845505617977528,0.020768679983323546,-2.109457938391778
30,500105123,1424,2.5695224719101124,3.104668689439486,0.8114794731211517,0.4339887640449438,0.37749070907620785,-86.98167794895146
30,500105124,1424,4.162921348314606,4.293126988096792,0.8983293843843326,0.8342696629213483,0.06405972146298433,-7.678539003643913
30,500105125,1424,4.972612359550562,5.2455295179046395,1.2121029649190636,1.1762640449438202,0.035838919975243355,-3.046843107149047
30,500105126,1424,12.805477528089888,12.489847544575596,2.1001570801886538,1.8525280898876404,0.24762899030101337,-13.367084237628623
30,500105128,1424,9.4375,9.377307152304757,1.0585882710706844,0.9915730337078652,0.06701523736281922,-6.758477195797066
30,500105129,1424,8.651685393258427,8.61885154954113,0.7693471297337731,0.5990168539325843,0.17033027580118876,-28.43497218533327
30,500106001,1424,3.797050561797753,4.327195131705879,1.4272157564020151,1.1741573033707866,0.25305845303122854,-21.552346717492192
30,500106002,1424,6.828651685393258,7.2910416001970315,2.251474040888495,2.158005617977528,0.0934684229109668,-4.331240944523811
30,500106003,1424,3.3771067415730336,3.6912115344532888,1.9325649699539904,1.8876404494382022,0.04492452051578821,-2.3799299558959235
30,500106004,1424,3.74438202247191,4.007980533236841,1.9124282380681885,1.8398876404494382,0.07254059761875031,-3.942664542332078
30,500106005,1424,6.406601123595506,6.728920865368278,2.2591545673285918,2.3139044943820224,-0.054749927053430625,2.366127348227169
30,500106006,1424,6.796348314606742,7.535566656923102,2.793197909811941,2.826544943820225,-0.03334703400828376,1.1797807808148093
30,500106007,1424,7.669241573033708,8.095879107525247,2.5710782307674096,2.515449438202247,0.0556287925651624,-2.2114852209042786
30,500106008,1424,8.23384831460674,8.546482753773368,1.424957775935002,1.3911516853932584,0.03380609054174366,-2.4300794008805138
30,500106009,1424,24.122191011235955,23.91216481812922,3.3775330968578863,3.50561797752809,-0.12808488067020374,3.653703326810299
30,500106010,1424,18.396769662921347,18.203245240147684,3.553239773285972,3.832162921348315,-0.27892314806234264,7.278478336829318
30,500106011,1424,7.666432584269663,7.752413052391513,1.8217875283653788,1.7661516853932584,0.05563584297212043,-3.1501169142067393
30,500106012,1424,5.871488764044944,5.943743705274394,1.7327832148668332,1.7359550561797752,-0.003171841312942014,0.18271448339924873
30,500106013,1424,5.521067415730337,5.692464344256738,1.9250297395872276,2.0042134831460676,-0.07918374355884006,3.95086372907457
30,500106014,1424,23.600421348314608,23.522724730261793,5.040200177273655,5.416432584269663,-0.37623240699600835,6.9461292306795785
30,500106015,1424,3.039325842696629,3.6027024397457006,1.7040321421469977,1.6144662921348314,0.08956585001216633,-5.547706412236836
30,500106016,1424,2.9599719101123596,3.350923613440198,1.2870034438342126,1.2071629213483146,0.07984052248589801,-6.613897848744547
30,500106017,1424,8.273174157303371,8.953847191716823,2.4736056359212792,2.446629213483146,0.026976422438133252,-1.1025954521211754
30,500106018,1424,21.91502808988764,21.845215151424814,3.262884152952977,3.648174157303371,-0.38529000435039373,10.56117355524467
30,500106019,1424,7.900983146067416,7.999149676177857,2.308643942317081,2.346207865168539,-0.037563922851458376,1.601048372956502
30,500106020,1424,4.886938202247191,5.264076711973127,1.6227855682303538,1.5667134831460674,0.056072085084286405,-3.578962311072337
30,500106021,1424,8.45435393258427,8.851136767106999,2.451250764156782,2.5603932584269664,-0.10914249427018463,4.262723857398324
30,500106022,1424,7.040730337078652,7.341696723712158,2.5609129987336807,2.504915730337079,0.05599726839660191,-2.2354950994326077
30,500106023,1424,4.417837078651686,4.799270550364348,1.8267575120273312,1.7247191011235956,0.10203841090373555,-5.91623359637294
30,500106025,1424,17.877808988764045,17.837524185429352,2.793756476258039,3.002808988764045,-0.20905251250600587,6.961898452024143
30,500106026,1424,8.656601123595506,8.637981573912827,1.379612224281443,1.3581460674157304,0.021466156865712627,-1.5805484682923878
30,500106027,1424,10.356039325842696,10.552793838512999,1.7146911279205532,1.6875,0.027191127920553226,-1.6113260989957467
30,500106028,1424,5.275280898876405,5.617160966243437,1.4152072843083947,1.3764044943820224,0.038802789926372316,-2.819141472201744
30,500106029,1424,7.049157303370786,7.240300969914266,1.7338245514422872,1.7155898876404494,0.018234663801837803,-1.0628801168160882
30,500106030,1424,5.360955056179775,5.428737341156851,1.6137043405160199,1.4936797752808988,0.12002456523512106,-8.0354951055389
30,500106031,1424,5.4375,5.763455894426035,1.4044646336717044,1.3167134831460674,0.08775115052563698,-6.664407378587044
30,500106037,1424,12.95365168539326,12.821580846756953,1.6973578606537771,1.6875,0.00985786065377714,-0.5841695202238305
30,500106038,1424,12.531601123595506,12.711305174314086,3.225873857092487,3.214185393258427,0.011688463834060414,-0.36365244701118704
30,500106039,1424,8.98384831460674,8.995744175900041,2.1838456100990564,2.089185393258427,0.09466021684062964,-4.530962984237197
30,500106040,1424,11.200140449438202,11.307928908146227,2.363209532649071,2.3490168539325844,0.014192678716486551,-0.6041965468543153
30,500106041,1424,6.620786516853933,6.759107660885025,1.8010110226677747,1.6839887640449438,0.11702225862283089,-6.949111604625155
30,500106042,1424,8.82935393258427,9.109635831713398,2.132543885699417,2.054073033707865,0.0784708519915518,-3.820256179007513
30,500106043,1424,5.681179775280899,6.260243899958196,1.8215144424883605,1.651685393258427,0.16982904922993347,-10.282166926166042
30,500106046,1424,4.90308988764045,4.944269297871334,1.7630424241982714,1.577247191011236,0.1857952331870354,-11.779715585856563
30,500106047,1424,12.472612359550562,12.446589472781817,4.624908712877761,4.750702247191011,-0.12579353431325035,2.6478934643321286
30,500106048,1424,11.667134831460674,12.503106889474035,3.4668501001821888,3.5884831460674156,-0.12163304588522683,3.389539282594188
30,500106049,1424,3.4726123595505616,4.064971636297318,1.7401705965705605,1.577247191011236,0.1629234055593245,-10.329605054161979
30,500106050,1424,11.179073033707866,11.55924791314654,2.5737918308048977,2.539325842696629,0.03446598810826851,-1.3572889122282732
30,500106051,1424,10.662219101123595,10.691515792901955,2.5570636112201344,2.6228932584269664,-0.06582964720683204,2.5098103781132215
30,500106052,1424,6.330758426966292,6.765206778140656,2.789484268504518,2.667134831460674,0.12234943704384404,-4.58729853476656
30,500106053,1424,16.384129213483146,16.114131178409036,2.9447707318325724,3.0456460674157304,-0.10087533558315798,3.312116160258634
30,500106054,1424,8.567415730337078,8.537867630907753,2.688498200330799,2.7001404494382024,-0.011642249107403302,0.431171982547264
30,500106055,1424,20.29494382022472,21.00051405372843,4.171380134890127,4.845505617977528,-0.6741254830874013,13.912386781397963
30,500106056,1424,14.26123595505618,14.56198471855688,2.988180576422358,3.160814606741573,-0.1726340303192151,5.461694271818757
30,500106057,1424,9.014747191011235,9.601413297181882,2.0076824271503675,1.8679775280898876,0.1397048990604799,-7.478938957222683
30,500106058,1424,6.133426966292135,6.573078400745351,2.4302054782531246,2.3974719101123596,0.032733568140765,-1.3653368785134552
30,500106059,1424,13.79634831460674,13.787195325018208,3.183752687958958,3.202949438202247,-0.019196750243289262,0.5993460282053039
30,500106060,1424,5.611657303370786,5.772688295028111,2.023993772538659,2.043539325842697,-0.01954555330403762,0.9564559417508444
30,500106061,1424,5.821629213483146,6.07166592362274,1.5509912054381918,1.5498595505617978,0.0011316548763939949,-0.073016608245811
30,500106062,1424,15.495084269662922,15.558490399790163,3.7143882983587804,3.7373595505617976,-0.02297125220301721,0.6146385407195887
30,500106063,1424,5.043539325842697,5.314698132793036,1.2726502551112824,1.228932584269663,0.04371767084161937,-3.557369330198056
30,500106064,1424,11.714185393258427,11.69483153994726,1.9352568465929807,1.9859550561797752,-0.050698209586794496,2.5528377104524527
30,500106065,1424,10.821629213483146,11.336200901795412,4.598224420408538,4.824438202247191,-0.22621378183865293,4.688914488184014
30,500106066,1424,15.462078651685394,15.119676722956157,3.008195612998522,2.928370786516854,0.07982482648166789,-2.725912539805637
30,500106067,1424,16.421348314606742,16.57246493471486,3.2665610316389353,3.3679775280898876,-0.1014164964509523,3.0111987269840714
30,500106068,1424,7.320926966292135,7.804752332881698,1.646156664293792,1.6172752808988764,0.028881383394915527,-1.7858050349266048
30,500106069,1424,5.804073033707865,6.339943138479913,2.6358783884745645,2.572331460674157,0.06354692780040727,-2.470401998028391
30,500106070,1424,9.366573033707866,9.667954623424645,3.4713493193795832,3.428370786516854,0.042978532862729235,-1.253613904066498
30,500106071,1424,13.214887640449438,13.388005233912812,2.6756679980779547,2.5786516853932584,0.09701631268469635,-3.762288378622211
30,500106072,1424,3.11938202247191,3.841993138182016,1.8778879091494307,1.678370786516854,0.1995171226325767,-11.887547390325908
30,500106073,1424,6.555477528089888,6.650731246925282,1.937390099299617,1.7851123595505618,0.15227773974905512,-8.530428851402615
30,500106074,1424,7.291432584269663,7.126319346453214,1.807797712992893,1.5898876404494382,0.21791007254345485,-13.706004562803873
30,500106075,1424,7.117275280898877,7.306513870455072,2.2400295687006273,2.25561797752809,-0.015588408827462708,0.6910925955886331
30,500106077,1424,10.339185393258427,10.346901728692119,3.235400788174403,3.3532303370786516,-0.11782954890424868,3.513911573605238
30,500106078,1424,10.184691011235955,10.314015773606265,1.8839018805273393,1.8771067415730338,0.006795138954305502,-0.36200066857205515
30,500106079,1424,4.132022471910112,4.469675003184054,1.435728228503269,1.1692415730337078,0.2664866554695613,-22.791411254573894
30,500106080,1424,5.711376404494382,5.955090262859405,2.4924722994881967,2.5252808988764044,-0.03280859938820768,1.2992059379534966
30,500106083,1424,5.109550561797753,5.64492661575252,1.6953330242536426,1.5014044943820224,0.19392852987162024,-12.916474580785183
30,500106084,1424,4.790028089887641,5.379625940485418,2.171760176291945,2.0976123595505616,0.07414781674138338,-3.534867460319047
30,500106085,1424,10.169943820224718,10.225831545607992,2.6834747143364837,2.7099719101123596,-0.026497195775875948,0.977766436508094
30,500106086,1424,9.995786516853933,9.932366925332905,2.4124946520282893,2.273174157303371,0.13932049472491848,-6.128896647769043
30,500106087,1424,7.287921348314606,7.145137925924008,1.5928266985664297,1.4304775280898876,0.16234917047654207,-11.349298908129402
30,500106088,1424,6.745786516853933,6.762872100644676,1.7246097993065364,1.699438202247191,0.025171597059345352,-1.4811716616738753
30,500106089,1424,7.396067415730337,7.754810050635211,1.9878692907609818,1.9431179775280898,0.044751313232892054,-2.3030672223938664
30,500106090,1424,4.96067415730337,5.438124440671344,1.5870628645315243,1.3820224719101124,0.20504039262141194,-14.836256051468018
30,500106091,1424,12.95435393258427,13.067659065249774,2.597237632234583,2.6657303370786516,-0.06849270484406844,2.569378601105202
30,500106092,1424,5.957865168539326,6.427167687178055,3.1117947704852473,3.0786516853932584,0.03314308509198893,-1.0765454646667938
30,500106093,1424,4.756320224719101,4.866728394399309,1.4539438139550849,1.4332865168539326,0.020657297101152272,-1.4412538496835294
30,500106094,1424,6.660112359550562,6.576630020515754,1.6113796597230214,1.3792134831460674,0.23216617657695404,-16.83322991067121
30,500106095,1424,8.819522471910112,8.973410160449875,2.3780019385212086,2.4375,-0.05949806147879144,2.440946111950418
30,500106096,1424,8.709269662921349,8.721680102245559,2.3114427041185417,2.3883426966292136,-0.07689999251067192,3.2198056258511265
30,500106097,1424,11.15941011235955,11.008835007252106,2.0932786523942224,2.05688202247191,0.03639662992231241,-1.769504984956397
30,500106098,1424,6.634831460674158,6.916016189941725,2.096146140740663,1.8462078651685394,0.24993827557212378,-13.537927136352387
30,500106099,1424,4.720505617977528,5.053369419586394,1.3566433733758603,1.1678370786516854,0.18880629472417487,-16.16717761197986
30,500106100,1424,7.250702247191011,7.660096060442201,1.7170217356683277,1.6474719101123596,0.06954982555596811,-4.221609189756974
30,500106101,1424,7.808988764044944,7.925398188736745,1.3053924116018896,1.2401685393258426,0.06522387227604698,-5.259274865293936
30,500106102,1424,3.191011235955056,3.774095465890588,1.95843790045056,1.886938202247191,0.0714996982033691,-3.7891913003944024
30,500106103,1424,3.49438202247191,3.8027797019356306,1.5527961703796047,1.5807584269662922,-0.027962256586687495,1.7689139662124829
30,500106104,1424,4.739466292134831,4.996245677186058,2.0658419232219,2.068820224719101,-0.00297830149720113,0.1439613486766602
30,500106105,1424,7.861657303370786,7.815528655247584,2.8905739686702048,2.951544943820225,-0.060970975150020035,2.0657308735100766
30,500106106,1424,8.839887640449438,8.94445604001424,2.733025645934674,2.7612359550561796,-0.028210309121505794,1.0216551421420208
30,500106107,1424,7.288623595505618,7.289981460991982,1.8605664644956226,1.8054775280898876,0.05508893640573498,-3.0512114135265116
30,500106108,1424,4.311095505617978,4.685377202857779,1.5859255996666595,1.5870786516853932,-0.0011530520187337245,0.07265248118039043
30,500106109,1424,5.28441011235955,5.464439154174563,1.3335452573547708,1.3160112359550562,0.017534021399714605,-1.3323610711416007
30,500106110,1424,3.9206460674157304,4.686734311402351,2.6148523542101825,2.518960674157303,0.09589168005287929,-3.8067954389545613
30,500106111,1424,4.765449438202247,5.15367741115635,1.631257549878488,1.5049157303370786,0.12634181954140944,-8.395275362900936
30,500106112,1424,12.370786516853933,12.255608462262897,4.146581042330662,4.417837078651686,-0.2712560363210237,6.140019006853246
30,500106113,1424,6.385533707865169,6.404930867104509,1.8058423317923578,1.7584269662921348,0.04741536550022296,-2.696464875092552
30,500106114,1424,6.412219101123595,6.421289978799721,1.8343115072490168,1.7844101123595506,0.04990139488946621,-2.79652051643447
30,500106115,1424,7.415730337078652,7.542836149170812,1.4853044113192024,1.4269662921348314,0.05833811918437104,-4.088261895597656
30,500106116,1424,7.889747191011236,7.8378224687817,2.359530295273337,2.451544943820225,-0.09201464854688801,3.7533331289249077
30,500106117,1424,13.14747191011236,13.000038836283133,2.1259054244473643,2.074438202247191,0.05146722220017308,-2.4810197837862713
30,500106118,1424,3.633426966292135,3.9007251384405226,2.1341351840696205,2.2275280898876404,-0.09339290581801984,4.192670172914888
30,500106119,1424,9.316011235955056,9.411809289255393,2.287947345508119,2.346207865168539,-0.05826051966042023,2.4831780902854956
30,500106121,1424,15.882022471910112,15.775416800584159,4.208208379673265,4.476123595505618,-0.26791521583235234,5.9854293590409435
30,500106122,1424,5.342696629213483,5.602301508856234,1.1069889372842656,1.0035112359550562,0.10347770132920941,-10.311563799355788
30,500106123,1424,6.024578651685394,6.3013300026428265,1.851912456233402,1.8932584269662922,-0.04134597073289026,2.183852460075509
30,500106125,1424,4.728932584269663,5.037465222474362,1.6380923691108145,1.6004213483146068,0.037671020796207655,-2.3538189387362745
30,500106126,1424,6.376404494382022,6.838258517104251,2.3145973538407936,2.2808988764044944,0.03369847743629917,-1.477420931936269
30,500106127,1424,6.52808988764045,6.552717780272834,1.9483581519026567,1.9536516853932584,-0.005293533490601687,0.27095584797328554
30,500106128,1424,11.24438202247191,11.250005282261615,1.9903858053514571,1.9297752808988764,0.06061052445258075,-3.140807380657751
30,500106129,1424,7.348314606741573,7.693945882997988,1.2745243017059964,1.2450842696629214,0.029440032043074993,-2.3645011635272866
30,500106130,1424,7.193820224719101,7.301563397231395,1.4312590773421734,1.3616573033707866,0.06960177397138678,-5.111548537145682
30,500106131,1424,6.174157303370786,6.378393391009953,1.4499964045724465,1.276685393258427,0.1733110113140195,-13.575075913705378
30,500106132,1424,22.372893258426966,21.994953896839935,3.9207797020559005,4.268258426966292,-0.34747872491039145,8.140995463514273
30,500106133,1424,5.592696629213483,5.8616656707883426,1.5475779456414798,1.4332865168539326,0.11429142878754717,-7.974081067783791
30,500106134,1424,4.974016853932584,5.28990210803971,0.9518016034565854,0.8609550561797753,0.09084654727681007,-10.55183387619719
30,500106135,1424,5.137640449438202,5.3795995766596265,2.7646253867852963,2.768258426966292,-0.003633040180995639,0.13123919882642796
30,500106136,1424,7.040028089887641,7.3337834751590245,1.7479545476498963,1.6383426966292134,0.10961185102068294,-6.690410452355444
30,500106137,1424,4.297050561797753,4.725855873850504,1.7747422306783671,1.658005617977528,0.11673661270083913,-7.040785111647391
30,500106138,1424,4.35182584269663,4.976665790782062,1.4265682164241595,1.2640449438202248,0.16252327260393473,-12.857396677111279
30,500106142,1424,5.297752808988764,5.73025185885523,1.7187609749653596,1.553370786516854,0.16539018844850562,-10.647180305184085
30,500106143,1424,8.34620786516854,8.277625986716062,1.5450306973370906,1.428370786516854,0.11665991082023663,-8.167340855851373
30,500106144,1424,3.806179775280899,4.105142698976497,1.7334299501233863,1.6594101123595506,0.0740198377638357,-4.460611467444013
30,500106145,1424,6.610955056179775,6.826677979570869,1.1937118839153569,1.1362359550561798,0.05747592885917707,-5.058450104787895
30,500106146,1424,3.839185393258427,4.404698506470812,1.7659801606934806,1.5941011235955056,0.17187903709797503,-10.782191578304689
30,500106147,1424,5.889044943820225,6.12213953729009,1.7045218792653676,1.5933988764044944,0.11112300286087318,-6.9739601619164135
30,500106149,1424,8.087780898876405,7.997953376874699,1.9119697681056105,2.004915730337079,-0.09294596223146834,4.635903685380416
30,500106150,1424,10.575842696629213,10.61311368563,2.603225702878404,2.6502808988764044,-0.04705519599800034,1.775479573427464
30,500106151,1424,6.699438202247191,6.769677296290189,1.5493427271171145,1.4845505617977528,0.06479216531936172,-4.364429679033637
30,500106152,1424,10.660814606741573,10.970909913600988,1.185997186386067,1.1264044943820224,0.0595926920040446,-5.2905232801595705
30,500107001,1424,12.0,11.90273533192784,2.2607754824816007,2.199438202247191,0.06133728023440943,-2.788770340159611
30,500107002,1424,6.36938202247191,6.397162464387311,1.4071454796749576,1.2949438202247192,0.11220165945023841,-8.664596695072639
30,500107003,1424,6.294943820224719,6.562493457352334,1.0876689932795949,0.9396067415730337,0.14806225170656118,-15.757895846796945
30,500107004,1424,5.50561797752809,5.5516665036759045,0.5984082762660965,0.49719101123595505,0.10121726503014145,-20.3578227970228
30,500107005,1424,16.661516853932586,16.42406097554174,3.2623038961371154,3.582865168539326,-0.32056127240221066,8.94706491377397
30,500107006,1424,7.271769662921348,7.433349538782712,1.5779098858491194,1.5196629213483146,0.0582469645008048,-3.8328871279642343
30,500107007,1424,13.976825842696629,14.238440606944476,1.7263190096767442,1.559691011235955,0.16662799844078924,-10.683398008990721
30,500107008,1424,13.73384831460674,13.760227131649582,3.212157096166888,3.345505617977528,-0.13334852181063983,3.985900400049352
30,500107009,1424,8.567415730337078,8.54460231586387,2.0850815031449406,2.1362359550561796,-0.05115445191123902,2.3946068218804855
30,500107010,1424,18.09129213483146,17.769919828683978,4.307054171693918,4.561095505617978,-0.2540413339240599,5.569743795348134
30,500107011,1424,5.807584269662922,6.404236257360154,2.14177401033596,2.0639044943820224,0.07786951595393754,-3.772922447036647
30,500107012,1424,18.452247191011235,18.401052230247302,3.5278144627700194,3.615870786516854,-0.08805632374683459,2.4352729659252756
30,500107013,1424,9.700842696629213,10.049213491490235,3.76691916599251,3.8637640449438204,-0.09684487895131033,2.506490505755469
30,500107014,1424,7.712078651685394,7.579485532120832,2.705431631738076,2.767556179775281,-0.062124548037204796,2.2447438823897397
30,500107015,1424,9.34129213483146,9.670443723641421,1.338589105457796,1.2542134831460674,0.08437562231172868,-6.727373245907148
30,500107016,1424,11.104634831460674,11.680958271669928,2.456497104877393,2.386938202247191,0.06955890263020192,-2.9141476123979855
30,500107017,1424,11.160814606741573,11.296280255030068,2.995904748250939,3.052668539325843,-0.056763791074903924,1.859480986672721
30,500107018,1424,6.388342696629214,6.8157211767720405,1.778148484588519,1.7071629213483146,0.07098556324020433,-4.1581012774187975
30,500107019,1424,7.249297752808989,7.907109664868175,2.3182883566888304,2.318820224719101,-0.0005318680302708323,0.02293701014856648
30,500107020,1424,13.532303370786517,13.512768201505194,2.138303322037562,2.1853932584269664,-0.047089936389404397,2.1547580147336713
30,500107021,1424,16.945926966292134,16.779474963275693,3.5372827985224804,3.537921348314607,-0.0006385497921264083,0.018048727748868704
30,500107022,1424,18.41924157303371,18.245338914707162,3.38766721789508,3.6271067415730336,-0.2394395236779534,6.601391707984621
30,500107023,1424,31.604634831460675,30.858291301182195,4.850412590576872,5.148876404494382,-0.2984638139175102,5.79667854635208
30,500107024,1424,15.105337078651685,15.486696332241886,5.634027721145517,5.995084269662922,-0.36105654851740443,6.02254334179201
30,500107025,1424,7.826544943820225,7.7075560253934885,2.1849299524447563,2.207162921348315,-0.022232968903558525,1.0073098224202144
30,500107026,1424,4.490870786516854,4.829750203762944,1.2869647938202367,1.1502808988764044,0.13668389494383226,-11.882653626374674
30,500107027,1424,15.581460674157304,15.998061575713729,2.8179159070283997,2.917134831460674,-0.09921892443227431,3.4012457484727645
30,500107028,1424,14.789325842696629,14.96502024706735,4.1511472714770745,4.219803370786517,-0.06865609930944228,1.6269975938866001
30,500107029,1424,13.851123595505618,13.830739998308644,3.1881110353937747,3.264747191011236,-0.07663615561746129,2.3473840739785947
30,500107030,1424,6.969101123595506,7.280242571734644,1.5391630253379012,1.4866573033707866,0.05250572196711456,-3.531797264108225
30,500107031,1424,8.79564606741573,8.908086253040135,1.822256963266622,1.865870786516854,-0.04361382325023211,2.337451422970663
30,500107032,1424,9.104634831460674,9.436100661970325,1.282589862078038,1.1622191011235956,0.12037076095444244,-10.356976652515167
30,500107033,1424,7.32373595505618,7.3364959092675,2.5803106890994796,2.7191011235955056,-0.13879043449602602,5.104276309977816
30,500107034,1424,11.374297752808989,11.525662677470502,2.4505035878691643,2.488061797752809,-0.037558209883644444,1.5095368578693111
30,500107035,1424,12.04564606741573,12.52639343870464,2.9356223309242484,2.857443820224719,0.07817851069952919,-2.735959676483892
30,500107036,1424,8.8813202247191,9.318301744042417,3.5946373804282636,3.596207865168539,-0.0015704847402755462,0.04367057742925948
30,500107037,1424,10.451544943820224,10.313986707384887,2.3218132300636807,2.372191011235955,-0.05037778117227454,2.1236814798495836
30,500107038,1424,5.145365168539326,5.376417183733921,2.45379654657682,2.5884831460674156,-0.1346865994905957,5.203302161546616
30,500107040,1424,13.212780898876405,13.229448266905862,2.6590161555657943,2.7717696629213484,-0.11275350735555412,4.067924866336687
30,500107041,1424,25.96769662921348,25.608244792389463,1.727444300922749,1.6678370786516854,0.05960722227106352,-3.573923558483977
30,500107042,1424,5.802668539325842,6.212910482113711,1.654864801093631,1.3609550561797752,0.2939097449138559,-21.595845033918
30,500107043,1424,6.037921348314606,6.072624781361939,2.0713434581919374,1.9171348314606742,0.15420862673126323,-8.043702727667355
30,500107044,1424,5.853230337078652,6.048027959749867,2.1399969437946247,2.158005617977528,-0.018008674182903306,0.8345054356151744
30,500107045,1424,8.23384831460674,8.214027653489977,2.912400160013059,3.0161516853932584,-0.10375152538019927,3.4398643106263975
30,500107046,1424,8.845505617977528,8.769544170097735,1.53569571241873,1.553370786516854,-0.017675074098123966,1.1378528714162988
30,500107047,1424,7.955758426966292,7.754924219662543,2.1201339807282484,2.2099719101123596,-0.08983792938411117,4.065116347091652
30,500107048,1424,16.356039325842698,15.999919412337588,2.709206927971849,2.7155898876404496,-0.006382959668600474,0.23504873462857706
30,500107049,1424,23.578651685393258,23.172711811274624,2.047007225796346,1.9782303370786516,0.06877688871769427,-3.4766875943910773
30,500107051,1424,9.071629213483146,9.554667815180943,2.035632313547639,1.9620786516853932,0.07355366186224588,-3.7487621507458173
30,500107052,1424,9.47191011235955,9.408962392526567,1.8013525771191738,1.779494382022472,0.021858195096701838,-1.2283374040135524
30,500107053,1424,5.28932584269663,5.358547328535411,1.7259721622252049,1.7598314606741574,-0.033859298448952524,1.9240080204033676
30,500107054,1424,6.509129213483146,6.458769303382641,2.113416830967996,2.205758426966292,-0.09234159599829583,4.186387542234106
30,500107055,1424,5.668539325842697,5.840119799667293,1.199436636799844,1.1587078651685394,0.040728771631304506,-3.5150164123016734
30,500107058,1424,8.190308988764045,8.333797190233636,1.2675569026526394,1.25,0.017556902652639428,-1.4045522122111542
30,500107059,1424,10.558286516853933,10.63241713756672,3.4739244231668636,3.544943820224719,-0.07101939705785565,2.0033997902216014
30,500107060,1424,11.448033707865168,11.366718526662,2.1723071446049405,2.212078651685393,-0.03977150708045274,1.7979246375417366
30,500107061,1424,13.460674157303371,13.283541332294643,2.0101806929623653,2.0646067415730336,-0.05442604861066824,2.636146027945292
30,500107062,1424,8.4438202247191,8.888322042773387,2.402717997433202,2.31811797752809,0.08460001990511179,-3.6495131276849193
30,500107063,1424,9.43188202247191,9.413657015736561,4.1375844452360555,4.28441011235955,-0.14682566712349487,3.426975085786866
30,500107064,1424,21.742275280898877,21.81632229260101,2.225603336951778,2.297050561797753,-0.07144722484597477,3.110389733435282
30,500107065,1424,2.672050561797753,3.0665004658650625,1.2692650618730434,1.2043539325842696,0.06491112928877385,-5.389705428992068
30,500107066,1424,7.593398876404494,7.5931124267023025,1.9982329607953866,1.9719101123595506,0.026322848435835988,-1.334890889338691
30,500107067,1424,4.498595505617978,4.762921352653217,0.9124609095089337,0.8665730337078652,0.045887875801068456,-5.295326996816976
30,500107068,1424,7.346207865168539,7.638068708828987,1.6671984198033558,1.6376404494382022,0.02955797036515362,-1.8049120840471164
30,500107069,1424,12.42626404494382,12.269049227811582,2.783294707646217,2.955056179775281,-0.1717614721290639,5.812460463683151
30,500107070,1424,5.455758426966292,5.4539347816407755,1.7388846272934804,1.735252808988764,0.003631818304716372,-0.20929620663359425
30,500107071,1424,3.6706460674157304,4.12357915957606,1.1758494707593423,1.0491573033707866,0.1266921673885557,-12.075612206245202
30,500107072,1424,9.879915730337078,9.80702105974422,2.05242606757726,2.1474719101123596,-0.09504584253509973,4.425941130476848
30,500107075,1424,8.599719101123595,8.935555027984432,1.8903511398191306,1.8139044943820224,0.07644664543710822,-4.214480182053508
30,500107076,1424,12.077949438202246,11.951526022506807,2.7104114946105455,2.7773876404494384,-0.06697614583889289,2.4114799412031216
30,500107078,1424,11.179073033707866,11.03120615620915,3.0267256238323768,3.080758426966292,-0.05403280313391523,1.7538799102506335
30,500107079,1424,9.622191011235955,9.594243927515771,1.645434638543249,1.6523876404494382,-0.0069530019061891934,0.42078515573367664
30,500107080,1424,7.73876404494382,7.736701526613247,1.4688145037022429,1.3286516853932584,0.14016281830898447,-10.54925228710327
30,500107081,1424,9.245084269662922,9.15271957671845,1.090532007546381,0.9782303370786517,0.11230167046772921,-11.480084619242383
30,500107082,1424,8.5561797752809,8.692384543963204,2.021149142566496,2.000702247191011,0.02044689537548461,-1.0219859254015473
30,500107083,1424,10.98876404494382,11.025104193566827,3.777385126038118,4.095505617977528,-0.31812049193941005,7.767551106339505
30,500107084,1424,6.264044943820225,6.184140379224789,1.8673809882563783,1.8700842696629214,-0.002703281406543079,0.14455398884406098
30,500107085,1424,11.5625,11.43457904728541,2.3406686373479437,2.3286516853932584,0.012016951954685329,-0.5160476352072348
30,500107086,1424,3.476825842696629,3.5824084612824127,1.2666523339058062,1.2057584269662922,0.06089390693951402,-5.050257628530458
30,500107087,1424,8.198033707865168,8.39165740335382,1.7618056352252918,1.827247191011236,-0.06544155578594424,3.5814287255643578
30,500107088,1424,4.027387640449438,4.285628243426839,1.768082183718628,1.8279494382022472,-0.05986725448361918,3.2751045095917677
30,500107089,1424,7.964185393258427,8.199425132414445,2.537284539218479,2.524578651685393,0.012705887533085658,-0.5032874505455904
30,500107090,1424,7.476123595505618,7.458049583950918,1.7295157894600854,1.6973314606741574,0.03218432878592803,-1.8961722875946012
30,500107091,1424,6.342696629213483,6.55921054915984,1.7730818338181256,1.791432584269663,-0.018350750451537445,1.024361765699307
30,500107092,1424,8.798455056179776,8.888487930227667,2.2739832111102327,2.2219101123595504,0.052073098750682334,-2.343618603696955
30,500107093,1424,6.110252808988764,6.596156901868734,2.3903614920036973,2.428370786516854,-0.03800929451315671,1.5652179117043132
30,500107095,1424,11.412219101123595,11.18684842604721,1.213181141146075,1.1306179775280898,0.0825631636179851,-7.302481055404398
30,500107096,1424,7.502106741573034,7.605705418330311,1.4772648354015752,1.4051966292134832,0.07206820618809195,-5.128691934624834
30,500107097,1424,4.461376404494382,4.943020535355257,2.1877360598663627,2.2127808988764044,-0.02504483901004173,1.1318264281275603
30,500107098,1424,4.882724719101123,5.1433237969012,1.3801981374040864,1.2296348314606742,0.15056330594341216,-12.24455440682004
30,500107099,1424,4.186095505617978,4.307390125175468,1.3564072358875419,1.3672752808988764,-0.010868045011334537,0.7948688287694083
30,500107100,1424,5.497191011235955,5.4781179137181315,1.3548305140080596,1.3609550561797752,-0.006124542171715541,0.45001795936650835
30,500107101,1424,5.251404494382022,5.77729360681295,2.258339118947825,2.24438202247191,0.01395709647591481,-0.6218681283386324
30,500107102,1424,3.9599719101123596,4.306269299776253,1.2957261907806252,1.2050561797752808,0.09067001100534444,-7.5241314493945515
30,500107103,1424,5.169943820224719,5.328974319101217,1.635227967585766,1.6214887640449438,0.013739203540822142,-0.8473203049861728
30,500107104,1424,5.919943820224719,6.039000654455651,1.099697477656206,0.9985955056179775,0.10110197203822857,-10.12441689046677
30,500107105,1424,7.430477528089888,7.411605817566113,1.4581040502092506,1.2837078651685394,0.1743961850407112,-13.585348331398945
30,500107106,1424,6.015449438202247,6.164121884636185,2.0670680520709963,2.116573033707865,-0.049504981636868894,2.338921494721344
30,500107107,1424,5.924859550561798,5.9660846103124285,1.6916634782651716,1.702247191011236,-0.0105837127460644,0.6217494616499878
30,500107108,1424,3.5933988764044944,4.186993133718665,1.5710978835335048,1.3693820224719102,0.20171586106159456,-14.730430059062083
30,500107109,1424,10.104634831460674,10.317381080760288,1.4080227388795183,1.3139044943820224,0.09411824449749595,-7.1632485389863305
30,500107110,1424,10.742977528089888,10.913066052471054,1.868533880195042,1.8553370786516854,0.013196801543356562,-0.7112886221703159
30,500107111,1424,12.851825842696629,12.911430784087887,2.060009108444997,2.043539325842697,0.016469782602300143,-0.8059440008823162
30,500107112,1424,7.157303370786517,7.417117541289884,1.6940781044277569,1.5962078651685394,0.09787023925921745,-6.131421940392681
30,500107113,1424,6.996488764044944,7.407495193333221,1.8217800026968003,1.7443820224719102,0.07739798022489008,-4.436985661845551
30,500107114,1424,11.910112359550562,12.017665932924542,3.2964046469948207,3.4269662921348316,-0.1305616451400109,3.809831612282285
30,500107115,1424,11.122191011235955,11.381574224607762,1.7104371367498437,1.591994382022472,0.11844275472737165,-7.439897782610376
30,500107116,1424,22.285814606741575,21.876837416146518,1.6910492956540182,1.6116573033707866,0.07939199228323157,-4.926108802236242
30,500107117,1424,6.288623595505618,6.364253095974636,1.208555222080417,1.25,-0.04144477791958301,3.3155822335666407
30,500107118,1424,13.032303370786517,13.106356038838868,3.1861140571245534,3.133426966292135,0.052687090832418626,-1.6814526522941309
30,500107119,1424,9.523174157303371,9.462955403003217,1.0265380697995532,0.9705056179775281,0.0560324518220251,-5.773531938825163
30,500107120,1424,5.457865168539326,5.673849481705746,1.3373536147503076,1.3160112359550562,0.02134237879525136,-1.6217474602154716
30,500107121,1424,10.377808988764045,10.564791190931162,1.652724603117298,1.6643258426966292,-0.011601239579331235,0.6970533823193114
30,500107122,1424,5.38623595505618,5.692099269124102,2.3774317173513,2.4101123595505616,-0.03268064219926137,1.355980025983339
30,500107123,1424,5.11376404494382,5.635353237823018,1.5494392785780409,1.4417134831460674,0.10772579543197347,-7.472066862889928
30,500107124,1424,5.921348314606742,6.01278870962008,1.7415387941537106,1.7872191011235956,-0.04568030696988501,2.5559433055055503
30,500107125,1424,6.560393258426966,6.509206953349025,1.4338801048726608,1.396067415730337,0.03781268914232383,-2.7085145542590108
30,500107126,1424,4.923455056179775,5.481314629823157,2.6014265097820544,2.580758426966292,0.02066808281576238,-0.8008530593100851
30,500107127,1424,6.96067415730337,7.120242300069421,1.7802887957838724,1.6573033707865168,0.12298542499735565,-7.420815474416714
30,500107128,1424,7.724016853932584,7.525762222248977,2.426058466017451,2.4775280898876404,-0.051469623870189274,2.077458741245735
30,500107129,1424,7.741573033707865,7.733604932221085,1.8926966146714366,1.8911516853932584,0.0015449292781781754,-0.08169250991926186
30,500107130,1424,6.219803370786517,6.54810882068892,1.1566838767714518,1.0463483146067416,0.11033556216471019,-10.544821511580357
30,500107131,1424,6.436797752808989,6.5662710314592,1.7383809081163648,1.6825842696629214,0.0557966384534434,-3.3161274272831136
30,500107132,1424,11.864466292134832,11.387370341033579,2.9525498017791745,3.043539325842697,-0.09098952406352234,2.989595806794089
30,500107133,1424,14.775983146067416,14.679246862421346,1.7066324843674883,1.7183988764044944,-0.011766392037006135,0.6847299657007248
30,500107134,1424,8.133426966292134,8.042473430960504,1.9173484769350386,1.9417134831460674,-0.024365006211028772,1.254819849710849
30,500107135,1424,4.805477528089888,5.295441696136096,1.602992278626455,1.497191011235955,0.1058012673905,-7.066651255350469
30,500107136,1424,9.616573033707866,9.50029886370685,2.2450241876985872,2.230337078651685,0.01468710904690207,-0.6585152167124858
30,500107137,1424,4.433286516853933,4.602757281531821,1.6571798559217799,1.6558988764044944,0.0012809795172854521,-0.07735855948322662
30,500107138,1424,10.146067415730338,10.325633810297484,1.8003219105719106,1.8230337078651686,-0.022711797293258007,1.2458243199383436
30,500107139,1424,8.894662921348315,9.475241022247209,2.1722097613678493,2.0877808988764044,0.08442886249144488,-4.043952243115288
30,500107140,1424,8.89115168539326,8.646245784791422,2.467361974008043,2.4150280898876404,0.05233388412040263,-2.167009333743918
30,500107141,1424,7.294943820224719,7.360331775878421,1.8263571952245932,1.8195224719101124,0.006834723314480762,-0.375632805859537
30,500107142,1424,5.389044943820225,5.801375760400258,2.024034145692473,1.9936797752808988,0.030354370411574294,-1.5225298860895313
30,500107143,1424,5.54564606741573,5.765787718585028,2.134386005052413,2.151685393258427,-0.017299388206013955,0.8039924544831552
30,500107144,1424,9.89185393258427,10.019929459293412,3.2370304974846045,3.311797752808989,-0.07476725532438433,2.2576032990229704
30,500107145,1424,9.207865168539326,9.332583818249757,1.4736712287538736,1.5470505617977528,-0.07337933304387922,4.743176135019701
30,500107146,1424,10.11376404494382,10.06414564212166,2.215464292637277,2.282303370786517,-0.06683907814923984,2.9285799164466932
30,500107147,1424,5.491573033707865,5.645399430710033,1.6401255002739723,1.5428370786516854,0.0972884216222869,-6.305813035509174
30,500107149,1424,12.36376404494382,12.516677778442215,2.504116313692251,2.6320224719101124,-0.12790615821786133,4.859614976046813
30,500107150,1424,7.328651685393258,7.538994674078441,1.3221663161322643,1.1804775280898876,0.14168878804237672,-12.002667113167426
30,500107151,1424,17.004213483146067,17.161701496027458,3.218136100638505,3.321629213483146,-0.10349311284464102,3.1157334606927867
30,500107152,1424,10.252808988764045,10.232770305264063,1.6527081280089377,1.6502808988764044,0.0024272291325333484,-0.1470797567969144
30,500107153,1424,5.602528089887641,5.5313967379705415,1.021618698116072,0.8686797752808989,0.15293892283517307,-17.605903485633505
30,500107155,1424,13.754915730337078,13.49995568006498,2.1150543515453424,2.000702247191011,0.11435210435433119,-5.715598336278259
30,500107156,1424,5.558988764044944,5.7158719007156575,1.9873236757331059,2.1116573033707864,-0.12433362763768052,5.887964275226374
30,500107157,1424,8.820926966292134,9.012060715514751,1.5223571219177192,1.4887640449438202,0.033593076973899016,-2.2564406420203866
30,500107158,1424,12.10884831460674,12.11269023157087,1.2885495011588188,1.2191011235955056,0.06944837756331323,-5.696687191829381
30,500107159,1424,8.677668539325843,8.797915567433432,2.137049073182027,2.148876404494382,-0.011827331312355138,0.5503960715292064
30,500107160,1424,14.36376404494382,14.050529081271828,1.5376326969365086,1.4606741573033708,0.07695853963313781,-5.268700021037897
30,500107161,1424,5.992275280898877,6.309885588758392,2.386897355847929,2.408707865168539,-0.021810509320610016,0.9054858680043343
30,500107162,1424,6.684691011235955,6.865178662695181,1.4945057159814976,1.4768258426966292,0.01767987328486842,-1.1971535690752557
30,500107163,1424,6.889747191011236,6.836522229594665,1.7507400313855679,1.7626404494382022,-0.01190041805263431,0.6751472233845123
30,500107164,1424,7.582162921348314,7.475647018527956,1.725431657235825,1.7071629213483146,0.018268735887510434,-1.0701225793424458
30,500107165,1424,6.503511235955056,6.704510967462912,1.938690518452761,1.9754213483146068,-0.03673082986184584,1.8593921693305535
30,500107166,1424,12.570926966292134,12.205399124686327,2.1703775766162385,2.1558988764044944,0.014478700211744133,-0.6715853127532132
30,500107167,1424,11.450842696629213,11.762170776783979,2.3914324757923775,2.3398876404494384,0.05154483534293908,-2.20287651645694
30,500107168,1424,4.518258426966292,4.977658229897062,1.9712551433211511,1.9929775280898876,-0.021722384768736447,1.0899462970641545
30,500107169,1424,13.247893258426966,13.099019701501831,1.2854799972997553,1.1776685393258426,0.10781145797391267,-9.154652126109223
30,500107170,1424,11.190308988764045,11.08190083787799,2.5606333910775203,2.568820224719101,-0.008186833641580904,0.3187001395738438
30,500107171,1424,11.567415730337078,11.689646353735787,1.6933045733262488,1.6523876404494382,0.04091693287681064,-2.4762308719327817
30,500107172,1424,10.612359550561798,10.708810709330095,2.6591485484853576,2.721207865168539,-0.06205931668318154,2.2805797924348523
30,500107173,1424,7.056179775280899,7.033153685226081,2.1464283665343995,2.153792134831461,-0.007363768297061313,0.34189781724862434
30,500107174,1424,6.333567415730337,6.38788377521127,2.1615275726461554,2.1594101123595504,0.0021174602866049774,-0.09805734790651993
30,500107175,1424,8.224016853932584,8.215376414008167,2.683636379276658,2.7724719101123596,-0.08883553083570161,3.204199491135742
30,500107176,1424,9.415730337078651,9.206134931782973,2.077818806986305,2.1474719101123596,-0.06965310312605455,3.243493095209342
30,500107177,1424,10.617977528089888,10.823258614379728,2.143948707488883,2.0639044943820224,0.0800442131068606,-3.878290556793791
30,500107178,1424,11.264747191011235,11.032957605476325,2.080290820439041,2.1889044943820224,-0.10861367394298149,4.96201064147596
30,500107179,1424,8.531601123595506,8.574014176859139,1.2598887083346595,1.2120786516853932,0.0478100566492663,-3.9444681731492013
30,500107180,1424,11.404494382022472,11.208452442366463,1.6454053680352834,1.5639044943820224,0.08150087365326097,-5.211371534900927
30,500107181,1424,12.372191011235955,12.337885092385081,1.9434869839482614,1.9185393258426966,0.024947658105564763,-1.30034645469708
30,500107182,1424,6.389747191011236,6.41196006697396,1.609000301659102,1.559691011235955,0.04930929042314691,-3.161478143294066
30,500107183,1424,3.541432584269663,4.064431033304407,1.4768600549861828,1.2942415730337078,0.182618481952475,-14.11007695606752
30,500107184,1424,6.024578651685394,6.210519487881446,1.839058690833247,1.8595505617977528,-0.020491870964505887,1.1019797678797727
30,500107185,1424,5.782303370786517,6.049622905130348,1.3899140601876292,1.3349719101123596,0.05494215007526959,-4.11560345645365
30,500107186,1424,5.870084269662922,6.028904486633195,2.3012592521093116,2.2717696629213484,0.029489589187963183,-1.298088871828735
30,500107187,1424,8.882022471910112,8.892085556465764,2.050872465149016,2.080056179775281,-0.029183714626264567,1.4030253081634283
30,500107188,1424,9.45997191011236,9.561234031639154,1.1678289460797258,1.1299157303370786,0.037913215742647166,-3.355402064482882
30,500107189,1424,8.672752808988765,8.496008329009971,2.6827998506152526,2.7963483146067416,-0.11354846399148899,4.06059800913813
30,500107190,1424,13.077949438202246,13.324198028997474,2.2244828611234286,2.232443820224719,-0.007960959101290577,0.3566028864497572
30,500107191,1424,7.48314606741573,7.717860196623552,1.5766647507675837,1.5639044943820224,0.01276025638556133,-0.8159229947480617
30,500107192,1424,9.535814606741573,9.397414797848219,2.446635841700605,2.538623595505618,-0.09198775380501312,3.6235286699402125
30,500107193,1424,7.21558988764045,7.5212125952547355,1.354059621105484,1.3279494382022472,0.026110182903236856,-1.9662030911797612
30,500107194,1424,8.877808988764045,8.64256198380124,2.4715492848860925,2.470505617977528,0.0010436669085645,-0.042245073274469816
30,500107195,1424,7.392556179775281,7.3793270670503235,1.4147401633882644,1.4101123595505618,0.00462780383770256,-0.3281868857016158
30,500107196,1424,8.228932584269662,8.520760480729662,1.3283934417632925,1.1523876404494382,0.17600580131385435,-15.273142051854272
30,500107197,1424,6.897471910112359,6.999851137352965,1.3704202750423562,1.3876404494382022,-0.017220174395846,1.2409680333848534
30,500107198,1424,21.422050561797754,20.99467277497533,1.9504845632999697,1.8567415730337078,0.09374299026626187,-5.048790398606539
30,500107199,1424,10.283005617977528,10.051889124775412,2.0837042382354714,2.1292134831460676,-0.04550924491059627,2.137373507674442
30,500107200,1424,8.267556179775282,8.252791414443912,2.0919549174453964,2.0610955056179776,0.030859411827418803,-1.4972334733303023
30,500107201,1424,9.229634831460674,9.182847126948229,1.1194477180205993,1.0933988764044944,0.02604884161610488,-2.3823731831299515
30,500107203,1424,6.916432584269663,7.009112856331774,1.419313821270551,1.365870786516854,0.05344303475369694,-3.9127445495765776
30,500107204,1424,13.86306179775281,13.545566363505463,1.8397168149890368,1.785814606741573,0.053902208247463834,-3.0183540914034017
30,500107205,1424,8.073033707865168,8.057209652847732,2.2733328391184178,2.346207865168539,-0.07287502605012142,3.106077135449653
30,500107206,1424,5.495786516853933,5.799845915037812,1.469512045593384,1.4662921348314606,0.0032199107619235168,-0.21959544659861532
30,500107207,1424,4.209971910112359,4.55556582669989,1.3848412174035192,1.2661516853932584,0.11868953201026078,-9.3740373589912
30,500107208,1424,7.07935393258427,7.058032342451567,0.9879554664667954,0.8455056179775281,0.14244984848926734,-16.847889057202384
30,500107209,1424,7.417134831460674,7.645024558967647,0.7182717606526764,0.5674157303370787,0.1508560303155977,-26.586508313045925
30,500107210,1424,6.888342696629214,7.151006147058458,0.8355281077965108,0.6987359550561798,0.13679215274033096,-19.577087990173997
30,500108001,1424,12.660112359550562,12.59754266720877,2.234773671209076,2.201544943820225,0.03322872738885119,-1.5093367719848194
30,500108002,1424,10.723314606741573,10.623485114072716,1.2928593561101767,1.2345505617977528,0.05830879431242386,-4.723078674680977
30,500108003,1424,10.025280898876405,10.359675589978936,2.2043731741782397,2.1207865168539324,0.08358665732430737,-3.9413046367487983
30,500108004,1424,6.436095505617978,6.621372135082661,1.2120458318639638,1.136938202247191,0.07510762961677275,-6.606131227565435
30,500108005,1424,17.823033707865168,17.774890278321696,2.7651775910408123,2.9030898876404496,-0.13791229659963733,4.750534841748514
30,500108006,1424,9.23384831460674,9.327533939549602,2.118683460482138,2.167837078651685,-0.04915361816954711,2.2674037017633655
30,500108007,1424,13.398876404494382,13.558928487246236,2.8146251744375133,2.9009831460674156,-0.08635797162990233,2.9768518906071395
30,500108008,1424,23.024578651685392,22.882873104091463,2.7432772587942056,2.6762640449438204,0.06701321385038517,-2.5039836400668714
30,500108009,1424,12.656601123595506,13.017734051003279,2.36125585058337,2.392556179775281,-0.03130032919191095,1.308238003207549
30,500108010,1424,6.74438202247191,6.889309167130408,1.2692811691837083,1.2661516853932584,0.0031294837904498607,-0.24716499820302837
30,500108011,1424,11.265449438202246,11.45439088606349,1.8983049846409412,1.9557584269662922,-0.05745344232535099,2.937655363421896
30,500108012,1424,5.014044943820225,5.261132246430977,1.4515428730386666,1.4171348314606742,0.034408041577992377,-2.4280005553548634
30,500108013,1424,7.945224719101123,7.9785941406536525,1.2321514165162366,1.1790730337078652,0.053078382808371405,-4.5017044144801
30,500108014,1424,6.4375,6.628206762653796,2.3174256646911346,2.321629213483146,-0.004203548792011347,0.18106029884525585
30,500108015,1424,3.99438202247191,4.460112493112514,1.6871340239449857,1.7001404494382022,-0.013006425493216511,0.7650206485890257
30,500108016,1424,12.5561797752809,12.719220370531373,1.8255322192665604,1.7464887640449438,0.0790434552216166,-4.52584962748621
30,500108018,1424,7.550561797752809,7.510513107949109,1.6338848678572204,1.5898876404494382,0.043997227407782225,-2.7673167768852425
30,500108019,1424,7.912219101123595,8.131115867390516,1.435541686865035,1.4304775280898876,0.0050641587751474315,-0.3540187577717203
30,500108020,1424,7.135533707865169,7.339795465737151,2.1630565532852613,2.2092696629213484,-0.04621310963608716,2.0917822034897684
30,500108021,1424,6.11938202247191,6.4948584434427525,2.117472687714066,2.0842696629213484,0.03320302479271753,-1.5930292218608408
30,500108022,1424,5.760533707865169,5.928318117138014,2.3432054943544802,2.3167134831460676,0.026492011208412602,-1.143516943339786
30,500108023,1424,6.507724719101123,6.5465833310239265,2.4339294588854905,2.586376404494382,-0.1524469456088915,5.894228904345954
30,500108024,1424,8.65870786516854,8.759440855311539,1.8981918598904104,1.966994382022472,-0.06880252213206162,3.4978504646931716
30,500108025,1424,12.007724719101123,11.982954082806858,2.860280059924029,2.9030898876404496,-0.042809827716420834,1.4746297694287196
30,500108026,1424,11.50561797752809,11.689219856615262,2.4411926224809575,2.4957865168539324,-0.054593894372974905,2.187442475720773
30,500108027,1424,18.10814606741573,17.86111670415467,3.513702230364393,3.679073033707865,-0.16537080334347198,4.4949040649189556
30,500108028,1424,7.122893258426966,7.721373576102212,2.453205394336639,2.577247191011236,-0.12404179667459703,4.812956906393083
30,500108029,1424,5.876404494382022,6.25645926072695,1.2329612146751774,1.0997191011235956,0.13324211355158178,-12.116013390641918
30,500108030,1424,4.686095505617978,4.9251878070583475,1.421344261592959,1.4396067415730338,-0.018262479980074797,1.2685742191037321
30,500108031,1424,5.375702247191011,5.569199169574858,1.7801131866810196,1.7577247191011236,0.022388467579895988,-1.2737186509697118
30,500108032,1424,4.167134831460674,4.476397142773265,1.3856094633805767,1.3202247191011236,0.06538474427945307,-4.952546587975594
30,500108033,1424,17.174157303370787,17.139857514299877,2.8384849038416626,2.9634831460674156,-0.12499824222575295,4.217950164205503
30,500108035,1424,8.081460674157304,8.129648166325126,1.1401570844105324,1.0933988764044944,0.04675820800603803,-4.276409004534242
30,500108036,1424,15.273876404494382,14.891785354453544,1.5297844999930155,1.514747191011236,0.015037308981779463,-0.9927273059830298
30,500108037,1424,4.441713483146067,4.546339003092244,1.146676917836035,1.1074438202247192,0.03923309761131577,-3.542671591535425
30,500108038,1424,10.314606741573034,10.200758047190233,2.078653593859171,2.173455056179775,-0.09480146232060438,4.361786182376111
30,500108039,1424,11.98806179775281,11.859795709207162,1.4079130506336432,1.3918539325842696,0.016059118049373655,-1.153793345222406
30,500108040,1424,7.421348314606742,7.548024856397314,0.8419285900635911,0.8216292134831461,0.020299376580445005,-2.4706249786798025
30,500108041,1424,8.702949438202246,8.62170005704,1.450969691732667,1.259129213483146,0.1918404782495211,-15.23596436292906
30,500108043,1424,17.84480337078652,17.656544745755575,2.358167420511079,2.417837078651685,-0.059669658140605986,2.467894080517657
30,500108044,1424,31.28019662921348,30.92943511608527,3.1059819002627074,3.567415730337079,-0.46143383007437144,12.93468059106112
30,500108045,1424,15.201544943820224,15.276577314286506,2.063653115357299,2.1601123595505616,-0.0964592441932628,4.465473463303193
30,500108046,1424,26.30126404494382,26.127022714270378,1.3865485666795585,1.2577247191011236,0.1288238475784349,-10.242610773405431
30,500108047,1424,4.790730337078652,5.040476273587541,1.753134574299003,1.6551966292134832,0.09793794508551978,-5.916997615688595
30,500108048,1424,9.023876404494382,9.322295234404072,1.0571750265064739,0.9143258426966292,0.14284918380984468,-15.623443759233398
30,500108049,1424,21.140449438202246,21.03305335263973,2.4282539170832864,2.582162921348315,-0.1539090042650284,5.960468372950786
30,500108050,1424,6.139747191011236,6.161114836453309,1.7245308350894522,1.6214887640449438,0.10304207104450835,-6.354781687630139
30,500108051,1424,20.06811797752809,19.82476651444246,1.2784399479731634,1.2970505617977528,-0.018610613824589395,1.4348410441914077
30,500108052,1424,9.415730337078651,9.439721756678995,1.4581152995550084,1.4143258426966292,0.043789456858379205,-3.0961363737006944
30,500108054,1424,22.84269662921348,22.546931653801906,2.1937316596954513,2.320926966292135,-0.12719530659668354,5.480366614029572
30,500108055,1424,19.76193820224719,19.677528202409384,1.9034101274974957,1.8223314606741574,0.08107866682333831,-4.449172314313439
30,500108056,1424,13.433286516853933,13.383847258765256,1.7075112184365984,1.6404494382022472,0.06706178023435116,-4.088012630724147
30,500108057,1424,14.095505617977528,13.984064528831311,2.5953335823489665,2.582162921348315,0.013170661000651673,-0.5100631293154196
30,500108058,1424,11.698033707865168,11.629899740309199,0.8141728450723004,0.7485955056179775,0.06557733945432287,-8.760049848307295
30,500108059,1424,10.127808988764045,10.172000092252647,1.0380356511411282,0.9768258426966292,0.06120980844449897,-6.26619462436855
30,500108060,1424,7.964887640449438,8.173541324956059,1.3516658727184452,1.2682584269662922,0.08340744575215298,-6.576533928630444
30,500108061,1424,7.082162921348314,7.15950894203907,1.9035701545810488,1.9964887640449438,-0.09291860946389496,4.6541012971011755
30,500108062,1424,7.992275280898877,8.008953092152874,1.4812464013485303,1.5105337078651686,-0.029287306516638356,1.9388714309480715
30,500108063,1424,4.92064606741573,5.132122659622098,1.2077960915738437,1.202247191011236,0.005548900562607706,-0.46154406548793064
30,500108064,1424,4.576544943820225,4.5869061714582555,1.4841798487712836,1.4129213483146068,0.07125850045667681,-5.043345161546112
30,500108065,1424,7.75,7.810586282432265,0.5172314575417838,0.45997191011235955,0.05725954742942424,-12.448487868625971
30,500108066,1424,8.864466292134832,8.885497873705564,1.0720424432677387,1.0625,0.009542443267738676,-0.8981123075518754
30,500108067,1424,7.636938202247191,7.8851836671438935,1.2794226880560344,1.1924157303370786,0.08700695771895584,-7.296696571954836
30,500108068,1424,18.02247191011236,17.5541299902403,2.2605789090640473,2.226123595505618,0.034455313558429346,-1.5477718141073624
30,500108069,1424,7.377808988764045,7.299245361386555,0.5589990353794623,0.37219101123595505,0.18680802414350722,-50.19143893968949
30,500108070,1424,9.757022471910112,10.037635921759376,3.5415064799676195,3.636938202247191,-0.09543172227957175,2.6239577626203934
30,500108071,1424,8.830056179775282,9.201110303678828,1.6277657683763513,1.5344101123595506,0.09335565601680074,-6.084139778852368
30,500108072,1424,9.694522471910112,9.8875188905849,1.109944474412651,1.0245786516853932,0.08536582272725779,-8.331797913887259
30,500108073,1424,8.521769662921349,8.437994970674978,1.3273637647379277,1.273876404494382,0.05348736024354572,-4.198787264983964
30,500108075,1424,5.253511235955056,5.47800244568369,1.006615471884929,0.8771067415730337,0.12950873031189525,-14.765446914662837
30,500108076,1424,9.40870786516854,9.336334060678547,1.970013656575092,1.997191011235955,-0.027177354660862907,1.3607789394187335
30,500108077,1424,9.388342696629213,9.409485131690419,1.0760471329517773,1.0547752808988764,0.02127185205290094,-2.016718863071301
30,500108078,1424,9.696629213483146,9.771775790872963,0.7133004093456988,0.6818820224719101,0.03141838687378873,-4.607598651727616
30,500108079,1424,6.926966292134831,7.000040340359792,0.7018684480539765,0.610252808988764,0.09161563906521253,-15.012735331284539
30,500108081,1424,7.047050561797753,7.393525534711578,1.8206510137865175,1.800561797752809,0.0200892160337085,-1.1157193304212523
30,500108082,1424,8.583567415730338,8.633680966548475,3.7225225378757965,3.979634831460674,-0.2571122935848775,6.460700654047391
30,500108083,1424,9.98314606741573,10.067788970694847,2.687567784829868,2.678370786516854,0.009196998313013793,-0.34338032505851185
30,500108084,1424,6.989466292134831,7.729458977523589,3.4809359353742915,3.4775280898876404,0.0034078454866510732,-0.09799620300870615
30,500108085,1424,5.224016853932584,5.459350413593337,1.467912987603858,1.3223314606741574,0.1455815269297005,-11.009458011040547
30,500108086,1424,8.581460674157304,8.563769336353758,1.8251967200757395,1.9353932584269662,-0.11019653835122667,5.693754376347852
30,500108087,1424,6.688202247191011,6.7808673577382494,0.45696891426988406,0.38342696629213485,0.07354194797774921,-19.180171047676716
30,500108088,1424,10.271067415730338,10.483799400360041,1.3643199906469385,1.384129213483146,-0.019809222836207452,1.4311686107944908
30,500108089,1424,12.178370786516854,12.064217521492544,2.0723122126286255,2.0751404494382024,-0.0028282368095768895,0.13629134405541424
30,500108090,1424,6.586376404494382,6.662373449125944,1.3414588105536882,1.2415730337078652,0.099885776845823,-8.0450987685776
30,500108091,1424,6.320926966292135,6.523478791027881,1.030470324238494,0.9606741573033708,0.06979616693512325,-7.26533199675552
30,500108092,1424,6.662219101123595,6.765886228430126,1.124971505912007,1.0589887640449438,0.0659827418670631,-6.230731062247869
30,500108093,1424,6.849016853932584,7.0401142139054285,2.429030253046638,2.4978932584269664,-0.06886300538032852,2.75684339785178
30,500108094,1424,4.877106741573034,5.065848972547809,1.3962324137705053,1.3785112359550562,0.01772117781544913,-1.2855301685786837
30,500108095,1424,11.728932584269662,11.649152072106265,1.4881797193284263,1.4248595505617978,0.06332016876662849,-4.443958616248348
30,500108096,1424,13.635533707865168,13.385081705200662,1.5416432432065914,1.4866573033707866,0.0549859398358048,-3.698629113187814
30,500108097,1424,3.6622191011235956,4.020028347204037,0.5568290264602108,0.3012640449438202,0.2555649815163906,-84.83089363154785
30,500108098,1424,5.947331460674158,6.187840333544934,2.43542221517803,2.504915730337079,-0.06949351515904878,2.774285550504218
30,500108099,1424,11.974016853932584,11.810858130522075,2.8192895588763682,2.912921348314607,-0.09363178943823858,3.214360370300186
30,500108100,1424,11.07373595505618,10.962245022363001,0.6206833559138001,0.5316011235955056,0.08908223231829449,-16.757344626321185
30,500108102,1424,5.411516853932584,5.483462305162306,0.9899404379049304,0.9290730337078652,0.060867404197065156,-6.551412212896507
30,500108103,1424,6.650983146067416,6.936697443864875,2.42478455050289,2.485252808988764,-0.06046825848587378,2.4330827941193633
30,500108104,1424,7.844101123595506,7.957102723474268,0.6005631170063017,0.5112359550561798,0.08932716195012191,-17.472785524309558
30,500108105,1424,7.214185393258427,7.328887616041602,1.3666553572390392,1.3714887640449438,-0.004833406805904605,0.3524204450388202
30,500108106,1424,7.714887640449438,7.962393325513374,1.6166931559053357,1.6257022471910112,-0.009009091285675508,0.5541661335119621
30,500108107,1424,8.718398876404494,8.859176037075162,1.515161548080137,1.4557584269662922,0.059403121113844826,-4.080561720507237
30,500108108,1424,6.388342696629214,6.335718282177287,0.9634954673985824,0.8827247191011236,0.08077074829745878,-9.150162734732005
30,500108109,1424,5.382022471910112,5.315023221326399,1.2045635101769325,1.1313202247191012,0.07324328545783132,-6.474142674857343
30,500108110,1424,14.74438202247191,15.156470776065392,2.1871732456459183,2.167134831460674,0.020038414185244324,-0.9246500907254672
30,500108111,1424,7.875702247191011,7.995946000580546,1.200582365764842,1.127808988764045,0.072773377000797,-6.452633178650991
30,500108112,1424,6.167134831460674,6.362829569783883,1.5463581425382311,1.485252808988764,0.06110533354946712,-4.114136878224169
30,500108115,1424,9.86306179775281,9.887557205503752,0.8079290479405914,0.7485955056179775,0.0593335423226139,-7.925981638593077
30,500108116,1424,6.082865168539326,6.164407759594016,1.914645369000519,1.886938202247191,0.02770716675332796,-1.4683664107457766
30,500108117,1424,7.816713483146067,7.860852277395292,1.8554441077567032,1.7563202247191012,0.099123883037602,-5.643838842284895
30,500108118,1424,10.114466292134832,10.183376167895826,1.426417386641984,1.4676966292134832,-0.041279242571499175,2.8125187283164985
30,500108119,1424,5.158005617977528,5.32998807191977,1.5478742817439117,1.3939606741573034,0.15391360758660833,-11.041459808732002
30,500108120,1424,5.932584269662922,6.232941530617744,1.2706021446980713,1.226123595505618,0.04447854919245331,-3.627574687861026
30,500108121,1424,9.674859550561798,9.771352703887096,1.5558601932804466,1.509129213483146,0.046730979797300565,-3.0965525933623086
30,500108122,1424,5.212780898876405,5.452166160269895,2.2497581558734834,2.243679775280899,0.006078380592584587,-0.270911235174975
30,500108123,1424,6.02317415730337,6.134158294235228,0.6641692404443268,0.5737359550561798,0.09043328538814699,-15.76217850584104
30,500108124,1424,6.52317415730337,6.691453495769378,1.1622569180821467,1.1292134831460674,0.03304343493607931,-2.926234536627919
30,500108125,1424,6.401685393258427,6.519945052324736,1.2611651124291874,1.1418539325842696,0.11931117984491779,-10.448900375102273
30,500108126,1424,9.987359550561798,9.90757888146307,0.6790096148997468,0.589185393258427,0.08982422164131976,-15.24549363733484
30,500108127,1424,9.259129213483146,9.21068290666263,0.7535697574074549,0.7050561797752809,0.04851357763217401,-6.880810213965716
30,500108128,1424,6.282303370786517,6.462986470603799,2.8202718269086806,2.995084269662921,-0.17481244275424057,5.836645216460459
30,500108129,1424,12.96558988764045,12.861117949709447,1.6389359938922412,1.646067415730337,-0.007131421838095786,0.4332399614952389
30,500108131,1424,10.26193820224719,10.222210915690809,1.996174154491034,1.9445224719101124,0.051651682580921676,-2.656265655299114
30,500108132,1424,10.048455056179776,9.852393795981358,1.3506069804617233,1.2359550561797752,0.11465192428194815,-9.27638296463035
30,500108133,1424,9.183988764044944,9.199719007539478,1.1339887682262182,1.1383426966292134,-0.0043539284029952,0.382479583335297
30,500108134,1424,4.913623595505618,4.966853169494913,0.8758852072021062,0.8061797752808989,0.06970543192120726,-8.646388071062642
30,500108135,1424,10.234550561797754,10.315131484687447,1.0344093868453976,1.0301966292134832,0.004212757631914421,-0.40892753018719397
30,500108136,1424,7.500702247191011,7.358361025521124,2.026113312642907,2.05688202247191,-0.030768709829002816,1.4958908431717315
30,500108137,1424,9.604634831460674,9.668113496992351,0.9203574827382026,0.8728932584269663,0.047464224311236314,-5.437574852711224
30,500108138,1424,8.457162921348315,8.513829115028617,0.997181571631421,0.9346910112359551,0.062490560395465855,-6.685691810904837
30,500108139,1424,4.412921348314606,4.801721851920933,1.2561765901837372,1.1172752808988764,0.13890130928486077,-12.432147355225753
30,500108140,1424,11.325140449438202,11.419270274301619,2.2214785184894428,2.232443820224719,-0.010965301735276434,0.4911792913190828
30,500108141,1424,8.22120786516854,8.37420753625213,1.1829889477835953,1.1306179775280898,0.05237097025550552,-4.632065940611172
30,500108142,1424,6.207865168539326,6.358556256819399,0.9535744990018312,0.8799157303370787,0.07365876866475252,-8.371116247295097
30,500108143,1424,4.709269662921348,4.9165465380555755,0.6805559741125937,0.5231741573033708,0.15738181680922292,-30.08210834044744
30,500108144,1424,3.841292134831461,3.954814728707794,0.9150688710598572,0.839185393258427,0.07588347780143023,-9.042516517927753
30,500108145,1424,5.165730337078652,5.361484984109392,1.606233004046724,1.5259831460674158,0.08024985797930828,-5.258895433158536
30,500108146,1424,6.224719101123595,6.4461272815350155,1.6395236946076313,1.5526685393258426,0.08685515528178867,-5.593927685267619
30,500108147,1424,10.650983146067416,10.612818524665059,1.012077766753709,0.9339887640449438,0.07808900270876529,-8.360807508066298
30,500108148,1424,6.387640449438202,6.338499968901712,0.9824988790002145,0.8588483146067416,0.12365056439347288,-14.397252959632493
30,500108150,1424,4.841994382022472,5.10932481959773,1.5310921299951705,1.2970505617977528,0.23404156819741773,-18.04413606459788
30,500108151,1424,4.332162921348314,4.586755826648939,2.1587497679396495,2.188202247191011,-0.02945247925136174,1.3459669593690347
30,500108152,1424,4.548455056179775,4.711626551144512,1.5898489165684333,1.5217696629213484,0.06807925364708489,-4.473689764349279
30,500108153,1424,4.096207865168539,4.494320807944887,1.4065859511537746,1.2851123595505618,0.1214735916032128,-9.452371281036886
30,500108154,1424,4.867275280898877,5.300361858865492,1.5181615200823533,1.4178370786516854,0.10032444143066788,-7.075879375793514
30,500108156,1424,10.186797752808989,10.225582497020605,1.348540666288179,1.3040730337078652,0.04446763258031372,-3.4099035430461355
30,500108157,1424,5.602528089887641,5.8311289101544235,1.8325697116640167,1.8139044943820224,0.01866521728199433,-1.0290077200758778
30,500108158,1424,9.353932584269662,9.45498873985023,1.4998001631328608,1.4438202247191012,0.05597993841375959,-3.877209742275956
30,500108159,1424,10.514747191011235,10.415922441530071,2.1019250752579124,2.074438202247191,0.02748687301072117,-1.3250273245520292
30,500108160,1424,6.259831460674158,6.4360550613345024,1.3716033165399872,1.2907303370786516,0.08087297946133565,-6.26567588427323
30,500108161,1424,11.500702247191011,11.529518317553086,1.518808626443071,1.5681179775280898,-0.04930935108501888,3.1444924292461662
30,500108162,1424,8.7563202247191,8.772467623207335,0.8008307779135607,0.7085674157303371,0.09226336218322362,-13.021112760050588
30,500108164,1424,4.754915730337078,4.972575492561075,1.2390525920155993,1.1228932584269662,0.11615933358863306,-10.344646093196591
30,500108165,1424,12.441011235955056,12.403467119700624,1.9751024074738346,2.0877808988764044,-0.1126784914025698,5.397045804145961
30,500108166,1424,4.680477528089888,4.7362318764405895,1.7259143156753678,1.6931179775280898,0.032796338147278004,-1.9370379726969673
30,500108167,1424,5.633426966292135,5.780343015148956,1.1766274994557673,1.1481741573033708,0.028453342152396477,-2.478138178899852
30,500108168,1424,5.566713483146067,5.771146620602286,2.117715597453285,2.0997191011235956,0.01799649632968947,-0.857090661320328
30,500108169,1424,19.2373595505618,19.291031239618036,1.423904612367946,1.535814606741573,-0.11190999437362703,7.286686419206442
30,500108170,1424,5.279494382022472,5.457430028614295,1.5806397528811156,1.586376404494382,-0.005736651613266419,0.36161982723733427
30,500108171,1424,6.344803370786517,6.399393202625164,1.6755868970212324,1.5997191011235956,0.07586779589763681,-4.7425698576924855
30,500108172,1424,4.798455056179775,5.191367836212217,1.4484095699020523,1.3279494382022472,0.12046013169980507,-9.071138420968929
30,500108173,1424,8.367977528089888,8.35018053473656,0.4543419731704283,0.34691011235955055,0.10743186081087774,-30.96821250904654
30,500108174,1424,6.939606741573034,7.037919852854919,2.0590366911293687,1.9915730337078652,0.06746365742150351,-3.3874558592461566
30,500108175,1424,9.6811797752809,9.447515284135743,0.7667851829288805,0.5702247191011236,0.19656046382775694,-34.47070203087757
30,500108176,1424,6.512640449438202,6.641487447492105,1.3577189399230143,1.1699438202247192,0.18777511969829508,-16.049926197501332
30,500108177,1424,8.56811797752809,8.679850872512453,1.2209438881145085,1.009129213483146,0.2118146746313625,-20.989846671890064
30,500108178,1424,13.035814606741573,12.663302417687872,1.3904539021550586,1.3146067415730338,0.07584716058202479,-5.769570334871971
30,500108179,1424,8.797050561797754,8.917402532415988,1.3628169825029737,1.3384831460674158,0.024333836435557865,-1.818015901586275
30,500108181,1424,10.366573033707866,10.247125597320945,1.929175752040945,1.952247191011236,-0.02307143897029107,1.1817888163199455
30,500108182,1424,9.082865168539326,8.999541499179811,1.5533018060933437,1.541432584269663,0.011869221823680665,-0.7700123861923128
30,500108183,1424,8.143258426966293,8.361650063418281,1.7811073568597584,1.726123595505618,0.054983761354140404,-3.185389591875343
30,500108184,1424,6.623595505617978,6.692958565558939,0.34812486362941775,0.2675561797752809,0.08056868385413685,-30.112809923435922
30,500108185,1424,7.058286516853933,6.852466694673462,1.8115950397029477,1.726123595505618,0.08547144419732966,-4.951641030797292
30,500108186,1424,14.40870786516854,14.076001746814708,1.3992613608314721,1.3834269662921348,0.015834394539337326,-1.1445775545185966
30,500108187,1424,6.474016853932584,6.650747045042134,1.5744288231572612,1.5308988764044944,0.04352994675276678,-2.843424044767885
30,500108188,1424,11.6186797752809,11.503350613459272,2.615388750179903,2.640449438202247,-0.02506068802234429,0.9491069080802731
30,500108189,1424,8.291432584269662,8.369987168951969,2.135058696656965,2.0070224719101124,0.1280362247468525,-6.379411617897759
30,500108190,1424,7.871488764044944,7.826477017221886,1.699010398600275,1.699438202247191,-0.00042780364691608064,0.025173239388780945
30,500108191,1424,18.26685393258427,18.10554498498432,2.0464256261824123,2.2155898876404496,-0.1691642614580373,7.6351793444134755
30,500108192,1424,11.09129213483146,11.074295090506315,0.5733038766333544,0.4978932584269663,0.07541061820638806,-15.145940807601777
30,500108193,1424,6.149578651685394,6.392523996303823,0.9074139885608878,0.8202247191011236,0.08718926945976424,-10.629924632765777
30,500108194,1424,6.973314606741573,7.035779455372343,1.368183936034312,1.3117977528089888,0.05638618322532318,-4.298389984628491
30,500108195,1424,7.499297752808989,7.601981011527231,0.9605535912752987,0.8939606741573034,0.06659291711799531,-7.449199841007488
30,500108196,1424,6.507724719101123,6.635339311519946,1.1132622774080267,1.1299157303370786,-0.01665345292905185,1.4738668098800394
30,500108197,1424,9.230337078651685,9.219130918210462,1.158366190556625,1.0449438202247192,0.11342237033190572,-10.854398881225384
30,500108199,1424,9.140449438202246,8.996790533541432,1.7345684194771125,1.5308988764044944,0.2036695430726181,-13.303918776853584
30,500108200,1424,10.752106741573034,10.595940621019677,0.9419659734756677,0.8735955056179775,0.06837046785769019,-7.826330082745243
30,500108201,1424,11.974719101123595,11.678315834258502,1.103688857906783,0.964185393258427,0.13950346464835595,-14.468531220630652
30,500108202,1424,9.202247191011235,9.303189673376885,1.3679154237174351,1.2366573033707866,0.13125812034664852,-10.61394454137578
30,500108203,1424,11.586376404494382,11.49665169003612,1.4492642167876493,1.4831460674157304,-0.033881850628081134,2.284458110529713
30,500108204,1424,8.34058988764045,8.556145415934061,1.400560176355968,1.3082865168539326,0.09227365950203548,-7.05301616376267
30,500108205,1424,9.269662921348315,9.14897266579211,1.407029392409545,1.4178370786516854,-0.010807686242140457,0.7622657359488861
30,500108206,646,5.243034055727554,5.475477860643963,1.0310290074198196,0.9984520123839009,0.03257699503591871,-3.2627502004966646
30,500108207,1424,11.152387640449438,10.924720341796265,2.0425291630494335,1.901685393258427,0.14084376979100655,-7.406260272614229
30,500108208,1424,5.929073033707865,6.1737759004505905,1.4077323063695664,1.3644662921348314,0.04326601423473497,-3.170911182206001
30,500108209,1424,4.831460674157303,5.045960480003725,1.0294885046319135,0.9515449438202247,0.07794356081168885,-8.191264250615863
30,500108211,1424,9.461376404494382,9.435344395893646,0.5385962210532927,0.45224719101123595,0.0863490300420568,-19.09332589749827
30,500108212,1424,11.327247191011235,11.315132951015736,2.0027606193114162,1.9978932584269662,0.004867360884450056,-0.243624671334161
30,500108213,1424,5.625702247191011,5.829761329516953,0.7376246871794511,0.5793539325842697,0.15827075459518136,-27.318491459822816
30,500108214,1424,10.257724719101123,10.209878377475295,1.7189912147633803,1.791432584269663,-0.07244136950628266,4.043767549076695
30,500108215,1424,8.088483146067416,8.132074008537124,1.090505914859105,0.9691011235955056,0.12140479126359938,-12.52756686662069
30,500108216,1424,6.303370786516854,6.470686448845504,1.6539888604260085,1.6566011235955056,-0.002612263169497142,0.15768812010868719
30,500108217,1424,7.556179775280899,7.58072353006684,0.46927473734837993,0.41151685393258425,0.057757883415795686,-14.035362795920317
30,500108218,1424,7.426966292134831,7.620103306104283,3.195331662286189,3.313202247191011,-0.11787058490482227,3.5576030713112954
30,500108219,1424,7.217696629213483,7.184571586570058,1.1372592670107438,1.0856741573033708,0.051585109707372956,-4.751435719488945
30,500108220,1424,11.388342696629213,11.259500722748614,1.27092500619546,1.1776685393258426,0.09325646686961742,-7.918736363884031
30,500108221,1424,8.298455056179776,8.318455912648126,0.6057364083624124,0.5042134831460674,0.10152292521634498,-20.13490884513583
30,500108222,1424,7.849719101123595,7.74312602011272,0.7035648171868057,0.5969101123595506,0.10665470482725514,-17.867799961648387
30,500108223,1424,6.598314606741573,6.612584397252955,1.3577596232359932,1.2851123595505618,0.0726472636854314,-5.652989261642312
30,500108224,1424,11.245084269662922,11.13565220522013,0.9035015097563338,0.8195224719101124,0.0839790378462214,-10.247313615511507
30,500108225,1424,7.393960674157303,7.459075570853195,1.8002255732859873,1.8307584269662922,-0.030532853680304894,1.6677707572211036
30,500108226,1424,16.0751404494382,15.991867413614088,1.5883435347798087,1.7324438202247192,-0.1441002854449105,8.317746512912546
30,500108227,1424,8.301966292134832,8.342156015658489,1.1794615723812816,1.1390449438202248,0.04041662856105677,-3.5482909414885837
30,500108228,1424,14.277387640449438,14.197178497324996,0.7186646845654628,0.5617977528089888,0.15686693175647404,-27.922313852652376
30,500108229,1424,3.4058988764044944,3.7368478057033307,0.5842245591921211,0.3518258426966292,0.23239871649549193,-66.05504436917775
30,500108230,1424,6.375702247191011,6.503004461513666,1.8702426580413363,1.8827247191011236,-0.01248206105978733,0.6629785508816546
30,500108231,1424,6.511938202247191,6.47084478061429,1.4586365264148253,1.4002808988764044,0.05835562753842094,-4.167422949584324
30,500108233,1424,7.592696629213483,7.614866760197746,1.7619761701718133,1.7401685393258426,0.021807630845970705,-1.253190731423014
30,500108234,1424,4.67064606741573,4.844452044559326,0.7781294882784734,0.7127808988764045,0.06534858940206889,-9.168117370300108
30,500108235,1424,6.084269662921348,6.21634623458884,0.6861182889094978,0.5716292134831461,0.11448907542635167,-20.02855570112098
30,500108236,1424,10.938904494382022,10.856843940790657,0.6466070993827749,0.5667134831460674,0.07989361623670754,-14.097708738670576
30,500108237,1424,12.003511235955056,11.965989007637967,1.2149035542435458,1.1327247191011236,0.08217883514242219,-7.254969698872238
30,500108238,1424,9.445926966292134,9.241547558929732,0.7420390097354731,0.6285112359550562,0.1135277737804169,-18.06296646517471
30,500108239,1424,6.283005617977528,6.447101418245589,1.113428889307157,1.0632022471910112,0.050226642116145914,-4.724091041835653
30,500108240,1424,9.172050561797754,9.104410049823413,0.9807749155066173,0.8792134831460674,0.10156143236054993,-11.551396140688746
30,500108241,1424,7.777387640449438,8.023320038346471,0.9120779363010442,0.8356741573033708,0.07640377899767337,-9.142771537200577
30,500109001,1424,12.459269662921349,12.240795673700982,1.6160578301990933,1.5870786516853932,0.028979178513700132,-1.8259446992703092
30,500109002,1424,9.091994382022472,9.132165608987533,1.783971398945195,1.7928370786516854,-0.008865679706490326,0.49450559741646
30,500109003,1424,13.09129213483146,13.102685636266946,2.1856900416852176,2.2808988764044944,-0.09520883471927677,4.174180438431346
30,500109004,1424,6.761938202247191,6.819884383946289,2.006570043307439,1.9578651685393258,0.04870487476811314,-2.4876521402364817
30,500109005,1424,11.002808988764045,11.185942840024856,1.48822745642588,1.4985955056179776,-0.010368049192097661,0.6918510801099845
30,500109006,1424,14.88623595505618,14.721310480838676,1.8159140031055157,1.8377808988764044,-0.02186689577088874,1.1898532509646758
30,500109007,1424,17.042134831460675,17.184930636984223,1.9304259236322636,1.7823033707865168,0.14812255284574682,-8.310737401589577
30,500109008,1424,17.00561797752809,16.712195889213987,1.985550571379629,1.9845505617977528,0.0010000095818762933,-0.050389725569421145
30,500109009,1424,8.479634831460674,8.131080748240585,1.920722652489849,1.9817415730337078,-0.06101892054385871,3.079055381093367
30,500109010,1424,11.259831460674157,11.410460084471655,1.0686248108205898,0.9831460674157303,0.0854787434048595,-8.694409329179996
30,500109011,1424,44.16362359550562,43.18477558385299,3.7594093358880136,3.3293539325842696,0.43005540330374403,-12.917082773772021
30,500109012,1424,11.884129213483146,11.731533726864765,1.0040520866702085,0.8679775280898876,0.13607455858032091,-15.677198334820146
30,500109013,1424,16.140449438202246,15.827934220180344,1.1653752956694345,1.103932584269663,0.06144271139977153,-5.565802864712128
30,500109014,1424,7.655898876404494,7.755264756233208,1.4789958654031672,1.473314606741573,0.005681258661594191,-0.38561069276025395
30,500109015,1424,19.88061797752809,19.51817368580853,2.268772186532713,2.2724719101123596,-0.003699723579646541,0.16280613032808017
30,500109016,1424,8.285112359550562,8.17362231760045,1.0930195336529533,1.0554775280898876,0.03754200556306575,-3.5568739801600553
30,500109017,1424,11.177668539325843,11.221923014607794,0.8600336090077774,0.8110955056179775,0.04893810338979987,-6.033580885461041
30,500109018,1424,8.430477528089888,8.222800427588847,1.082007258877471,1.0779494382022472,0.0040578206752237556,-0.376438869154308
30,500109019,1424,26.935393258426966,26.518043139778445,2.648547353029216,2.681179775280899,-0.032632422251682947,1.217091914258683
30,500109020,1424,10.992977528089888,10.952837753496858,1.2092316993487495,1.1425561797752808,0.06667551957346873,-5.835644737100153
30,500109022,1424,11.15308988764045,11.208612018345855,1.9704893542361785,2.101123595505618,-0.13063424126943946,6.217351589828937
30,500109023,1424,23.742275280898877,23.472789851211157,3.7419577606418084,3.7366573033707864,0.005300457271022019,-0.14185023781122638
30,500109024,1424,15.80056179775281,15.154837504220598,2.3101494402219034,1.9775280898876404,0.332621350334263,-16.82005692031216
30,500109025,1424,18.180477528089888,17.53630672555401,4.7073017155436965,5.080758426966292,-0.3734567114225955,7.350412675408099
30,500109027,1424,31.015449438202246,30.294703098788936,3.1997037697987696,3.3644662921348316,-0.16476252233606203,4.897136961105246
30,500109028,1424,12.67626404494382,12.189383192326392,1.3784810663644904,1.2162921348314606,0.16218893153302982,-13.33470199209206
30,500109029,1424,10.68188202247191,10.479511276074772,1.1667245224820963,1.0948033707865168,0.07192115169557955,-6.5693213607764775
30,500109030,1424,11.72191011235955,11.626959913960501,1.1916800466560533,1.163623595505618,0.028056451150435313,-2.4111277271104337
30,500109031,1424,19.67556179775281,19.429022151057726,3.0195713811836216,3.0695224719101124,-0.04995109072649084,1.6273244839744443
30,500109032,1424,35.10884831460674,34.55130505637766,4.18180228515467,4.754915730337078,-0.5731134451824085,12.053072602861462
30,500109033,1424,17.84129213483146,17.943605756433346,1.867107510081514,1.9023876404494382,-0.03528013036792421,1.8545184807650084
30,500109034,1424,27.03932584269663,26.647106162239734,3.8059826801004917,3.8433988764044944,-0.037416196304002725,0.9735184274968003
30,500109035,1424,18.570224719101123,18.431131560678647,1.9356370105182057,1.9473314606741574,-0.011694450155951719,0.600537216807618
30,500109036,1424,13.235955056179776,12.994536202843111,2.8940229440585856,3.0646067415730336,-0.17058379751444797,5.566254071048898
30,500109037,1424,13.502808988764045,13.38582218791437,2.6389941031680877,2.6741573033707864,-0.0351632002026987,1.314926394134531
30,500109039,1424,12.870084269662922,12.575905964152962,1.9934250097778228,1.9543539325842696,0.03907107719355318,-1.9991812405181364
30,500109040,1424,5.569522471910112,5.926477751351941,1.4628649508858345,1.4037921348314606,0.05907281605437387,-4.208088547345092
30,500109041,1424,10.962078651685394,11.055295324398328,1.2478720641215832,1.2633426966292134,-0.015470632507630144,1.2245792490753378
30,500109042,1424,10.542134831460674,10.277232942652995,1.8170954813593168,1.7942415730337078,0.022853908325608963,-1.2737364170515524
30,500109043,1424,10.690308988764045,10.458360576318858,2.4800613544539196,2.6137640449438204,-0.1337026904899008,5.115331307297655
30,500109044,1424,6.042837078651686,6.028718077469535,1.4595746061338086,1.3426966292134832,0.11687797692032542,-8.7047196200075
30,500109045,1424,9.29002808988764,9.313902325213876,2.8383422084153933,2.871488764044944,-0.03314655562955071,1.1543334609068283
30,500109046,1424,21.292134831460675,21.120440383101926,2.748630206117075,2.75,-0.00136979388292513,0.04981068665182291
30,500109047,1424,24.5751404494382,24.22117433359992,2.4529548703443123,2.452949438202247,5.432142065053824e-06,-0.00022145348699217424
30,500109048,1424,15.94873595505618,15.843026081951905,2.4711410584108435,2.5519662921348316,-0.08082523372398809,3.1671748162619435
30,500109049,1424,4.885533707865169,5.212685044975199,1.2121565964338799,1.110252808988764,0.10190378744511586,-9.178430950148323
30,500109050,1424,7.235252808988764,7.553562587520442,1.3391021147048137,1.3082865168539326,0.03081559785088106,-2.3554166043829645
30,500109051,1424,8.122893258426966,8.099335841228067,1.4194069206832245,1.4557584269662922,-0.036351506283067714,2.4970836925754183
30,500109052,1424,8.355337078651685,8.17412711813189,1.5395415876598129,1.5337078651685394,0.005833722491273452,-0.38036725400977084
30,500109053,1424,13.80056179775281,13.540231203578088,4.119896028907411,4.01685393258427,0.10304209632314176,-2.565243796576117
30,500109054,1424,25.661516853932586,25.348866676128495,1.6303465055197282,1.4978932584269662,0.13245324709276196,-8.842635905302066
30,500109055,1424,18.228932584269664,17.886739480702733,1.031415501621125,0.8757022471910112,0.15571325443011386,-17.781529615756387
30,500109056,1424,9.405898876404494,9.363428168379546,1.1722082167466197,1.1446629213483146,0.02754529539830508,-2.4064110826494747
30,500109057,1424,12.47120786516854,12.41256153842124,1.6662054572287588,1.6502808988764044,0.0159245583523544,-0.9649604720745817
30,500109058,1424,6.550561797752809,6.734044590416893,2.0288704526109074,2.091292134831461,-0.06242168222055344,2.9848379946967123
30,500109059,1424,9.92064606741573,10.09426953900281,1.4486120831471423,1.3581460674157304,0.09046601573141189,-6.6609930921163665
30,500109060,1424,5.492275280898877,5.576106211024588,1.3941408106714264,1.3258426966292134,0.06829811404221298,-5.15129843199742
30,500109061,1424,6.242977528089888,6.200569350881904,1.1910151326143736,1.113061797752809,0.07795333486156464,-7.003504658856028
30,500109062,1424,8.461376404494382,8.328840575403529,0.7828666179020929,0.5175561797752809,0.265310438126812,-51.26215249560112
30,500109063,1424,12.228230337078651,11.94235420166549,2.368439433846342,2.3258426966292136,0.04259673721712831,-1.831453918997304
30,500109064,1424,10.301966292134832,10.19721897325597,3.0334936762331557,3.113061797752809,-0.07956812151965309,2.5559441697267316
30,500109065,1424,11.250702247191011,11.248711214516122,1.192490524886852,1.2099719101123596,-0.017481385225507573,1.4447761207848393
30,500109066,1424,26.037219101123597,25.75972422796609,1.4685050944927533,1.4866573033707866,-0.01815220887803326,1.2210082873084251
30,500109067,1424,7.775280898876405,7.921914779527872,1.0374087102465142,1.0175561797752808,0.019852530471233365,-1.9510009241570956
30,500109068,1424,15.370084269662922,15.151484338469407,2.2375051325156283,2.230337078651685,0.007168053863943147,-0.32138881304329475
30,500109070,1424,14.416432584269662,14.237687413953113,2.165954629986076,2.1137640449438204,0.05219058504225549,-2.469082827248233
30,500109071,1424,6.825140449438202,7.105272109322729,2.1919594203660204,2.2387640449438204,-0.04680462457779999,2.090645715143889
30,500109072,1424,8.997191011235955,8.966736883466481,0.9389676017311333,0.7984550561797753,0.14051254555135795,-17.598053198340697
30,500109073,1424,4.307584269662922,4.570496387902751,0.8829020975669768,0.6889044943820225,0.1939976031849543,-28.160304478631485
30,500109074,266,7.022556390977444,7.131379777329411,0.992856797022148,0.9323308270676691,0.0605259699544789,-6.491898390278785
30,500109075,1424,18.722612359550563,18.589995950251666,6.082241951016563,6.459971910112359,-0.3777299590957961,5.847238414527814
30,500109076,1424,8.264747191011235,8.564815841543734,1.9684513034718825,1.7991573033707866,0.16929400010109585,-9.409627484151462
30,500109077,1424,9.150983146067416,8.783492323396036,1.9966302766483361,1.865870786516854,0.13075949013148214,-7.007960630306005
30,500109078,1424,6.873595505617978,6.737436826472844,1.625546661639694,1.6053370786516854,0.02020958298800868,-1.2588996576957288
30,500109079,1424,11.394662921348315,11.42512603023519,2.1550061271423804,2.19311797752809,-0.038111850385709634,1.737792985886984
30,500109080,1424,7.848314606741573,7.692281994996457,0.7602018565365449,0.6221910112359551,0.13801084530058982,-22.18142705508351
30,500109081,1424,17.31741573033708,16.870812556116682,3.135701316521859,3.0259831460674156,0.10971817045444343,-3.6258685246490474
30,500109082,1424,6.565308988764045,6.494708123820914,1.2942780624054786,1.2247191011235956,0.06955896128188299,-5.679584912006959
30,500109084,1424,11.814606741573034,11.545922303318688,0.8478754853123834,0.6917134831460674,0.15616200216631604,-22.576110770033914
30,500109085,1424,8.635533707865168,8.67572084692162,1.6548724009813836,1.7155898876404494,-0.060717486659065845,3.5391609088215215
30,500109086,1424,10.19311797752809,10.425650757754015,1.997114348081337,2.014044943820225,-0.016930595738887888,0.84062651088481
30,500109087,1424,15.662219101123595,15.114063753535978,1.2765476877311002,1.0821629213483146,0.19438476638278557,-17.962615660550725
30,500109088,1424,7.604634831460674,7.775060128486258,1.1959072270633098,1.1629213483146068,0.03298587874870296,-2.8364668682459544
30,500109089,1424,7.016151685393258,6.980436306503089,1.5917601824331535,1.5456460674157304,0.04611411501742313,-2.98348476986872
30,500109091,1424,9.21558988764045,9.275261991143159,1.8186439793629368,1.8181179775280898,0.0005260018348469675,-0.028931116756356963
30,500109092,1424,12.55056179775281,12.323954974961797,2.4466094087592585,2.346207865168539,0.10040154359071929,-4.27931152568645
30,500109093,1424,13.648876404494382,13.223908205976738,1.89645504249692,1.8953651685393258,0.0010898739575941896,-0.05750205689566973
30,500109094,1424,8.639747191011235,8.684932277649889,1.3443820027400355,1.3110955056179776,0.03328649712205789,-2.5388308463744207
30,500109095,1424,9.637640449438202,9.607844456327978,0.972203150200652,0.9066011235955056,0.06560202660514636,-7.236040734758204
30,500109096,1424,7.248595505617978,7.168804037073775,1.1524765576601097,1.0561797752808988,0.09629678237921091,-9.117461310372098
30,500109097,1424,7.924157303370786,7.771882698823047,0.9328587484778497,0.8883426966292135,0.04451605184863616,-5.011135006518411
30,500109098,1424,8.268258426966293,8.038891905125357,1.4588408320674628,1.4171348314606742,0.04170600060678864,-2.9429804194284945
30,500109099,1424,9.90941011235955,9.664961828411045,2.418981153044641,2.4487359550561796,-0.029754802011538573,1.2151086339096913
30,500109100,1424,5.481039325842697,5.592472195236098,1.2042560083495426,1.1650280898876404,0.03922791846190221,-3.3671221151144515
30,500109101,1424,18.465589887640448,18.615511251746078,1.9726679022624172,1.8040730337078652,0.16859486855455197,-9.345235220773919
30,500109102,1424,9.855337078651685,9.827137352706384,0.17628776636327834,0.06741573033707865,0.10887203602619969,-161.49352010552954
30,500109103,1424,7.403792134831461,7.298116849521814,0.8010595823779125,0.6741573033707865,0.12690227900712603,-18.823838052723694
30,500109104,1424,7.144662921348314,7.243406930787701,1.3510718359872909,1.271067415730337,0.08000442025695387,-6.294270411375819
30,500109105,1424,6.935393258426966,7.147155585514455,1.5139492375386643,1.416432584269663,0.09751665326900127,-6.884666051316699
30,500109106,1424,10.668539325842696,10.591270770880216,0.9414584982887784,0.8539325842696629,0.08752591401911547,-10.249745194343785
30,500109107,1424,6.002808988764045,6.23010965553976,0.8783389262257675,0.7942415730337079,0.08409735319205958,-10.588384698982566
30,500109108,1424,10.252808988764045,9.985373584345544,0.7007281687459339,0.5056179775280899,0.195110191217844,-38.58846004086248
30,500109109,1424,7.067415730337078,7.118345351240281,1.0236705008609825,0.9424157303370787,0.08125477052390384,-8.621966708348664
30,500109110,1424,10.7563202247191,10.526486265764309,0.9098702165648391,0.7289325842696629,0.18093763229517623,-24.82227248442495
30,500109111,1424,8.599016853932584,8.74135700021932,0.902008257867861,0.8328651685393258,0.06914308932853519,-8.301834671486857
30,500109112,1424,9.442415730337078,9.585044026565063,1.3074456169496786,1.1671348314606742,0.14031078548900444,-12.021814593041054
30,500109113,1424,12.195926966292134,12.117077663514795,1.4244582388057268,1.4290730337078652,-0.004614794902138453,0.32292225752556053
30,500109114,1424,13.916432584269662,13.678836278351499,1.472951040765741,1.389747191011236,0.0832038497545049,-5.986977364851692
30,500109115,1424,9.326544943820224,9.235699107039874,1.3295543090348698,1.2654494382022472,0.06410487083262262,-5.065778915963075
30,500109116,1424,8.087780898876405,8.15688143381193,1.3519088234887926,1.2612359550561798,0.0906728684326128,-7.189207385748364
30,500109117,1424,12.655898876404494,12.300603687784582,1.7676360260616288,1.6214887640449438,0.14614726201668504,-9.013152928183608
30,500109118,1424,9.393960674157304,9.415788227616678,1.212205346617725,1.2015449438202248,0.010660402797500135,-0.8872246396049206
30,500109119,1424,7.617275280898877,7.789843754217308,0.9294814968109567,0.8637640449438202,0.06571745186713651,-7.608264346244097
30,500109120,1424,37.87851123595506,37.4334604846132,1.1177253002859435,0.8441011235955056,0.2736241766904379,-32.41604223021494
30,500109122,1424,8.617275280898877,8.510035734209048,1.0604242532696122,0.9662921348314607,0.0941321184381515,-9.741579698831957
30,500109123,1424,10.643258426966293,10.640009450659319,1.5365272957183385,1.5098314606741574,0.02669583504418105,-1.7681334466471539
30,500109124,1424,6.171348314606742,6.497796869681961,0.8080579138157145,0.6685393258426966,0.13951858797301786,-20.86916694050183
30,500109125,1424,10.560393258426966,10.42937570875414,0.9960507125736119,0.9382022471910112,0.05784846538260069,-6.165884334193367
30,500109126,1424,3.2485955056179776,3.595723785904434,0.6635490840190328,0.43679775280898875,0.22675133121004404,-51.912201871881464
30,500109127,1424,9.269662921348315,9.014392802949699,0.7632812967854345,0.5231741573033708,0.24010713948206375,-45.89430424462533
30,500109128,1424,19.46699438202247,19.086580371770065,0.8120877414699443,0.5730337078651685,0.23905403360477584,-41.717272531029515
30,500109129,1424,19.766151685393258,19.471773672289842,2.313453268194814,2.3103932584269664,0.0030600097678474825,-0.1324454075809974
30,500109130,1424,6.777387640449438,6.900205384534111,1.0682743939851305,0.9452247191011236,0.12304967488400687,-13.018033955039062
30,500109132,1424,6.146769662921348,6.691345286395213,1.1306568784885966,0.788623595505618,0.34203328298297864,-43.37091673800192
30,500109133,1424,6.596207865168539,6.6808162479748825,0.8406019172407398,0.7408707865168539,0.09973113072388595,-13.46133935078802
30,500109134,1424,10.88061797752809,10.850434001973191,0.8035938637300787,0.8040730337078652,-0.00047916997778651993,0.05959284265222745
30,500109135,1424,9.092696629213483,9.389557527822808,0.9917000139975493,0.8307584269662921,0.16094158703125716,-19.37285037468387
30,500109136,1424,6.457162921348314,6.554604687288734,1.07839988587716,0.9873595505617978,0.09104033531536215,-9.22058588115759
30,500109137,1424,12.53441011235955,12.304321399389039,1.0908531457115156,1.0217696629213484,0.06908348279016718,-6.761160102625296
30,500109138,1424,10.447331460674157,10.294807703117327,1.4912319151412674,1.3890449438202248,0.1021869713210426,-7.356635346873845
30,500110002,1424,6.339185393258427,6.35461178810292,2.543461034511046,2.570926966292135,-0.02746593178108858,1.0683279665738907
30,500110003,1424,14.504915730337078,14.28443469112038,2.161041859083719,2.163623595505618,-0.0025817364218991834,0.11932465643571688
30,500110004,1424,10.235252808988765,10.289670308016227,2.259700538725578,2.330758426966292,-0.07105788824071402,3.048702405989056
30,500110005,1424,32.81811797752809,32.45153253089329,4.909581788243001,5.129213483146067,-0.21963169490306633,4.281976089019256
30,500110006,1424,4.584971910112359,4.950824193720902,2.398259063181138,2.523876404494382,-0.12561734131324398,4.977158988037268
30,500110007,1424,7.061095505617978,7.649044534880741,3.0597960459915243,3.2001404494382024,-0.1403444034466781,4.385570123064946
30,500110008,1424,15.97120786516854,15.625021517459407,3.268019765354375,3.3967696629213484,-0.1287498975669732,3.790362913693815
30,500110009,1424,2.8230337078651684,3.346626497981138,1.609567130571373,1.5976123595505618,0.011954771020811217,-0.7482898432367109
30,500110010,1424,5.014747191011236,5.201303671484601,1.6641693964772142,1.6018258426966292,0.06234355378058498,-3.8920307138778174
30,500110011,1424,18.609550561797754,18.54122487838045,1.8648981655521386,1.8125,0.05239816555213861,-2.89093327184213
30,500110012,1424,10.92134831460674,10.656361804060285,1.6724378613633422,1.601123595505618,0.07131426585772416,-4.4540137974297895
30,500110013,1424,21.801966292134832,21.312490474493135,3.424955953797037,3.4030898876404496,0.021866066156587483,-0.6425356625460291
30,500110014,1424,19.752106741573034,19.897681117959404,4.126144801457364,4.355337078651686,-0.229192277194322,5.262331549898654
30,500110015,1424,5.269662921348314,5.616556735064556,1.9024748026129468,1.8040730337078652,0.09840176890508157,-5.454422690573614
30,500110016,1424,4.842696629213483,4.978068472017673,1.3517474461432817,1.3616573033707866,-0.009909857227504926,0.7277790970586392
30,500110017,1424,11.745786516853933,11.998193850372974,3.032713924245812,3.0,0.0327139242458121,-1.09046414152707
30,500110018,1424,7.058988764044944,7.327495806127266,2.563755058833837,2.577949438202247,-0.014194379368410281,0.5506073609538611
30,500110019,1424,7.650280898876405,8.23062555760521,3.154457951108286,3.1467696629213484,0.007688288186937786,-0.24432319522873036
30,500110020,1424,9.214185393258427,9.218508219543372,2.377852067825009,2.4241573033707864,-0.04630523554577737,1.9101580364190898
30,500110021,1424,17.134129213483146,17.3100516663067,2.873308920270648,2.978932584269663,-0.1056236639990149,3.5456882964308636
30,500110022,1424,14.04564606741573,14.431231690812881,1.9107189201633725,1.8785112359550562,0.03220768420831632,-1.7145324229025212
30,500110023,1424,20.231039325842698,20.186681962497282,2.6357438167097857,2.581460674157303,0.054283142552482566,-2.102807263186485
30,500110024,1424,11.902387640449438,11.931265188210098,3.2474756452463738,3.3967696629213484,-0.14929401767497463,4.3951763731478986
30,500110025,1424,15.336376404494382,15.3217601224652,2.3874923952133567,2.309691011235955,0.07780138397740144,-3.368475852350856
30,500110026,1424,8.469101123595506,8.303950807427315,2.0497660611696533,1.9445224719101124,0.10524358925954092,-5.412310260223411
30,500110027,1424,5.481741573033708,5.833370528627437,1.69798691694533,1.6432584269662922,0.0547284899790379,-3.3304858859038444
30,500110028,1424,13.222612359550562,13.417285597471373,2.5750814411262684,2.695926966292135,-0.12084552516586644,4.482522215061053
30,500110029,1424,7.245084269662922,7.344161988809032,2.2297430909027005,2.2851123595505616,-0.05536926864786107,2.423043594178063
30,500110030,1424,5.353230337078652,5.831318651551904,1.723733307857249,1.6587078651685394,0.06502544268870958,-3.920246841182152
30,500110031,1424,11.402387640449438,11.711176288946328,1.9022267869918161,1.8799157303370786,0.022311056654737538,-1.1868115306815934
30,500110032,1424,11.209269662921349,11.334930563153373,3.0851859411548817,3.1860955056179776,-0.10090956446309596,3.1671858010898974
30,500110033,1424,11.464887640449438,11.40031863230002,2.507446946120113,2.5042134831460676,0.0032334629740455867,-0.1291208994683375
30,500110034,1424,9.23806179775281,9.177676000289944,2.435705434444245,2.3918539325842696,0.04385150185997544,-1.8333687213330894
30,500110035,1424,10.226123595505618,10.318902386112498,1.9215201089280733,1.9648876404494382,-0.043367531521364855,2.207125263989405
30,500110036,1424,12.485252808988765,12.689129734573854,3.439643695578778,3.514044943820225,-0.0744012482414469,2.1172537469188724
30,500110037,1424,9.90308988764045,10.001837190606128,3.0506452434940385,3.113061797752809,-0.06241655425877024,2.0049892457588276
30,500110038,1424,9.825842696629213,9.919268281208362,2.1498991391765454,2.1769662921348316,-0.02706715295828621,1.243342768148373
30,500110039,1424,17.31811797752809,17.319734814925653,3.4020482109076524,3.6264044943820224,-0.22435628347436998,6.186741821601527
30,500110040,1424,12.268258426966293,12.265646700598463,2.371880300352022,2.4501404494382024,-0.07826014908618051,3.1941086929985967
30,500110041,811,11.004932182490752,11.383768206749792,1.6523848119780349,1.6374845869297163,0.01490022504831856,-0.9099459724537916
30,500110042,1424,11.209269662921349,11.12776538022996,2.0228446863416676,2.0456460674157304,-0.02280138107406282,1.1146298197550792
30,500110043,1424,4.294943820224719,4.607521669136919,2.403672883454365,2.532303370786517,-0.12863048733215177,5.079584413782144
30,500110044,1424,11.03441011235955,11.565757618308552,4.4302936516698415,4.518258426966292,-0.08796477529645053,1.9468734849571891
30,500110045,1424,10.470505617977528,10.713023449348082,1.8835406705776265,1.827247191011236,0.056293479566390525,-3.0807807418347464
30,500110046,1424,12.202949438202246,13.093539605968113,3.5396189291909326,3.4389044943820224,0.10071443480891018,-2.928677867426753
30,500110047,1424,6.223314606741573,6.444258314259634,2.0190666444274488,2.0,0.019066644427448765,-0.9533322213724382
30,500110048,1424,9.811095505617978,10.062758401394115,3.4611680773385256,3.639044943820225,-0.1778768664816992,4.888009607679268
30,500110049,1424,7.879213483146067,7.738255583721268,2.3608319938373348,2.3974719101123596,-0.03663991627502483,1.528273016275201
30,500110050,1424,4.632724719101123,4.872220735587212,1.7565377576299839,1.7338483146067416,0.022689443023242273,-1.3086175320006883
30,500110051,1424,10.521067415730338,10.285655206543703,2.0134068974878887,1.9571629213483146,0.0562439761395741,-2.8737503416847336
30,500110052,1424,5.919943820224719,6.118513278771561,2.20143310281754,2.269662921348315,-0.06822981853077481,3.006165271900474
30,500110053,1424,6.300561797752809,6.534625773603209,1.0009291280318393,0.9585674157303371,0.04236171230150221,-4.419273136801403
30,500110054,1424,8.441011235955056,8.544698082127605,2.6439567640801642,2.7668539325842696,-0.12289716850410537,4.441765684006245
30,500110055,1424,3.7577247191011236,4.147289317295203,1.3065567638151634,1.226123595505618,0.08043316830954539,-6.559955995005304
30,500110056,1424,7.484550561797753,7.650076119398765,2.1751936486111383,2.228932584269663,-0.0537389356585245,2.410971782537457
30,500110057,1424,7.719803370786517,7.446548633587769,2.079501017699622,2.076544943820225,0.002956073879397003,-0.14235540088810728
30,500110058,1424,5.640449438202247,5.600071343385427,1.88045399187861,1.946629213483146,-0.06617522160453593,3.399477473479768
30,500110059,1424,6.513342696629214,7.173605853353403,2.5202306704985715,2.404494382022472,0.11573628847609951,-4.813331623538718
30,500110060,1424,10.735252808988765,10.946568160844752,2.6527571358547606,2.640449438202247,0.012307697652513383,-0.4661213153505068
30,500110061,1424,7.014747191011236,7.440635001005556,2.73353257838021,2.789325842696629,-0.0557932643164194,2.0002419029854286
30,500110062,1424,11.922050561797754,12.127888683021043,3.927526362702848,4.004213483146067,-0.07668712044321913,1.9151606368141711
30,500110063,1424,16.989466292134832,16.885829083460102,2.8454676010411037,2.9599719101123596,-0.11450430907125586,3.868425530663543
30,500110064,1424,6.837078651685394,7.165739183054099,2.8480551784996564,2.934691011235955,-0.08663583273629882,2.9521279209497373
30,500110065,1424,14.015449438202246,14.414531834160627,4.458460907211562,4.700140449438202,-0.24167954222664,5.141964263121699
30,500110066,1424,10.148174157303371,10.192490485090087,2.13436595910854,2.2043539325842696,-0.0699879734757296,3.174988028972251
30,500110067,1424,16.00491573033708,15.754520241029935,2.096708853130769,1.9831460674157304,0.11356278571503875,-5.7263954269906225
30,500110068,1424,7.232443820224719,7.505336799967876,1.7082642592901525,1.574438202247191,0.13382605704296147,-8.49992440808105
30,500110069,1424,10.714887640449438,10.447341653975512,1.6984098230638447,1.538623595505618,0.1597862275582267,-10.385010864578495
30,500110070,1424,5.606039325842697,5.626245674048004,1.9083389181831552,1.8377808988764044,0.07055801930675076,-3.839305292044826
30,500110071,1424,5.514747191011236,6.16520207993617,2.52001052308881,2.4887640449438204,0.03124647814498971,-1.2555018306564714
30,500110072,1424,4.73314606741573,5.156809218212639,2.0164138571932115,2.017556179775281,-0.001142322582069255,0.05661912136674623
30,500110073,1424,11.21558988764045,11.275354648844212,2.4448685505171035,2.436797752808989,0.008070797708114696,-0.3312050702119691
30,500110074,1424,9.160112359550562,9.337799783355512,2.5195805328608767,2.5316011235955056,-0.012020590734628911,0.47482167007244297
30,500110076,1424,12.948033707865168,12.841726725636265,2.0360350187556784,1.9311797752808988,0.10485524347477959,-5.429595153021315
30,500110077,1424,9.419241573033707,9.469972520317699,2.0594948437929728,2.1797752808988764,-0.12028043710590364,5.518020052796611
30,500110078,1424,6.85182584269663,7.240708032587835,2.576713763664414,2.61938202247191,-0.04266825880749581,1.6289437142593575
30,500110079,1424,8.912921348314606,8.828257393078959,1.910065550684732,1.913623595505618,-0.0035580448208860638,0.18593232385107356
30,500110080,1424,6.272471910112359,6.16259592294785,1.5670333841031383,1.5603932584269662,0.006640125676172115,-0.42554180750986015
30,500110081,1424,6.866573033707865,6.838630820443686,1.8822630874446573,1.8785112359550562,0.00375185148960111,-0.1997247297641862
30,500110082,1424,10.014747191011235,10.009935020652163,1.6978530806462613,1.7478932584269662,-0.05004017778070491,2.8628852213629488
30,500110083,1424,7.520365168539326,7.411074173510163,1.090235471595521,0.9276685393258427,0.16256693226967822,-17.524247657231022
30,500110084,1424,12.725421348314606,12.526411587369962,2.456408032714781,2.5105337078651684,-0.054125675150387575,2.155942976619634
30,500110085,1424,7.986657303370786,7.763517391562419,1.6245864739760891,1.6095505617977528,0.01503591217833633,-0.9341683657046655
30,500110086,1424,6.644662921348314,6.928109715377845,1.79736192015572,1.8167134831460674,-0.01935156299034735,1.0651962001644617
30,500110087,1424,9.207162921348315,9.06026670064193,2.016377165659681,2.076544943820225,-0.06016777816054386,2.8974946263312296
30,500110088,1424,4.655196629213483,4.8835851600924505,2.1595820101386765,2.199438202247191,-0.039856192108514765,1.812107840438219
30,500110089,1424,9.466994382022472,9.533075923778537,2.101272217858374,2.0625,0.038772217858373814,-1.879865108284791
30,500110090,1424,10.099016853932584,10.223403571131705,1.5454553799234443,1.6376404494382022,-0.09218506951475791,5.629139750815407
30,500110091,1424,16.672050561797754,16.40272175742371,3.033145732551922,3.205758426966292,-0.17261269441437,5.384457324119669
30,500110092,1424,9.112359550561798,9.148451869501335,1.0202375597226958,0.9002808988764045,0.11995666084629131,-13.324359207887584
30,500110093,1424,9.981039325842696,9.874280938713534,1.676557404698543,1.5758426966292134,0.10071470806932958,-6.391165075344266
30,500110094,1424,17.286516853932586,17.09607347668699,0.8659745247468453,0.7387640449438202,0.12721047980302513,-17.21936532694941
30,500110095,1424,9.817415730337078,10.071069577262037,1.2673978718415713,1.0990168539325842,0.16838101790898707,-15.321058754146813
30,500110096,1424,7.038623595505618,7.178988085497557,1.0728392786812986,0.9775280898876404,0.09531118879365819,-9.750225060500666
30,500110097,1424,6.747191011235955,7.112679887412279,1.211300346399022,1.0941011235955056,0.11719922280351636,-10.711918695263627
30,500110098,1424,8.984550561797754,9.056780887866642,1.4414558222435023,1.4269662921348314,0.014489530108670934,-1.015408015489538
30,500110099,1424,10.067415730337078,10.111157849526494,2.066369960026051,2.092696629213483,-0.026326669187432206,1.258026071238371
30,500110100,1424,5.504915730337078,5.647008060439772,1.293534254963984,1.264747191011236,0.028787063952748104,-2.2761121082017377
30,500110101,1424,7.631320224719101,7.601443906604934,1.6422864140702853,1.6853932584269662,-0.043106844356680885,2.557672765163066
30,500110102,1424,13.39115168539326,13.036869519795976,1.9490991563633882,1.9220505617977528,0.027048594565635353,-1.4072779927462455
30,500110103,1424,5.915730337078652,6.113924561630758,1.8144991678754658,1.8742977528089888,-0.05979858493352297,3.1904527892595245
30,500110104,1424,8.739466292134832,9.08434571567927,1.9134218833486054,1.9311797752808988,-0.01775789193229338,0.9195359313303918
30,500110105,1424,7.633426966292135,7.648082086191454,1.9454705024770012,1.9831460674157304,-0.037675564938729256,1.8997876937942797
30,500110106,1424,5.72191011235955,5.93261364868168,1.4718315664702923,1.470505617977528,0.0013259484927643506,-0.09016956321377437
30,500110107,1424,6.303370786516854,7.0521217720498415,3.2069517145217525,3.371488764044944,-0.16453704952319148,4.880249083962188
30,500110108,1424,8.155898876404494,8.023244989067926,2.1878424461553645,2.053370786516854,0.1344716596385105,-6.548825011123082
30,500110109,1424,9.85884831460674,9.626737540126259,1.720636225496329,1.6692415730337078,0.051394652462621204,-3.0789223856446193
30,500110110,1424,6.922050561797753,7.275621969472985,1.463709430808506,1.4557584269662922,0.0079510038422137,-0.5461760478201788
30,500111001,1424,9.821629213483146,9.88669064353046,1.7854276134323548,1.7668539325842696,0.018573680848085194,-1.0512289955355054
30,500111002,1424,20.183988764044944,20.24440080658667,2.2474293773541283,2.292837078651685,-0.04540770129755689,1.9804155175412257
30,500111003,1424,9.198033707865168,9.759928003402075,3.042322016562169,2.9501404494382024,0.09218156712396652,-3.1246501210313813
30,500111004,1424,13.769662921348315,13.773467240294993,2.3729229691614178,2.4058988764044944,-0.03297590724307664,1.3706273179842714
30,500111005,1424,24.246488764044944,23.83657438672688,2.9723767755885926,3.172050561797753,-0.1996737862091602,6.294785733049461
30,500111006,1424,6.102528089887641,5.966373224884172,2.146261828674185,2.154494382022472,-0.008232553348287208,0.38211068995961484
30,500111007,1424,7.683988764044944,8.192161879327669,2.137302784484884,2.0905898876404496,0.04671289684443458,-2.2344361809363398
30,500111008,1424,16.497893258426966,16.486124977210526,2.7613486000686924,2.7759831460674156,-0.014634545998723159,0.5271842525216741
30,500111009,1424,14.936095505617978,14.87306945363164,2.469277704405694,2.533005617977528,-0.06372791357183383,2.5159009960158407
30,500111010,1424,9.582162921348315,9.640377706304273,2.076052642406958,2.074438202247191,0.0016144401597668612,-0.07782541596167943
30,500111011,1424,10.05056179775281,10.248521141092713,2.9059004667546255,2.984550561797753,-0.07865009504312725,2.6352408315626636
30,500111012,1424,11.89185393258427,11.92206430645502,3.325140504138303,3.473314606741573,-0.14817410260327035,4.266072019956671
30,500111013,1424,16.053370786516854,15.984742272285715,4.245743779884764,4.686095505617978,-0.4403517257332137,9.396985725222482
30,500111014,1424,23.176966292134832,22.94739106834319,2.5745067828252166,2.6292134831460676,-0.05470670032085101,2.080724926733222
30,500111015,1424,20.049157303370787,20.090259603542403,2.0626683472212224,2.1769662921348316,-0.11429794491360923,5.250331405063855
30,500111016,1424,21.55126404494382,20.993969054482545,2.6994843731071994,2.7001404494382024,-0.0006560763310030637,0.024297859436888496
30,500111017,1424,11.65941011235955,11.820452941696225,1.7212823113228293,1.7612359550561798,-0.03995364373335053,2.2685003459446236
30,500111018,1424,9.22120786516854,9.417858004223016,1.5660397226994187,1.4803370786516854,0.08570264404773331,-5.789400622579328
30,500111019,1424,12.55126404494382,13.308117459134774,2.3890453054410186,2.2331460674157304,0.15589923802528816,-6.981148268805356
30,500111020,1424,20.6313202247191,20.619040656600582,3.5189423198342844,3.5941011235955056,-0.0751588037612212,2.0911710933172913
30,500111021,1424,6.89817415730337,7.210757939889858,1.918400619869946,1.934691011235955,-0.01629039136600907,0.8420151471940805
30,500111022,1424,11.468398876404494,11.691069987373378,2.3937459741138607,2.332865168539326,0.06088080557453468,-2.609700997535743
30,500111023,1424,25.596910112359552,25.319229828800484,2.3268008750812275,2.246488764044944,0.08031211103628344,-3.5750061305304035
30,500111024,1424,11.842696629213483,12.200998005593593,1.8518545661854406,1.8426966292134832,0.009157936971957437,-0.49698560396598285
30,500111025,1424,4.625,4.6583772786575866,1.10711648754162,1.0435393258426966,0.06357716169892336,-6.09245479537462
30,500111026,1424,6.387640449438202,6.748356891803743,2.037356176961757,1.8848314606741574,0.15252471628759978,-8.092220417047022
30,500111027,1424,7.344803370786517,7.540461489478001,1.5508453137390725,1.470505617977528,0.08033969576154454,-5.463406244720126
30,500111028,1424,12.039325842696629,12.089467349192027,2.20565860130045,2.2226123595505616,-0.016953758250111584,0.7627852053130774
30,500111029,1424,8.043539325842696,8.165996344841147,1.6251676385364058,1.5990168539325842,0.026150784603821586,-1.6354289537040818
30,500111030,1424,9.389044943820224,9.22123131655165,1.2775290376204387,1.074438202247191,0.20309083537324768,-18.902048991601614
30,500111031,1424,11.541432584269662,11.4257464188606,1.7931140489608672,1.684691011235955,0.10842303772491224,-6.435781814100668
30,500111032,1424,4.652387640449438,5.065457629620187,1.5665159779457043,1.4887640449438202,0.0777519330018841,-5.222582669560517
30,500111033,1424,7.825842696629214,7.93990501718055,1.697282478673731,1.6748595505617978,0.02242292811193325,-1.338794533811025
30,500111034,1424,10.426966292134832,10.655249554328437,1.750023281626208,1.7661516853932584,-0.01612840376705038,0.9131947103093337
30,500111035,1424,8.343398876404494,8.40220461472706,3.0819933704230045,2.893258426966292,0.1887349434567125,-6.523266006853364
30,500111036,1424,8.54002808988764,8.747598427723261,1.4160152574979818,1.3848314606741574,0.03118379682382444,-2.251811697623022
30,500111037,1424,10.035112359550562,10.10824723676353,2.0785064703506264,2.0105337078651684,0.06797276248545803,-3.3808317771321077
30,500111038,1424,19.44873595505618,19.56303672007529,3.4668574954440503,3.5463483146067416,-0.0794908191626913,2.241483692825196
30,500111039,1424,9.331460674157304,9.479123746915086,1.2442600179003225,1.2514044943820224,-0.007144476481699913,0.5709166391661434
30,500111040,1424,7.879213483146067,7.999731263962195,2.636367261344542,2.7043539325842696,-0.06798667123972768,2.5139709126297642
30,500111041,1424,8.28370786516854,8.492748128074055,2.2595351034675706,2.207162921348315,0.05237218211925576,-2.3728281049258735
30,500111042,1424,9.129915730337078,9.046346072847307,1.6089547238824482,1.5442415730337078,0.06471315084874041,-4.190610587021662
30,500111043,1424,9.21629213483146,9.309683013737306,1.0822374904968766,1.0484550561797752,0.03378243431710137,-3.2221156374783897
30,500111044,1424,16.373595505617978,16.04913115891009,1.6235926904514024,1.5786516853932584,0.04494100505814402,-2.846796761690262
30,500111045,1424,23.25491573033708,22.840408654561713,1.8598872647636764,1.7668539325842696,0.09303333217940679,-5.26547953193463
30,500111046,1424,7.85814606741573,7.829036412191187,2.2877887594127575,2.291432584269663,-0.0036438248569052867,0.15901950953825095
30,500111047,1424,12.21558988764045,12.073299449188532,1.9498167120056358,1.9248595505617978,0.024957161443837972,-1.2965705179140923
30,500111048,1424,10.542837078651685,10.565289494427759,2.085290122876816,2.1530898876404496,-0.0677997647636337,3.1489518924792685
30,500111049,1424,5.764044943820225,6.029355360186467,1.1614634885639672,1.0077247191011236,0.1537387694628436,-15.256028412201342
30,500111050,1424,7.305477528089888,7.499495051297141,1.9058032167204695,1.8967696629213484,0.009033553799121075,-0.4762599263216738
30,500111051,1424,7.23876404494382,7.4763925065967864,2.189348898726177,2.144662921348315,0.04468597737786206,-2.083589776885251
30,500111052,1424,7.95435393258427,8.103639128015706,0.7615268959784945,0.6966292134831461,0.06489768249534844,-9.315957648525824
30,500111053,1424,7.897471910112359,8.045923928405752,1.2068175610881309,1.1587078651685394,0.048109695919591466,-4.152012544818075
30,500111054,1424,5.307584269662922,5.511932129181371,0.6569001029955559,0.5589887640449438,0.0979113389506121,-17.515797319807998
30,500111055,1424,12.601123595505618,12.646499167236236,2.4669108300688,2.4922752808988764,-0.025364450830076546,1.0177226819393914
30,500111056,1424,9.214887640449438,9.479193001823612,2.5167346906329766,2.702949438202247,-0.1862147475692706,6.889316719632146
30,500111057,1424,7.943820224719101,7.9091239538886615,2.0883152846236723,2.083567415730337,0.0047478688933351165,-0.22787210327297625
30,500111058,1424,8.127808988764045,8.08445103038108,1.0713875334525256,0.9508426966292135,0.12054483682331207,-12.677684463544786
30,500111059,1424,14.864466292134832,14.956065309486906,1.5136018973076049,1.4655898876404494,0.048012009667155464,-3.275951210638686
30,500111060,1424,21.66994382022472,21.538947273875234,2.1374415099230344,2.2773876404494384,-0.13994613052640403,6.1450289814862575
30,500111061,1424,7.150280898876405,7.37557109013557,1.309120279031753,1.1762640449438202,0.1328562340879329,-11.29476282634128
30,500111062,1424,9.747893258426966,10.169770223585218,1.9812185754970775,1.9248595505617978,0.05635902493527967,-2.927955180876988
30,500111063,1424,7.073033707865169,7.127217233012728,1.6122743179694699,1.6313202247191012,-0.01904590674963136,1.1675149036364638
30,500111064,1424,7.422050561797753,7.3645530012912355,1.1206214195052209,0.8771067415730337,0.24351467793218717,-27.763402832300603
30,500111065,1424,13.055477528089888,12.605873145790385,2.358211014364969,2.31811797752809,0.04009303683687904,-1.729551180118623
30,500111066,1424,5.990168539325842,6.011223012793698,0.9950839954477427,0.8153089887640449,0.17977500668369784,-22.049923300394983
30,500111067,1424,6.202247191011236,6.465577592056487,1.2574931244943761,1.208567415730337,0.04892570876403912,-4.048239934921075
30,500111068,1424,7.354634831460674,7.499240362806804,2.24848288992934,2.1355337078651684,0.1129491820641717,-5.289037660617577
30,500111069,1424,9.547752808988765,9.868035824724657,3.3425827758293436,3.322331460674157,0.02025131515518641,-0.6095513164444187
30,500111070,1424,19.01685393258427,18.610440630844362,4.683968368204531,5.093398876404494,-0.4094305081999634,8.038453656097449
30,500111071,1424,11.347612359550562,11.286381560219224,1.878151220682507,1.961376404494382,-0.08322518381187494,4.243203070107766
30,500111072,1424,10.1313202247191,10.155599260975425,1.52133099804566,1.5421348314606742,-0.02080383341501424,1.3490281777313422
30,500111073,1424,6.216994382022472,6.273746762117992,1.9624492899024837,1.9367977528089888,0.02565153709349488,-1.324430341593064
30,500111074,1424,9.944522471910112,10.027826148322326,1.374527327482586,1.3012640449438202,0.0732632825387658,-5.6301626732435235
30,500111075,1424,8.797752808988765,8.564967354760896,1.6930181019658654,1.7254213483146068,-0.032403246348741366,1.8779903459750795
30,500111076,1424,3.4023876404494384,3.975055202041441,1.628122622251768,1.4269662921348314,0.20115633011693657,-14.09678218929713
30,500111077,1424,7.548455056179775,7.3402031360027715,1.3535520052276129,1.2127808988764044,0.14077110635120849,-11.60729909925425
30,500111078,1424,7.595505617977528,7.440677122374901,1.5087981696749342,1.3792134831460674,0.1295846865288668,-9.395549573172419
30,500111079,1424,8.032303370786517,8.235162486066603,2.328756534464032,2.308988764044944,0.01976777041908795,-0.856122417177045
30,500111080,1424,6.224719101123595,6.323691039714491,1.7056909432151701,1.6509831460674158,0.05470779714775431,-3.3136496443386703
30,500111081,1424,15.365168539325843,15.483613294218411,2.6388189722256827,2.798455056179775,-0.15963608395409246,5.704436224607972
30,500111082,1424,6.53932584269663,6.445188832357923,0.8789308805960871,0.7970505617977528,0.08188031879833435,-10.272914006064152
30,500111083,1424,9.343398876404494,9.130091111702761,0.7792319147781673,0.6278089887640449,0.15142292601412244,-24.11926696242845
30,500111084,1424,6.308286516853933,6.455302548587512,1.155577986230685,1.1074438202247192,0.04813416600596576,-4.34642057022798
30,500111085,1424,5.007724719101123,5.1103678932767025,1.547100661774222,1.4375,0.10960066177422201,-7.624393862554575
30,500111086,1424,8.075842696629213,7.833157236077163,1.758370080212987,1.7942415730337078,-0.035871492820720885,1.9992565861724674
30,500111087,1424,6.339887640449438,6.37566370239886,1.6542884375671942,1.6980337078651686,-0.04374527029797437,2.5762309720560586
30,500111088,1424,11.009129213483146,11.175499596296383,1.8112281124077565,1.651685393258427,0.1595427191493295,-9.659389118564846
30,500111089,1424,9.889044943820224,10.249103498283965,1.2106594622701419,1.1257022471910112,0.08495721507913068,-7.547041439343861
30,500111090,1424,6.834971910112359,6.737261416897293,1.2048960062902065,1.0519662921348314,0.15292971415537515,-14.537510878321378
30,500111091,1424,6.393960674157303,6.725390941449978,1.9935848657967088,2.002808988764045,-0.00922412296733599,0.4605592954237886
30,500111092,1424,5.74438202247191,5.855445552896369,1.3785437389547128,1.3117977528089888,0.06674598614572402,-5.088130849652623
30,500111093,1424,6.00561797752809,6.058206343246553,1.6249233114652895,1.6404494382022472,-0.015526126736957746,0.9464556709515338
30,500111094,1424,6.617977528089888,6.631864539362306,1.9750667180673278,1.9290730337078652,0.045993684359462605,-2.3842375874726884
30,500111095,1424,10.417134831460674,10.107929542668941,1.8088740491342072,1.8125,-0.0036259508657927597,0.20005246156097983
30,500111096,1424,9.337078651685394,9.282289045070893,1.593005375869725,1.5625,0.030505375869724904,-1.9523440556623939
30,500111097,1424,8.683286516853933,9.027010501557813,1.7804681335424184,1.6811797752808988,0.0992883582615196,-5.905873941704424
30,500111098,1424,5.741573033707865,5.786600122914881,1.9447648250057419,1.9424157303370786,0.0023490946686632874,-0.12093676096082868
30,500111113,1424,5.509129213483146,5.767993202274901,1.1953787847679456,1.0912921348314606,0.10408664993648498,-9.537927252867092
30,500111114,1424,6.165730337078652,6.634595008354634,1.8909873062605558,1.7577247191011236,0.13326258715943218,-7.581539117660065
30,500111115,1424,4.549859550561798,4.738639366451067,0.5826023234351354,0.4592696629213483,0.1233326605137871,-26.854083879454564
30,500111116,1424,10.898876404494382,11.123687035477156,1.091744575143834,1.0301966292134832,0.061547945930350734,-5.974388207554154
30,500111117,1424,6.291432584269663,6.580242677103071,1.1926295039601644,1.113061797752809,0.07956770620735543,-7.148543447272815
30,500111118,1424,5.442415730337078,5.662933819889617,0.6114898884547851,0.4705056179775281,0.14098427047725703,-29.964418083524478
30,500111119,1424,12.436797752808989,12.573645954642487,2.8753439503783316,2.936797752808989,-0.061453802430657234,2.092544587787085
30,500111120,1424,7.197331460674158,7.245246793934645,1.7539071183464037,1.6882022471910112,0.06570487115539247,-3.8920023513011186
30,500111121,1424,4.785112359550562,5.093806257151685,0.6908452466484308,0.46769662921348315,0.22314861743494768,-47.712256941045865
30,500111122,1424,6.106741573033708,6.169739003898913,1.403818085263761,1.3202247191011236,0.08359336616263735,-6.331752841255085
30,500111123,1424,9.375702247191011,9.41924944172253,1.3637842644733835,1.2935393258426966,0.07024493863068693,-5.430444767106308
30,500111124,1424,8.856039325842696,8.604167811137762,2.38134507654036,2.4396067415730336,-0.058261665032673715,2.388158060061237
30,500111125,1424,8.332162921348315,8.374035385422323,0.8099563595138739,0.785814606741573,0.024141752772300906,-3.072194454669928
30,500111126,1424,6.344803370786517,6.5515270535630235,1.0021447306595341,0.9143258426966292,0.08781888796290493,-9.604769313300816
30,500111127,1424,10.532303370786517,10.250042734703218,1.7425001499753145,1.7598314606741574,-0.01733131069884286,0.9848278705168488
30,500111128,1424,7.1875,7.262059663265023,1.5511794696375056,1.5126404494382022,0.03853902019930344,-2.54779780704773
30,500111129,1424,8.197331460674157,8.31101091494449,1.6005890901283668,1.5035112359550562,0.09707785417331061,-6.456742846464002
30,500111130,1424,11.317415730337078,11.18218717106924,1.2472215842478662,1.2155898876404494,0.031631696607416826,-2.6021684557459017
30,500111131,1424,8.041432584269662,8.141852342365139,1.0834387456453054,0.9873595505617978,0.0960791950835076,-9.730922745299774
30,500111132,1424,17.42626404494382,17.478522288455036,1.6519020424241293,1.6390449438202248,0.012857098603904493,-0.784426238730077
30,500111133,1424,8.46629213483146,8.794420496842212,2.0983041402221287,2.0751404494382024,0.023163690783926327,-1.11624689259936
30,500111134,1424,10.6313202247191,10.590547987578024,1.3125315818756143,1.2584269662921348,0.054104615583479454,-4.299384631187206
30,500111135,1424,7.195224719101123,7.323320024598287,1.3289300530997636,1.285814606741573,0.043115446358190646,-3.3531619669067987
30,500111136,1424,4.214185393258427,4.577965785990257,0.5717977220170454,0.3693820224719101,0.20241569954513527,-54.79847075138263
30,500112001,1424,14.6313202247191,14.292675290772074,2.643826349122533,2.61938202247191,0.024444326650622905,-0.9332096823186868
30,500112002,1424,7.636938202247191,7.520277639347887,1.9759838118099033,2.032303370786517,-0.05631955897661345,2.7712181058292176
30,500112003,1424,10.789325842696629,10.762143680068915,2.130620621463846,2.0969101123595504,0.03371050910429574,-1.6076277617051955
30,500112004,1424,8.924157303370787,8.981531033406771,1.2225799034884701,1.223314606741573,-0.0007347032531028752,0.06005840599417304
30,500112005,1424,16.246488764044944,16.102572668907566,0.8217396556591132,0.7366573033707865,0.08508235228832672,-11.549787384039778
30,500112006,1424,22.985955056179776,23.082398766118086,2.4758512803223645,2.779494382022472,-0.30364310170010755,10.924400627108467
30,500112007,1424,18.87570224719101,18.923297873337557,5.117783358110351,5.38623595505618,-0.2684525969458287,4.984048214483182
30,500112008,1424,17.58567415730337,17.681361612836827,2.0948486982045216,2.217696629213483,-0.12284793100896163,5.539438054362297
30,500112009,1424,23.26193820224719,23.509317122742072,3.0673583719333664,3.3707865168539324,-0.303428144920566,9.00170163264346
30,500112010,1424,13.709269662921349,14.12657353107658,4.618936039625849,5.091994382022472,-0.47305834239662303,9.290236926945127
30,500112011,1424,16.666432584269664,16.480006605347622,4.693671803449357,4.922050561797753,-0.22837875834839583,4.639910855872673
30,500112012,1424,9.839185393258427,9.838112755197724,3.362081875361367,3.5252808988764044,-0.16319902351503757,4.629390627199472
30,500112013,1424,6.685393258426966,6.749616955102202,2.233957070600173,1.928370786516854,0.305586284083319,-15.846863384364392
30,500112014,1424,5.571629213483146,5.976180819329531,2.6222360786625707,2.605337078651685,0.016899000010885512,-0.6486300812803496
30,500112015,1424,10.1811797752809,10.877691862689058,2.7266384952931473,2.6144662921348316,0.11217220315831566,-4.290443655585321
30,500112016,1424,13.411516853932584,13.497836707679472,3.098031879128444,3.140449438202247,-0.04241755907380318,1.3506843497561656
30,500112017,1424,14.841994382022472,15.114698785608969,3.0312358947043974,3.0610955056179776,-0.029859610913580248,0.9754550571447184
30,500112018,1424,10.524578651685394,10.694778290131215,3.416706100232592,3.4985955056179776,-0.08188940538538558,2.3406365569809124
30,500112019,1424,4.501404494382022,4.789745481759313,2.2717409855221704,2.316011235955056,-0.04427025043288557,1.911486859200396
30,500112020,1424,6.256320224719101,6.577532489045853,1.8936027739390415,1.8834269662921348,0.010175807646906732,-0.54028150966425
30,500112021,1424,5.957162921348314,6.113630370613124,2.1336463578640994,2.256320224719101,-0.12267386685500181,5.436899670137646
30,500112022,1424,14.5688202247191,14.999088784302241,3.099076388518642,3.2478932584269664,-0.14881686990832454,4.58195076215036
30,500112023,1424,15.472612359550562,15.645448572198886,2.580421172499504,2.5884831460674156,-0.008061973567911718,0.31145551711085967
30,500112024,1424,13.923455056179776,13.72787059582573,3.211365574489465,3.3349719101123596,-0.12360633562289447,3.706368118066998
30,500112025,1424,16.042837078651687,16.028595050935248,3.508472676662259,3.8433988764044944,-0.3349261997422355,8.714323194462695
30,500112026,1424,27.7563202247191,27.03609724430436,4.077576179921907,4.075842696629214,0.0017334832926936272,-0.04253067210192497
30,500112027,1424,13.549859550561798,13.696956942080737,2.5660393580456313,2.4691011235955056,0.09693823445012573,-3.926053636432851
30,500112028,1424,17.974719101123597,17.92704584242653,2.0615427196068135,2.056179775280899,0.005362944325914665,-0.2608207896209864
30,500112029,1424,26.889044943820224,26.528583575563413,3.9103496129365665,4.327247191011236,-0.41689757807466954,9.63424458257594
30,500112030,1424,15.577247191011235,15.349404129063535,3.608813178033144,3.6952247191011236,-0.08641154106797977,2.338465117461102
30,500112031,1424,10.474016853932584,10.439104737116292,3.230438655757569,3.240168539325843,-0.009729883568273756,0.30028942785482937
30,500112032,1424,26.338483146067414,25.811372459760236,4.002647370478336,4.124297752808989,-0.12165038233065317,2.9496023231542674
30,500112033,1424,16.91502808988764,17.1369505679462,2.170493095450874,2.335674157303371,-0.16518106185249692,7.072093568188683
30,500112035,1424,19.718398876404493,20.140625969629706,4.368291623725571,4.61938202247191,-0.25109039874633954,5.435584186907684
30,500112036,1424,7.466292134831461,7.527439664609241,2.4582234000638667,2.404494382022472,0.05372901804139474,-2.2345245820953887
30,500112037,1424,31.496488764044944,30.977546098901,2.761207632124737,2.80688202247191,-0.0456743903471728,1.6272287178977751
30,500112038,1424,11.910112359550562,11.773381077212433,4.018419702753337,4.089185393258427,-0.07076569050509018,1.7305571574660557
30,500112039,1424,12.981039325842696,13.266502598374384,2.755613701602449,2.8054775280898876,-0.0498638264874387,1.7773739403782907
30,500112040,1424,18.469101123595507,17.818705892877567,3.8273603487921015,3.8637640449438204,-0.0364036961517189,0.9421821759368905
30,500112042,1424,8.338483146067416,7.943707596610312,1.7924870195191815,1.466994382022472,0.32549263749670954,-22.18772215391644
30,500112043,1424,28.96629213483146,28.338892512509762,3.9477182081026907,3.879915730337079,0.06780247776561188,-1.7475244948096165
30,500112044,1424,11.865870786516854,11.66511296631275,2.4811941818727314,2.55688202247191,-0.07568784059917855,2.960161631783308
30,500112045,1424,9.160112359550562,9.007467169803844,2.532997780325624,2.6622191011235956,-0.12922132079797155,4.853895036040925
30,500112046,1424,15.410112359550562,15.198297102057937,4.016199270062467,4.313202247191011,-0.2970029771285443,6.885904256448177
30,500112047,1424,12.106741573033707,11.991438576189822,1.931119705559677,1.9129213483146068,0.01819835724507013,-0.9513384991549142
30,500112048,1424,10.422050561797754,9.927111534441798,2.148983880505686,2.1706460674157304,-0.0216621869100444,0.9979603416338798
30,500112049,1424,14.928370786516854,14.99232349315487,4.6514889743216,4.895365168539326,-0.24387619421772566,4.981777371482447
30,500112050,1424,15.694522471910112,15.609753555399276,2.9077588045596796,2.904494382022472,0.0032644225372076008,-0.11239211056536808
30,500112051,1424,15.992275280898877,15.69686354094916,3.9410359015569374,4.167134831460674,-0.22609892990373703,5.425764681208653
30,500112052,1424,12.28441011235955,12.141782751466472,2.675200017813949,2.720505617977528,-0.04530560016357921,1.6653374969782342
30,500112053,1424,8.347612359550562,8.416000173464528,1.6631759965238662,1.6573033707865168,0.0058726257373493684,-0.3543482648298941
30,500112054,1424,16.644662921348313,16.62703705008495,3.1653285254641235,3.1474719101123596,0.01785661535176386,-0.5673320004665715
30,500112055,1424,10.617275280898877,10.829036553549033,1.8136335567070283,1.8258426966292134,-0.012209139922185086,0.6686852018919832
30,500112056,1424,7.800561797752809,8.085048814961736,2.69562681322673,2.625702247191011,0.06992456603571862,-2.663080557230899
30,500112057,1424,9.192415730337078,9.344654839926287,2.8141410027590603,2.895365168539326,-0.0812241657802657,2.805316809873838
30,500112058,1424,8.853932584269662,8.806404992725117,2.4121321612904096,2.3672752808988764,0.04485688039153324,-1.8948738557562543
30,500112059,1424,9.332865168539326,9.11552914585353,2.6900606170038834,2.8405898876404496,-0.15052927063656618,5.299225745030166
30,500112060,1424,11.132724719101123,10.853443945783606,3.257587389170933,3.360252808988764,-0.10266541981783117,3.055288564693659
30,500112061,1424,8.173455056179776,7.971174594030531,2.583291525259473,2.7542134831460676,-0.1709219578865948,6.205835492873814
30,500112062,1424,10.299859550561798,9.95962993658117,1.8100219840177045,1.7219101123595506,0.08811187165815393,-5.11710054001677
30,500112063,1424,10.947331460674157,10.512826664029479,2.634101803992731,2.648174157303371,-0.01407235331063994,0.5313983323879945
30,500112064,1424,20.258426966292134,20.046080205194677,4.364967661367848,4.625702247191011,-0.26073458582316356,5.636648705210034
30,500112065,1424,19.884831460674157,19.776569639259755,3.9094299167246414,4.252808988764045,-0.34337907203940343,8.074171046633266
30,500112066,1424,19.543539325842698,19.500541726066153,2.9440154025717375,3.268258426966292,-0.32424302439455444,9.920972641552332
30,500112067,1424,14.991573033707866,14.673467440691276,3.0149247476466554,3.122191011235955,-0.1072662635892998,3.4356086223833313
30,500112068,1424,18.757022471910112,18.568830997236876,3.2819509188540414,3.394662921348315,-0.11271200249427338,3.320270822338545
30,500112069,1424,13.696629213483146,13.674041529069552,2.41033921941707,2.480337078651685,-0.06999785923461532,2.8221107460388515
30,500112070,1424,12.14747191011236,11.919991222612714,4.103759186811218,4.253511235955056,-0.14975204914383777,3.5206689447057125
30,500112071,1424,14.339185393258427,14.230520835411255,3.656552659688634,3.6987359550561796,-0.042183295367545615,1.1404786900205992
30,500112072,1424,14.018960674157304,14.258220996582425,2.8876889180711722,3.0273876404494384,-0.1396987223782662,4.6144973478694284
30,500112073,1424,10.07935393258427,10.256958751596718,2.5091049655729014,2.436797752808989,0.07230721276391261,-2.967304639072379
30,500112075,1424,6.888342696629214,7.169498003077329,2.3185841252542896,2.2956460674157304,0.022938057838559178,-0.9991983591957255
30,500112076,1424,9.85884831460674,10.516512394517822,3.8698498402307955,3.892556179775281,-0.02270633954448531,0.5833272147094909
30,500112078,1424,8.956460674157304,9.153576920016944,2.5155518539169663,2.6228932584269664,-0.10734140451000007,4.092480857355826
30,500112079,1424,9.767556179775282,9.651555932098447,1.8649287828366514,1.8300561797752808,0.03487260306137063,-1.9055482256098153
30,500112080,1424,11.475421348314606,11.56653002972871,2.3410052040657146,2.4094101123595504,-0.06840490829383583,2.839072847870074
30,500112081,1424,19.52317415730337,19.80905346618401,5.720882450724565,5.528792134831461,0.192090315893104,-3.4743631377083712
30,500112082,1424,21.646769662921347,21.823048183205543,5.36175124051889,5.967696629213483,-0.6059453886945931,10.153756572147572
30,500112083,1424,6.759831460674158,7.0679758847077085,2.3146022947506144,2.386938202247191,-0.07233590749657681,3.030489328482653
30,500112084,1424,8.834269662921349,9.332853949982319,1.8069743320151865,1.6601123595505618,0.14686197246462473,-8.846507986024772
30,500112085,1424,27.655898876404493,27.761591420793444,4.476171499853109,4.34691011235955,0.12926138749355864,-2.9736383811119147
30,500112086,1424,7.802668539325842,7.825635892621038,1.4508671497571963,1.410814606741573,0.04005254301562333,-2.8389657169859444
30,500112087,1424,7.39817415730337,7.625338456735154,2.337519594119864,2.4627808988764044,-0.12526130475654051,5.08617330976087
30,500112088,1424,5.490168539325842,5.531597329695195,1.8146502503602224,1.8497191011235956,-0.03506885076337318,1.8959014231983071
30,500112089,1424,6.533707865168539,6.800126215492397,2.064550107665936,2.047752808988764,0.016797298677171835,-0.820279606182877
30,500112090,1424,3.5898876404494384,4.156059787673631,1.783734515192081,1.6952247191011236,0.08850979609095733,-5.221124674131037
30,500112091,1424,3.1088483146067416,3.3214586838965143,1.068598808214343,1.026685393258427,0.04191341495591594,-4.08240101896199
30,500112092,1424,8.224016853932584,8.335826314341752,1.6120540408513995,1.5912921348314606,0.02076190601993888,-1.3047199546510577
30,500112093,1424,4.838483146067416,5.144538133352636,2.479840585329977,2.592696629213483,-0.11285604388350601,4.352844162787447
30,500112094,1424,6.535814606741573,6.4742721785268476,2.0652787887421282,2.0308988764044944,0.03437991233763382,-1.692842156597184
30,500112095,1424,8.835674157303371,8.961023372721046,1.7797024527904832,1.8307584269662922,-0.05105597417580898,2.788788155978212
30,500112096,1424,18.365870786516854,18.087205308703517,2.791207361319179,2.666432584269663,0.12477477704951623,-4.6794649069926555
30,500112097,1424,9.099719101123595,8.927713910638237,2.4879610795892035,2.499297752808989,-0.011336673219785265,0.4535943429326838
30,500112098,1424,7.07373595505618,6.88831073655111,1.3804432207575805,1.3125,0.06794322075758052,-5.176626343434707
30,500112099,1424,13.484550561797754,13.016166126242892,2.9637514066139605,3.028792134831461,-0.06504072821750029,2.1474147225068494
30,500112100,1424,20.030898876404493,19.908843709606153,2.040282727354773,2.2759831460674156,-0.2357004187126428,10.35598260557863
30,500112101,1424,6.636938202247191,6.720661681403698,1.8267774027701253,1.8546348314606742,-0.027857428690548858,1.5020438642688971
30,500112102,1424,8.723314606741573,8.613238594216421,2.2686777297551757,2.2900280898876404,-0.02135036013246472,0.9323187006632861
30,500112103,1424,11.44311797752809,11.472991080074765,3.1347969682944523,3.0168539325842696,0.11794303571018272,-3.9094712023114573
30,500112104,1424,8.452247191011235,8.384703332491611,3.221492532158277,3.208567415730337,0.012925116427939809,-0.4028313809014289
30,500112105,1424,9.19311797752809,9.054090998246782,2.8025725198944067,2.851123595505618,-0.0485510756112113,1.7028751642947018
30,500112106,1424,6.373595505617978,6.337930364829635,1.5217758263936088,1.5189606741573034,0.0028151522363053516,-0.18533410931571062
30,500112107,1424,8.468398876404494,8.494588501325573,2.390490989005796,2.5941011235955056,-0.20361013458970945,7.848966747583819
30,500112108,1424,10.521769662921349,10.510119485309012,1.1135961985419007,1.0280898876404494,0.08550631090145133,-8.317007289867945
30,500112109,1424,8.98314606741573,8.991455409629046,2.7142480766320145,2.859550561797753,-0.1453024851657383,5.081304982220318
30,500112110,1424,16.23876404494382,16.174480157329093,3.400189998604984,3.541432584269663,-0.14124258566467862,3.9882895496034574
30,500112111,1424,6.883426966292135,7.152960675885547,1.6731315670729843,1.6952247191011236,-0.02209315202813933,1.303258015247324
30,500112112,1424,6.243679775280899,6.3063332101425305,1.598544795418529,1.4360955056179776,0.1624492898005514,-11.31187230689414
30,500112113,1424,8.448033707865168,8.105517164383974,1.987031847466055,1.940308988764045,0.046722858702010095,-2.40801124834102
30,500112114,1424,6.51685393258427,6.644574616573476,1.643176591192371,1.5758426966292134,0.06733389456315764,-4.272881722724442
30,500112115,1424,10.299157303370787,9.97941622078663,2.8557424853683218,2.8532303370786516,0.0025121482896701686,-0.0880457584171873
30,500112116,1424,9.294241573033707,9.219858928765364,2.6107218542399258,2.648174157303371,-0.03745230306344505,1.4142688825867342
30,500112117,1424,9.924859550561798,9.807613083381192,2.1748038888862418,2.023876404494382,0.15092748439185977,-7.457346904025271
30,500112118,1424,7.193820224719101,7.461042612077819,2.186285787438645,2.196629213483146,-0.01034342604450078,0.47087719588775934
30,500112119,1424,16.867977528089888,16.97669676193264,3.3254822427862014,3.5547752808988764,-0.22929303811267499,6.450282225848462
30,500112120,1424,5.72682584269663,6.040698563395457,0.897455987043265,0.7514044943820225,0.1460514926612425,-19.43713322893545
30,500112123,1424,7.886938202247191,7.760692681288077,1.8459322414704329,1.759129213483146,0.0868030279872869,-4.934431610933994
30,500112124,1424,5.174157303370786,5.538865010199646,1.6505647032282302,1.4845505617977528,0.16601414143047744,-11.18278795633869
30,500112125,1424,9.757724719101123,9.872183976473616,2.3732315941460618,2.326544943820225,0.046686650325836965,-2.006694538605247
30,500112127,1424,9.127106741573034,9.050704718199897,2.3632392655871484,2.4269662921348316,-0.06372702654768325,2.6257895197888006
30,500112128,1424,9.356741573033707,9.357869606422526,2.818995278897215,2.8771067415730336,-0.05811146267581879,2.019788207233731
30,500112129,1424,9.211376404494382,8.97943941702755,2.23658874616579,2.3672752808988764,-0.13068653473308656,5.520546587360286
30,500112130,1424,10.138342696629213,10.418831220002275,1.4716876196657231,1.401685393258427,0.07000222640729614,-4.99414681382714
30,500112132,1424,12.561797752808989,12.853623138930631,2.18935587891936,2.226825842696629,-0.0374699637772693,1.6826625171501572
30,500112133,1424,4.927668539325842,5.148846796429505,1.801816999743978,1.8518258426966292,-0.05000884295265129,2.700515448030923
30,500112134,1424,8.768258426966293,9.017534827107358,2.5673345040383735,2.660814606741573,-0.09348010270319973,3.5132136777343996
30,500112135,1424,26.718398876404493,26.020451014251808,3.847275524956643,3.654494382022472,0.1927811429341708,-5.275179622180231
30,500112136,1424,18.41432584269663,18.40046439272514,2.1310767558440666,2.2773876404494384,-0.14631088460537178,6.424505077954036
30,500113001,1424,6.389747191011236,6.4327539192881416,1.8425767971097204,1.9389044943820224,-0.09632769727230195,4.968150703214704
30,500113002,1424,8.09058988764045,7.990483817411083,2.216882912767555,2.2872191011235956,-0.07033618835604072,3.0751836726743007
30,500113003,1424,4.643960674157303,4.684853609913174,1.5529828474568916,1.5540730337078652,-0.0010901862509735682,0.07015025853530778
30,500113004,1424,9.485955056179776,9.524327478517096,1.8442788467437279,1.8974719101123596,-0.05319306336863172,2.8033649976658612
30,500113005,1424,21.75070224719101,21.620707928735243,2.3073062790429177,2.4206460674157304,-0.11333978837281267,4.682212319201777
30,500113006,1424,7.447331460674158,7.602897003846311,1.2278553304490207,1.1790730337078652,0.04878229674115553,-4.137343094663816
30,500113007,1424,7.631320224719101,7.788745918261513,1.7502717543871789,1.7998595505617978,-0.04958779617461895,2.75509253814504
30,500113008,1424,12.956460674157304,13.238353728710365,2.5056407979078097,2.5259831460674156,-0.020342348159605894,0.8053239860794772
30,500113009,1424,7.424157303370786,7.730604443816963,1.2375800645210324,1.1558988764044944,0.08168118811653802,-7.066464877153714
30,500113010,1424,4.825140449438202,5.195233869572902,1.3049110016810472,1.1882022471910112,0.11670875449003604,-9.822297068192158
30,500113013,1424,7.355337078651686,7.56424548428984,1.8740905006554003,1.985252808988764,-0.11116230833336371,5.599403150573396
30,500113015,1424,3.197331460674157,3.480650852705807,1.4441302663884896,1.4712078651685394,-0.027077598780049783,1.840501224954219
30,500113016,1424,4.44873595505618,4.647240414985703,1.3609506818170234,1.3532303370786516,0.007720344738371798,-0.5705122422128408
30,500113017,1424,10.847612359550562,10.970202991597127,1.8840214448075125,1.8693820224719102,0.014639422335602337,-0.7831156050299671
30,500113018,1424,5.497191011235955,5.444776682956602,1.477753160224463,1.5365168539325842,-0.05876369370812129,3.824474398554146
30,500113019,1424,10.924859550561798,10.870565671417387,2.876888188757867,3.076544943820225,-0.19965675506235803,6.489642072786986
30,500113020,1424,7.595505617977528,7.584145324953488,2.066976924693346,2.160814606741573,-0.0938376820482274,4.342699357708021
30,500113022,1424,17.8686797752809,17.56410232846163,4.367468785155851,4.542837078651686,-0.1753682934958345,3.860325397094888
30,500113023,1424,16.06741573033708,16.322572309691783,2.3643671868934693,2.2808988764044944,0.08346831048897485,-3.6594480953294393
30,500113025,1424,8.6938202247191,8.83214188648959,2.3608096882251632,2.417837078651685,-0.05702739042652194,2.3586117910940243
30,500113026,1424,10.385533707865168,10.397903880292072,1.7051067993444844,1.6432584269662922,0.061848372378192185,-3.7637641994250286
30,500113027,1424,11.098314606741573,10.983921661467827,2.2723141944014764,2.38061797752809,-0.1083037831266136,4.549397851690199
30,500113028,1424,6.507022471910112,6.718124715712299,1.3898731724883306,1.434691011235955,-0.04481783874762435,3.1238669787869346
30,500113029,1424,11.086376404494382,10.878473992133303,1.570292872304347,1.5519662921348314,0.018326580169515605,-1.1808619982529514
30,500113030,1424,12.951544943820224,12.8110180179844,2.5094802868195147,2.3286516853932584,0.18082860142625634,-7.765377817581093
30,500113031,1424,5.15941011235955,5.515524020201494,1.6205471336774644,1.6811797752808988,-0.0606326416034344,3.606553117931938
30,500113032,1424,9.642556179775282,9.370756618049612,1.4884616895162746,1.4002808988764044,0.08818079063987017,-6.297364386718914
30,500113033,1424,7.78932584269663,7.953673503805077,1.3939224384781208,1.3742977528089888,0.019624685669132003,-1.4279791718366874
30,500113034,1424,25.247893258426966,24.9957036231999,3.5372168730003617,3.681179775280899,-0.1439629022805371,3.9107816262396953
30,500113035,1424,15.132724719101123,15.11922838060158,3.1423052337144797,3.125702247191011,0.016602986523468477,-0.5311762033120447
30,500113036,1424,14.557584269662922,14.464691240558325,2.0148208242347083,1.9543539325842696,0.060466891650438725,-3.0939580923544647
30,500113037,1424,7.278792134831461,7.291357772870043,1.614331350658313,1.615870786516854,-0.001539435858540994,0.09526973761679162
30,500113038,1424,14.854634831460674,15.190732138136815,4.378262131668013,4.344101123595506,0.034161008072507215,-0.7863769074563575
30,500113039,1424,10.597612359550562,10.509066034744707,3.9674237891647484,4.075140449438202,-0.10771666027345406,2.643262523339627
30,500113041,1424,6.253511235955056,6.931733992007696,1.6651239920280827,1.4831460674157304,0.1819779246123523,-12.269723704923754
30,500113042,1424,27.297050561797754,26.439332505971983,3.9666854089285195,4.073033707865169,-0.10634829893664932,2.611034098030838
30,500113043,1424,25.132724719101123,24.956061181078454,2.8539090541303964,3.028792134831461,-0.1748830807010644,5.774020563837601
30,500113044,1424,30.793539325842698,30.2021658489612,3.5147226757302743,3.6713483146067416,-0.1566256388764673,4.266161242541879
30,500113046,1424,11.88693820224719,11.970576049528889,2.8694278199256895,2.8672752808988764,0.002152539026813116,-0.07507263223565705
30,500113047,1424,6.499297752808989,6.7463796616769205,1.9599426003987268,1.9501404494382022,0.009802150960524614,-0.5026382055378844
30,500113048,1424,4.417837078651686,4.759782458396491,1.611356451160037,1.5540730337078652,0.05728341745217169,-3.686018366556371
30,500113049,1424,9.367977528089888,9.311876917210569,2.661877900060773,2.672752808988764,-0.010874908927990923,0.4068804601539431
30,500113050,1424,8.372893258426966,8.191921066826673,2.4696468894747756,2.594803370786517,-0.12515648131174117,4.8233512689558715
30,500113051,1424,3.094803370786517,3.688199870854346,1.2919515811100644,1.1558988764044944,0.13605270470556996,-11.770294744880413
30,500113052,1424,4.510533707865169,4.851616772453848,1.5857276602433594,1.6207865168539326,-0.035058856610573175,2.1630767683473224
30,500113053,303,3.6303630363036303,4.006554781968748,0.8236042881808031,0.6534653465346535,0.17013894164614962,-26.036413797365316
30,500113054,1424,7.489466292134831,7.394493965335157,0.6747575961058576,0.577247191011236,0.09751040509462161,-16.892313485978242
30,500113055,1424,5.168539325842697,5.344257398922317,1.409309717902687,1.401685393258427,0.007624324644259994,-0.5439397942598313
30,500113056,1424,10.617275280898877,10.427717656142901,1.5385858207321148,1.565308988764045,-0.0267231680319302,1.7072136059878242
30,500113057,1424,18.030898876404493,17.483180226561018,2.2957281436920183,2.363061797752809,-0.0673336540607905,2.8494241718444484
30,500113058,1424,10.351825842696629,10.516862305589507,1.8536487184799624,1.886938202247191,-0.03328948376722862,1.7642063596774678
30,500113059,1424,11.460674157303371,11.203119500675946,2.160332324061568,1.839185393258427,0.32114693080314116,-17.461368058941314
30,500113060,1424,8.808988764044944,8.614965312042838,0.9444905348946957,0.9389044943820225,0.005586040512673196,-0.5949530059870329
30,500113061,1424,9.648876404494382,9.653298578630384,1.2873615744166238,1.2422752808988764,0.0450862935177474,-3.629331937211549
30,500113062,1424,4.712780898876405,4.94993325168732,1.5815491149195104,1.5639044943820224,0.017644620537488054,-1.1282415646781765
30,500113064,1424,12.154494382022472,12.001934636390557,3.1886725566526337,3.3082865168539324,-0.11961396020129866,3.615586485388438
30,500113065,1424,10.497191011235955,10.567650009529975,2.41336265632674,2.4332865168539324,-0.019923860527192527,0.8188045423007839
30,500113066,1424,12.57373595505618,12.78882869310962,1.733531813199234,1.7254213483146068,0.0081104648846273,-0.47005706128242875
30,500113069,1424,9.259831460674157,9.412333002305001,2.578260089929517,2.646067415730337,-0.06780732580082027,2.562569849797454
30,500113070,1424,5.101123595505618,5.473362012557805,0.9068949454900224,0.7162921348314607,0.19060281065856166,-26.609647291940373
30,500113071,1424,5.521769662921348,5.398381486186331,1.1425360846726327,0.9824438202247191,0.16009226444791358,-16.295309833726158
30,500113072,1424,5.227528089887641,5.210707306572232,1.3166270763718635,1.3089887640449438,0.007638312326919694,-0.5835277228290582
30,500113073,1424,9.990168539325843,9.983202216324143,2.017079236811183,2.0842696629213484,-0.06719042611016546,3.223691603129232
30,500113074,1424,5.20435393258427,5.294705446749928,1.514521623225258,1.5632022471910112,-0.04868062396575312,3.1141603111964264
30,500113075,1424,5.428370786516854,5.578100814819496,1.5467214482120881,1.5800561797752808,-0.033334731563192666,2.109718122043838
30,500113077,1424,6.299859550561798,6.3108032276889965,1.699995101327744,1.6762640449438202,0.0237310563839237,-1.415711113980199
30,500113078,1424,7.487359550561798,7.560605457128931,1.804103565115681,1.8068820224719102,-0.0027784573562292803,0.15377082297980937
30,500113079,1424,8.549157303370787,8.650587685697271,2.2919390336966874,2.3876404494382024,-0.09570141574151503,4.008200471056393
30,500113080,1424,5.115870786516854,5.345310573347976,0.8706078573857737,0.7900280898876404,0.08057976749813334,-10.199607903763722
30,500113081,1424,12.1811797752809,12.142212674601325,2.1340200009304655,1.783005617977528,0.3510143829529375,-19.686667243993032
30,500113083,1424,3.842696629213483,4.00995265139166,0.9586785252698108,0.8883426966292135,0.07033582864059729,-7.9176458485541925
30,500113085,1424,4.936797752808989,5.239798442351655,1.4173804061361417,1.3967696629213484,0.02061074321479328,-1.4756007208580004
30,500113086,1424,6.453651685393258,6.679816390806401,1.9062754530674053,1.9417134831460674,-0.035438030078662086,1.8250905906696133
30,500113087,1424,9.603932584269662,9.434831603282113,2.0876564730802523,2.2134831460674156,-0.12582667298716332,5.684555277085044
30,500113088,1424,7.830758426966292,7.813400767260448,2.1486161918381614,2.273174157303371,-0.12455796546520936,5.47947305599191
30,500113089,1424,5.931179775280899,6.278872959994275,1.6541573435890493,1.5042134831460674,0.1499438604429819,-9.968256641961077
30,500113090,1424,8.452247191011235,8.629716385588972,2.2867317512439316,2.2429775280898876,0.04375422315404398,-1.9507205313512408
30,500113091,1424,7.458567415730337,7.479792687785927,2.064824404852725,2.201544943820225,-0.13672053896749992,6.210208851346726
30,500113092,1424,5.121488764044944,5.256231782133487,0.8927751075868668,0.7542134831460674,0.13856162444079945,-18.37167162045609
30,500113093,1424,9.275280898876405,9.225243493994435,1.4132147783905797,1.4234550561797752,-0.010240277789195451,0.7193959334886197
30,500113094,1424,4.252808988764045,4.556638112013415,2.290012951309045,2.417837078651685,-0.12782412734264037,5.286713834909088
30,500113095,1424,8.023174157303371,8.050630148081677,3.3560276216796403,3.456460674157303,-0.10043305247766288,2.905661656403737
30,500113096,1424,6.473314606741573,6.555064148793344,0.9409276737423147,0.889747191011236,0.05118048273107867,-5.752249992822101
30,500113097,1424,15.591994382022472,15.32241667752581,1.9382546690630484,1.978932584269663,-0.04067791520661457,2.055548305685562
30,500113098,1424,4.438904494382022,4.800312551739113,1.5120921861332337,1.449438202247191,0.06265398388604271,-4.322639198339381
30,500113099,1424,6.400280898876405,6.430168356499408,2.0390278160294857,2.0554775280898876,-0.01644971206040191,0.800286640724712
30,500113100,1424,3.268960674157303,3.630180272118734,0.5835384686593398,0.3574438202247191,0.22609464843462068,-63.25319830469545
30,500113101,1424,7.833567415730337,7.883757585957346,1.4879563079452423,1.502808988764045,-0.014852680818802755,0.9883279199053795
30,500113102,1424,15.001404494382022,14.685745979562487,2.576340271876757,2.6797752808988764,-0.10343500902211922,3.85983891109795
30,500113103,1424,7.661516853932584,7.985174497944457,2.379556601493812,2.2963483146067416,0.08320828688707049,-3.623504603277932
30,500113104,1424,3.288623595505618,3.7954214770256622,1.2672311740693496,1.0912921348314606,0.175939039237889,-16.122084419224837
30,500113105,1424,5.030898876404494,5.230011100559448,0.6321739657875656,0.5561797752808989,0.07599419050666667,-13.66360192948148
30,500119005,1424,14.564606741573034,14.498284417930627,2.6879183591561313,2.621488764044944,0.06642959511118729,-2.5340408100276104
30,500119006,1424,19.412219101123597,19.801197664312166,2.904007719608322,3.211376404494382,-0.3073686848860602,9.571244418931766
30,500119007,1424,7.759831460674158,8.155903748754376,1.6649704002058465,1.5154494382022472,0.14952096200359932,-9.8664434612199
30,500119008,1424,3.5667134831460676,3.722518496835009,0.9187616142254128,0.824438202247191,0.0943234119782218,-11.440931742503224
30,500119009,1424,13.853230337078651,13.65418489898677,2.7793352129246705,2.658707865168539,0.12062734775613126,-4.537066645661144
30,500119043,1424,19.524578651685392,19.50159819058422,3.2361294214770226,3.188202247191011,0.047927174286011454,-1.503266435755073
30,500119044,1424,5.122893258426966,5.420920606444791,2.3025931353740066,2.1418539325842696,0.16073920278973697,-7.504676222051981
30,500119045,1424,10.10884831460674,10.223736368559791,3.5341119299239785,3.417837078651685,0.11627485127229331,-3.4020009905844604
30,500119046,1424,7.719101123595506,7.934252540855413,3.5414705433994778,3.4269662921348316,0.11450425126464614,-3.341271594279838
30,500119047,1424,9.021067415730338,9.103566139542489,2.8350788806680396,2.701544943820225,0.13353393684781478,-4.942873045783422
30,500119048,1424,14.6938202247191,14.564889451686229,3.2129409947280143,3.070926966292135,0.1420140284358795,-4.6244677908230605
30,500119049,1424,11.30056179775281,11.140901070172031,3.2668073959362953,2.913623595505618,0.3531838004306773,-12.121806021048073
30,500119050,1424,7.783005617977528,8.038245843602683,3.28411000212534,3.278792134831461,0.005317867293879175,-0.16218982708254326
30,500119051,1424,6.575842696629214,6.731684609041484,2.3430548970648473,2.381320224719101,-0.038265327654253944,1.6068955051506226
30,500119052,1424,13.234550561797754,13.07730919756092,4.1003361479141684,4.042837078651686,0.05749906926248283,-1.42224552075344
30,500119053,1424,10.678370786516854,10.96929593947613,3.4248006344230366,3.428370786516854,-0.0035701520938173914,0.10413553014330121
30,500119054,1424,8.798455056179776,8.85608397401455,3.0293039600029252,2.761938202247191,0.267365757755734,-9.68036712545551
30,500119055,1424,7.099719101123595,7.224307140913749,3.536758281199612,3.679073033707865,-0.14231475250825332,3.868223087836471
30,500119056,1424,2.142556179775281,2.5609269538601023,1.4948596268116405,1.4873595505617978,0.007500076249842724,-0.5042544183085949
30,500119057,1424,5.349719101123595,6.076108759999357,2.4486116746066577,2.223314606741573,0.22529706786508452,-10.133386754260275
30,500119058,1424,10.02879213483146,9.87448732994324,5.072225741528301,5.030898876404494,0.04132686512380701,-0.8214608589656781
30,500119059,1424,8.018960674157304,8.65049371241542,4.2870683294150975,4.355337078651686,-0.0682687492365881,1.56747337815062
30,500119060,1424,2.039325842696629,2.56416351865215,1.6045371476130557,1.4129213483146068,0.19161579929844885,-13.561674860884251
30,500119061,1424,4.936095505617978,5.555792863064495,2.801725396864674,2.669241573033708,0.1324838238309658,-4.963350832288747
30,500119062,1424,2.4648876404494384,2.857323266484306,1.1996226429798398,1.0625,0.13712264297983978,-12.905660515749627
30,500119063,1424,3.321629213483146,3.8855229115646357,1.7408286954406285,1.6018258426966292,0.13900285274399926,-8.677775638204952
30,500119064,1424,11.148174157303371,11.074761673497962,3.1210213214621696,3.0344101123595504,0.08661120910261921,-2.854301359919689
30,500119065,1424,1.821629213483146,2.4056532203393153,1.3840575220427243,1.1734550561797752,0.21060246586294906,-17.947211932306374
30,500119066,1424,6.004213483146067,6.031707271266265,2.8774922075327978,2.875,0.0024922075327977744,-0.08668547940166171
30,500119067,1424,9.861657303370787,9.978598382508478,3.100679733126803,3.054073033707865,0.04660669941893758,-1.5260505857109017
30,500119068,1424,12.558988764044944,12.490083301411454,4.095933854450871,4.070224719101123,0.02570913534974828,-0.6316392121815313
30,500119069,1424,11.3686797752809,11.290534441055085,2.7505609838200376,2.848314606741573,-0.09775362292153567,3.4319812386653545
30,500119070,1424,15.1313202247191,15.305270923793183,4.382219973453312,4.462078651685394,-0.07985867823208181,1.7897191973950974
30,500119071,1424,16.46629213483146,15.95844188671369,4.543079202410668,4.669241573033708,-0.1261623706230397,2.701988506049158
30,500119072,1424,4.442415730337078,4.4122457553242835,1.7693711971097708,1.6046348314606742,0.16473636564909655,-10.266283793624222
30,500119074,1424,4.621488764044944,5.216829067793964,2.4904326585571743,2.3012640449438204,0.1891686136133539,-8.220204631840584
30,500119075,1424,9.941713483146067,10.300434370434314,5.263851104353276,5.566011235955056,-0.3021601316017799,5.42866549837162
30,500119076,1424,6.368679775280899,6.438975207640221,2.6994743073056293,2.600421348314607,0.09905295899102251,-3.8091118985475574
30,500119077,1424,31.61938202247191,31.18238988913839,7.3074413335298285,7.669943820224719,-0.3625024866948907,4.726273036564039
30,500119078,1424,2.4452247191011236,2.8544933322636603,1.5209174608794687,1.2703651685393258,0.25055229234014287,-19.722855958671282
30,500119079,1424,3.7183988764044944,4.153459360834494,2.3835404361740355,2.2612359550561796,0.12230448111785597,-5.408744755025681
30,500119080,1424,1.452247191011236,2.033539085695044,1.2978766454946842,1.0449438202247192,0.25293282526996497,-24.205399407555785
30,500119081,1424,6.332162921348314,6.619816426020919,2.4268527750246363,2.264044943820225,0.16280783120441145,-7.1910158695745
30,500119082,1424,4.115870786516854,4.818913364561478,2.4692647190866848,2.2485955056179776,0.22066921346870716,-9.813646470313522
30,500119083,1424,5.338483146067416,5.412841552793192,2.573701960760461,2.374297752808989,0.1994042079514724,-8.398449929692301
30,500119084,1424,10.698033707865168,10.976065507780632,3.76434314149395,3.645365168539326,0.11897797295462409,-3.263814939075028
30,500119085,1424,5.176966292134831,5.159574934973057,2.2046040642862166,1.8981741573033708,0.3064299069828458,-16.143403164764056
30,500119086,1424,10.126404494382022,10.597832254160998,4.1143684203043795,4.274578651685394,-0.1602102313810141,3.7479771560138664
30,500119087,1424,18.240870786516854,18.307847954506247,5.135445634933551,5.240168539325842,-0.10472290439229148,1.9984644311796178
30,500119088,1424,11.40308988764045,11.33995493309674,3.7520545760241886,3.778792134831461,-0.026737558807272244,0.7075689229056992
30,500119089,1424,8.065308988764045,8.070123092084962,2.7647891659765613,2.7092696629213484,0.055519503055212915,-2.0492424144796058
30,500119090,1424,14.467696629213483,14.0651330540713,7.281925101532334,7.452247191011236,-0.17032208947890215,2.285513149434194
30,500119091,1424,12.770365168539326,13.34182882190366,1.9736340472533298,1.7970505617977528,0.176583485455577,-9.826294774862902
30,500119092,1424,3.304073033707865,3.764736749011693,1.8258669161865948,1.5695224719101124,0.2563444442764824,-16.33263931318617
30,500119093,1424,5.958567415730337,6.464058200230295,2.1098985991322468,1.9192415730337078,0.19065702609853896,-9.933977503268185
30,500119094,1424,6.121488764044944,6.839517849550102,3.463643566662587,3.0014044943820224,0.4622390722805645,-15.400758982862046
30,500119095,1424,9.037921348314606,9.1583668833469,3.43353333656811,3.398174157303371,0.03535917926473919,-1.0405346408966443
30,500119096,1424,20.57443820224719,21.09690773807612,2.2157589419656243,2.5126404494382024,-0.29688150747257813,11.81551891115012
30,500119097,1424,15.70365168539326,15.771180677943828,4.504120561499769,4.53441011235955,-0.030289550859781578,0.6679931922615606
30,500119098,1424,19.96137640449438,19.45027507228214,7.052728850966889,7.308988764044944,-0.25625991307805496,3.5060925847727735
30,500119102,1424,12.260533707865168,12.15609858318387,4.816355558473578,4.742977528089888,0.07337803038369017,-1.547087877796488
30,500119099,1424,11.892556179775282,11.634793004518047,2.794109642087567,2.6032303370786516,0.19087930500891526,-7.3324016814862505
30,500119100,1424,8.469101123595506,8.448110538976508,2.676422352840751,2.3616573033707864,0.31476504946996453,-13.328142445591125
30,500119101,1424,14.019662921348315,13.938108067434875,4.174670092932158,4.184691011235955,-0.010020918303797366,0.23946614641059655
30,500119103,1424,10.052668539325843,10.127003291593443,3.2306691118381945,3.081460674157303,0.14920843768089131,-4.8421334379578225
30,500109139,1424,5.157303370786517,5.350963386717031,0.8733010182163308,0.6867977528089888,0.18650326540734197,-27.155485678942227
30,500112137,1424,6.175561797752809,6.056266927106273,1.27037086967966,1.2268258426966292,0.043545026983030866,-3.549405748359242
30,500101279,192,3.3177083333333335,3.8940810162395088,1.1965242438857255,1.0989583333333333,0.09756591055239228,-8.878035462587354
30,500104159,192,3.9166666666666665,4.450558729646757,1.0497791750118672,1.0833333333333333,-0.03355415832146602,3.0973069219814793
30,500105130,192,2.65625,3.2472113373594844,0.6914661798556468,0.2604166666666667,0.43104951318898016,-165.52301306456837
60,500101001,1418,11.819464033850494,11.27663734961951,4.6925908779381995,4.937940761636107,-0.24534988369790778,4.968668024616298
60,500101002,1418,8.746826516220029,8.551174526519434,3.8427211326298325,3.8110014104372354,0.03171972219259711,-0.832319875446016
60,500101003,1418,9.800423131170662,10.045808178092276,2.532176492210628,2.421015514809591,0.11116097740103692,-4.5915020668415485
60,500101004,1418,4.674894217207334,4.97893914231845,2.3741619745235294,2.4351198871650213,-0.06095791264149186,2.5032817875944238
60,500101005,1418,5.391396332863188,5.861299810508409,2.633669386674366,2.8251057827926656,-0.19143639611829943,6.776255858605807
60,500101006,1418,5.741184767277856,6.480745955442121,3.434053150798496,3.23836389280677,0.19568925799172598,-6.042843376138228
60,500101007,1418,3.6988716502115655,4.270106273877165,2.0503646110330256,1.966854724964739,0.08350988606828658,-4.245859392069931
60,500101008,1418,6.300423131170663,6.623750857182728,2.4018807727117095,2.3363892806770097,0.06549149203469984,-2.803107024002547
60,500101009,1418,5.07475317348378,5.404837221903843,2.9854434191665136,2.9880112834978845,-0.002567864331370906,0.08593891012234942
60,500101010,1418,5.777150916784203,6.074257221024291,3.865077018808046,3.7306064880112837,0.1344705307967624,-3.6045219786353324
60,500101012,1418,2.370944992947814,2.9714607590443367,1.544051382589556,1.4308885754583922,0.11316280713116389,-7.908568778313966
60,500101013,1418,2.765867418899859,3.3586387213071864,1.871787464597657,1.843441466854725,0.028345997742932116,-1.537667360347274
60,500101014,1418,3.8970380818053596,4.2735534419490975,2.380352166978369,2.573342736248237,-0.19299056926986768,7.499606117420455
60,500101015,1418,8.13540197461213,8.067854947888002,2.16517345492655,2.2348377997179125,-0.06966434479136252,3.1171991452872216
60,500101016,1418,2.274330042313117,2.9034076632979673,1.5358320155444694,1.5564174894217206,-0.020585473877251292,1.3226190284523034
60,500101018,1418,5.06064880112835,5.1789939280437745,2.0867418011428467,2.0867418899858956,-8.884304891765282e-08,4.257500620656698e-06
60,500101019,1418,10.234132581100141,10.291889646379378,3.4423711289713657,3.7877291960507757,-0.3453580670794101,9.117813053781484
60,500101021,1418,1.8772919605077574,2.570162857272135,1.5968600611341377,1.3385049365303243,0.2583551246038134,-19.301768529410296
60,500101022,1418,16.437235543018335,17.70205169051787,11.044151884090736,10.977433004231312,0.06671887985942426,-0.6077821639513272
60,500101023,1418,12.564174894217206,13.374436123093618,6.4214866880441965,6.854724964739069,-0.4332382766948726,6.320286793758532
60,500101024,1418,14.540902679830747,14.25142716363141,6.092326522054238,6.557827926657263,-0.46550140460302547,7.098408342048501
60,500101025,1418,20.482369534555712,20.461620596997932,9.662345948530609,10.653737658674189,-0.9913917101435796,9.305576520709579
60,500101026,1418,18.86459802538787,18.70282624680969,4.105108549019185,4.198871650211566,-0.09376310119238074,2.2330547109639887
60,500101027,1418,41.888575458392104,40.42905967123594,8.782368217737375,8.918194640338506,-0.13582642260113076,1.5230259943729512
60,500101028,1418,8.965444287729197,8.376581960187623,3.360252200290795,3.4760225669957685,-0.11577036670497343,3.330541286014452
60,500101029,1418,11.843441466854724,12.34597806421923,3.415650559030607,3.6459802538787023,-0.2303296948480953,6.317359908986443
60,500101030,1418,19.391396332863188,18.511842554733878,5.244696202926557,5.157968970380818,0.08672723254573889,-1.68142214588266
60,500101031,1418,11.188293370944994,10.489102730249604,3.8390272798061114,3.6262341325811,0.2127931472250113,-5.868157968982225
60,500101032,1418,32.93582510578279,31.583077263306482,8.663876865241676,9.703102961918194,-1.0392260966765186,10.710244967565254
60,500101033,1418,17.304654442877293,16.850275283121444,6.0105850721574745,6.612834978843441,-0.6022499066859668,9.107287700551359
60,500101034,1418,7.054301833568406,6.867318260432797,3.0184515319871092,2.903385049365303,0.11506648262180619,-3.9631836861239056
60,500101035,1418,8.413963328631876,8.551633273243175,3.486795371069534,3.494358251057828,-0.007562879988293858,0.21643115687993322
60,500101036,1418,4.794076163610719,5.330199365791314,2.333636388763438,2.03737658674189,0.29625980202154834,-14.541239157720858
60,500101037,1418,7.2679830747531735,7.4340874183257455,2.8372060463201665,2.684062059238364,0.15314398708180255,-5.705679812979401
60,500101038,1418,6.021861777150916,6.4668549296945175,3.133214631745683,2.98589562764457,0.1473190041011132,-4.933829660259295
60,500101039,1418,9.337799717912553,9.179021352587629,2.946134001920507,2.7898448519040904,0.15628915001641674,-5.602073172984806
60,500101040,1418,8.171368124118477,8.545046552089865,2.970316830622183,2.868124118476728,0.10219271214545511,-3.5630505488629294
60,500101041,1418,12.153737658674189,12.86254328181329,4.43972995609041,4.394217207334274,0.045512748756136645,-1.0357418991526524
60,500101042,1418,7.908321579689704,7.600084780608417,2.864242803115801,2.728490832157969,0.13575197095783187,-4.975350085763908
60,500101091,1418,13.821579689703809,13.605950965787333,3.52087016691559,3.306064880112835,0.214805286802755,-6.497310082899031
60,500101092,1418,10.270803949224259,10.20191906025943,2.8134676744848726,2.655148095909732,0.15831957857514034,-5.962740037703824
60,500101093,1418,3.5811001410437235,4.655203796925805,2.130997385900415,1.853314527503526,0.2776828583968889,-14.983040076361814
60,500101094,1418,9.693229901269394,9.391172214596358,3.3228405870747757,3.5289139633286317,-0.20607337625385602,5.839569295123259
60,500101095,1418,20.72355430183357,21.27773574983948,4.989032071549015,5.492947813822285,-0.5039157422732705,9.173867281339037
60,500101097,1418,27.385754583921017,26.84946741823556,4.454646237474785,4.9069111424541605,-0.45226490497937544,9.216896166437976
60,500101098,1418,8.066290550070521,8.500902566154258,1.8590504103343954,1.9372355430183357,-0.07818513268394023,4.035912564464042
60,500101099,1418,23.270098730606488,22.095521912870904,5.8514457174863,6.4188998589562765,-0.5674541414699767,8.8403644540148
60,500101100,1418,35.80677009873061,34.5009154855178,6.198597681689264,5.829337094499294,0.36926058718996924,-6.334521081966809
60,500101101,417,6.817745803357314,8.482762267937186,4.253720160442392,3.8920863309352516,0.3616338295071406,-9.291516137059622
60,500101102,1418,10.982369534555712,10.821068227875296,2.7729800185703652,3.0077574047954867,-0.23477738622512145,7.8057288081412
60,500101103,1418,17.820874471086036,17.648111887192513,4.000027778898986,4.309590973201693,-0.3095631943027062,7.183122394391055
60,500101104,1418,4.421720733427362,4.919787566808816,2.9233662929778497,2.744710860366714,0.1786554326111358,-6.509080252892871
60,500101105,1418,7.69181946403385,9.490535550121617,3.5130126957109624,3.310296191819464,0.20271650389149842,-6.12381769318587
60,500101107,1418,14.9950634696756,14.5354706799837,5.348181552841546,6.001410437235543,-0.6532288843939966,10.88458940153569
60,500101108,1418,7.871650211565585,7.773634459176063,3.23374442553914,3.607898448519041,-0.37415402297990097,10.370414475869811
60,500101109,1418,11.969675599435826,12.210108978596475,6.01964235183112,6.495768688293371,-0.4761263364622508,7.329792043246896
60,500101110,1418,9.010578279266573,10.004132426882304,4.939655678350194,5.23836389280677,-0.29870821445657647,5.70231890279248
60,500101113,1418,34.110014104372354,34.49476851909244,7.048942784382469,8.669252468265162,-1.6203096838826934,18.69030449642609
60,500101114,1418,9.823695345557123,11.083519910079444,4.5248945834897825,4.5874471086036674,-0.06255252511388498,1.3635585028668546
60,500101115,1418,13.55571227080395,14.444935335091527,5.202206425241136,5.78984485190409,-0.587638426662954,10.149467588405223
60,500101116,1418,15.519746121297603,15.587596241745619,4.8185035016158135,4.937940761636107,-0.11943726002029376,2.4187665625360832
60,500101118,1418,4.475317348377997,4.980697285450626,2.495877206041895,2.6777150916784205,-0.1818378856365257,6.790785405124925
60,500101119,1418,8.085331452750353,8.379060984936078,2.0806434640352625,2.1488011283497883,-0.06815766431452586,3.1718926156218465
60,500101120,1418,6.860366713681241,8.430404660142134,3.112399524602624,2.906911142454161,0.205488382148463,-7.068959871094626
60,500101122,1418,3.645275035260931,4.358475077152144,1.784746149490423,1.5641748942172073,0.22057125527321575,-14.101444543616768
60,500101123,1418,9.150916784203103,9.988069976450367,4.360442611395988,4.610014104372356,-0.24957149297636771,5.413681765955169
60,500101124,1418,7.78490832157969,8.635733407913332,3.591834670628888,3.717207334273625,-0.12537266364473698,3.3727648842389875
60,500101125,1418,11.049365303244006,11.204622977680843,3.934959196130888,4.217912552891397,-0.2829533567605087,6.7083741830195835
60,500101126,1418,12.210860366713682,12.192732398455984,3.222748241729272,3.3208744710860367,-0.09812622935676485,2.9548310305349874
60,500101127,1418,20.045839210155147,19.891499938077754,5.904990567711207,6.546544428772919,-0.6415538610617126,9.799885543310445
60,500101128,1418,13.80324400564175,14.559296129081487,3.6992679862950197,3.5867418899858956,0.11252609630912414,-3.137278894344043
60,500101129,1418,12.683356840620592,12.685351102470387,3.6313965293278407,3.82722143864598,-0.19582490931813945,5.116633893737271
60,500101130,1418,16.3688293370945,15.577613721294096,3.476650981093897,3.646685472496474,-0.1700344914025771,4.662713378628007
60,500101131,1418,14.251057827926656,14.941519822415003,4.03685663707619,4.170662905500706,-0.13380626842451537,3.2082733957721135
60,500101132,1418,7.650916784203103,9.084591030991131,3.3355232122540572,3.0437235543018337,0.2917996579522235,-9.586930374797333
60,500101133,1418,7.7863187588152325,8.232321485376527,3.947541572256272,4.170662905500706,-0.22312133324443373,5.349781037210128
60,500101134,1418,3.1212976022566994,4.106856246768701,2.261748553383683,2.1636107193229903,0.09813783406069287,-4.535836007107643
60,500101135,1418,16.050070521861777,16.33139046018255,6.428119796832035,6.949224259520451,-0.5211044626884167,7.498742927665668
60,500101136,1418,5.686177715091678,6.144381683514671,2.610412484248055,2.8258110014104374,-0.21539851716238223,7.62253799192059
60,500101137,1418,16.084626234132582,16.61471019953207,5.335562819578311,5.29901269393512,0.036550125643191045,-0.6897535022896579
60,500101138,1418,12.488716502115656,12.137235230665645,4.394696334080143,4.688998589562765,-0.2943022554826218,6.276441544207515
60,500101139,1418,14.44851904090268,15.11240800911405,4.822888418399958,5.057827926657263,-0.23493950825730536,4.64506724357026
60,500101140,1418,9.73342736248237,9.567204927388907,2.947399354362169,2.9675599435825104,-0.020160589220341585,0.6793658629858452
60,500101141,1418,9.989421720733427,9.806715191086518,3.5109027945614066,3.708039492242595,-0.19713669768118836,5.316467046632276
60,500101142,1418,10.428772919605077,10.558727714103943,3.2858792549905496,3.242595204513399,0.04328405047715034,-1.3348582770030268
60,500101143,1418,7.963328631875881,7.811235429327107,2.2456623233345687,2.3370944992947815,-0.0914321759602128,3.912215615919787
60,500101144,1418,14.333568406205924,15.376070720331557,7.083077121233156,7.753878702397743,-0.6708015811645867,8.651174552900263
60,500101145,1418,6.7320169252468265,6.803972613883504,2.2437623987726765,2.459802538787024,-0.21604014001434768,8.782824499436497
60,500101146,1418,11.160789844851903,10.91905118970418,3.373101585033072,3.483779971791255,-0.11067838675818331,3.1769625996579745
60,500101147,1418,8.255289139633286,8.434678962396315,3.6138482849160662,3.678420310296192,-0.06457202538012563,1.7554281439612374
60,500101148,1418,14.113540197461212,15.242430944577036,5.168240259613541,5.7679830747531735,-0.5997428151396322,10.39779082856093
60,500101149,1418,5.43935119887165,6.2958154807196935,2.513724563711779,2.3279266572637516,0.1857979064480273,-7.981261173683814
60,500101150,1418,10.232016925246826,10.8943875035205,5.436706291802928,5.447108603667137,-0.010402311864209146,0.19096942288255528
60,500101151,1418,6.771509167842031,7.334321169944006,3.1198031321431854,3.20098730606488,-0.08118417392169475,2.5362229262164164
60,500101152,1418,9.24330042313117,10.021819111152213,4.002355615523125,4.006346967559944,-0.003991352036819329,0.09962572061626136
60,500101153,1418,7.572637517630466,7.437775626977799,3.887824507180501,4.088152327221438,-0.20032782004093752,4.900204395688277
60,500101154,1418,8.784203102961918,8.854667334089504,3.032022746414422,3.041607898448519,-0.009585152034097266,0.3151343747820525
60,500101155,1418,4.309590973201693,4.945875638515139,2.815282225609597,3.1001410437235544,-0.2848588181139573,9.188576071100806
60,500101156,1418,11.0,12.062911325714989,5.323280361684125,5.6840620592383635,-0.3607816975542386,6.34725120511055
60,500101157,1418,8.471791255289139,8.39318410843988,2.3737449569912696,2.4908321579689705,-0.11708720097770087,4.700726245367492
60,500101158,1418,9.015514809590973,9.078276669343055,2.523933321563389,2.6325811001410435,-0.10864777857765473,4.127043933113164
60,500101159,1418,9.583215796897038,9.599329859419411,4.334462109883339,4.584626234132581,-0.25016412424924184,5.4565871125276875
60,500101160,1418,5.7376586741889986,5.9821103389255255,2.961249984665341,3.1861777150916786,-0.22492773042633774,7.059484766368899
60,500101161,1418,5.7623413258110014,6.026897984910806,3.4520850932233755,3.606488011283498,-0.1544029180601223,4.281254161307263
60,500101162,1418,18.533850493653034,18.566907188633085,3.217900048820795,3.478138222849083,-0.26023817402828797,7.482111329523771
60,500101163,1418,7.825811001410437,7.51775778293764,3.1898218686625377,3.392101551480959,-0.20227968281842124,5.9632555142727925
60,500101165,1418,7.423836389280677,7.396820540383338,2.5884078021041224,2.9414668547249647,-0.35305905262084236,12.002822743139642
60,500101166,1418,16.923131170662906,17.250902962756903,5.5979621512535696,5.858956276445698,-0.26099412519212883,4.454618073211828
60,500101167,1418,13.129760225669958,14.01862408190153,6.941266948769921,7.0028208744710865,-0.06155392570116547,0.8789875794990194
60,500101168,1418,11.053596614950635,11.532047410857496,4.847397494923387,5.084626234132581,-0.2372287392091943,4.665608213573336
60,500101169,1418,16.872355430183358,16.47970198789327,7.203666155502623,7.690409026798307,-0.48674287129568405,6.329219546054837
60,500101170,1418,17.533850493653034,16.621837262181977,4.993803432834998,5.55148095909732,-0.5576775262623226,10.045563163617548
60,500101171,1418,12.105077574047955,12.250918831003249,3.6877658590910527,3.667842031029619,0.019923828061433557,-0.5432030030977271
60,500101172,1418,16.24188998589563,15.922102925428373,6.068710152212355,6.711565585331453,-0.6428554331190979,9.5783230446872
60,500101173,1418,5.803244005641749,6.663079785130029,3.5680470332741163,3.6833568406205925,-0.11530980734647622,3.130563025412661
60,500101174,1418,11.270803949224259,11.390909684299833,4.3924277176493725,4.723554301833569,-0.3311265841841964,7.010114905541811
60,500101175,1418,5.571932299012694,6.0375223838014875,2.5702894293191765,2.669957686882934,-0.0996682575637573,3.732952700090012
60,500101176,1418,7.756699576868829,7.6386867710075785,2.009417309627606,1.77574047954866,0.2336768300789458,-13.159402106908068
60,500101177,1418,5.5084626234132585,5.759592153120268,2.5533300962803698,2.569111424541608,-0.015781328261238237,0.6142718494217903
60,500101179,1418,9.416784203102962,9.575249116948608,4.801532677506681,5.156558533145275,-0.3550258556385941,6.884937955354574
60,500101180,1418,5.511283497884344,5.566469514181941,1.9573482115892487,2.137517630465444,-0.18016941887619553,8.428909137791003
60,500101181,1418,27.435825105782794,26.43834968762132,13.11026348822717,13.63046544428773,-0.5202019560605589,3.8164650956843564
60,500101182,1418,10.413258110014104,10.724238422864813,3.912498504142187,3.931593794076164,-0.01909528993397691,0.4856882713251885
60,500101184,1418,3.5592383638928067,4.251590059368091,2.744964345666128,2.6488011283497883,0.09616321731633981,-3.6304430818575573
60,500101185,1418,15.376586741889986,15.569598360747703,3.5776166640163507,3.895627644569817,-0.3180109805534661,8.163279696321776
60,500101186,1418,9.229901269393512,9.704349890274285,3.3904732628254317,3.527503526093089,-0.13703026326765722,3.884624416504157
60,500101187,1418,7.39703808180536,7.262757626458783,2.1637481593977674,2.2482369534555713,-0.08448879405780385,3.758002194917373
60,500101188,1418,7.007757404795487,7.464595543380572,2.0383241083908636,1.9675599435825106,0.07076416480835301,-3.5965442902596623
60,500101189,1418,4.595909732016925,5.430935792500197,2.6301464100094702,2.6248236953455573,0.005322714663912986,-0.20278370213403046
60,500101190,1418,12.906911142454161,12.461478545305912,4.124116839977749,4.409026798307475,-0.28490995832972654,6.461969304407425
60,500101191,1418,8.831452750352609,9.799509835656911,4.808160505918479,5.373060648801128,-0.5649001428826494,10.513563493996548
60,500101192,1418,9.193229901269394,9.774906243039236,3.8796239437959303,3.9844851904090266,-0.10486124661309626,2.631738897298593
60,500101193,1418,22.8589562764457,22.69488896089988,7.418471173269292,7.81805359661495,-0.39958242334565863,5.111021795996248
60,500101194,1418,7.927362482369534,8.159611705044282,4.106575936027587,4.141043723554302,-0.03446778752671431,0.8323454140476991
60,500101196,1418,10.337799717912553,11.84617879446137,3.319467216522022,2.8314527503526095,0.4880144661694126,-17.235479776543635
60,500101197,1418,4.7320169252468265,5.178918455301283,2.18867204434207,1.9809590973201692,0.2077129470219008,-10.485473794127994
60,500101198,1418,10.045839210155147,9.861948654051783,3.622691989294848,3.7785613540197462,-0.15586936472489832,4.125098155653337
60,500101199,1418,11.526093088857547,11.40842356449241,3.4294873100013317,3.6184767277856134,-0.1889894177842817,5.22289991070184
60,500101200,1418,6.896332863187588,6.997428482141252,2.488433871157707,2.8314527503526095,-0.3430188791949025,12.11458955662196
60,500101201,1418,6.088152327221438,6.982427193133899,3.4888833369341645,3.673483779971791,-0.18460044303762668,5.025214594497114
60,500101202,1418,6.702397743300423,6.5796153862865125,2.7568894351023028,2.7122708039492243,0.044618631153078514,-1.6450654959715376
60,500101203,1418,10.44922425952045,10.818707067896337,3.5520863870397825,3.8180535966149507,-0.2659672095751682,6.9660418023196975
60,500101204,1418,8.888575458392102,9.192876319141106,3.0656398001643836,3.0183356840620594,0.04730411610232421,-1.567225154978872
60,500101205,1418,7.010578279266572,7.395078608046914,3.109851454942754,3.2186177715091677,-0.10876631656641367,3.3792865225936586
60,500101206,1418,13.97672778561354,14.214582270412594,5.519359593894701,5.806064880112835,-0.28670528621813407,4.9380310440582305
60,500101207,1418,8.284203102961918,8.742322034410243,3.697060291553209,3.7997179125528913,-0.10265762099968212,2.701716900102993
60,500101208,1418,8.368124118476727,8.271378689881713,2.6553367219734803,2.7517630465444287,-0.09642632457094846,3.504165254782289
60,500101209,1418,21.842031029619182,21.424559380850905,6.902916882818583,7.820169252468265,-0.9172523696496819,11.729316080469374
60,500101210,1418,14.930888575458392,14.719225861206139,4.207222751077816,4.756699576868829,-0.5494768257910136,11.551640310921533
60,500101211,1418,7.28984485190409,7.772708236804946,2.5921597431013166,2.7249647390691116,-0.13280499596779505,4.873640897575915
60,500101212,1418,7.791960507757405,8.190764868513954,3.6818081310757114,3.8011283497884345,-0.11932021871272314,3.1390736574144973
60,500101213,1418,5.624823695345557,6.325668443301254,2.148174699790573,2.146685472496474,0.0014892272940989493,-0.06937333452799967
60,500101214,1418,7.722849083215797,7.571144179598071,3.2024239053822114,3.0409026798307477,0.16152122555146375,-5.311621007235056
60,500101215,1418,7.964739069111425,7.901274821936086,2.466107876977483,2.636812411847673,-0.17070453487018966,6.473897578120592
60,500101216,1418,10.23836389280677,10.259585369166752,2.8407100936367566,3.048660084626234,-0.2079499909894773,6.821029082190119
60,500101217,1418,6.430888575458392,7.168855475839197,4.071776680140742,3.9929478138222847,0.07882886631845709,-1.9742022684488196
60,500101218,1418,10.188293370944994,10.179878818055524,3.0845636173984485,3.2905500705218618,-0.20598645312341324,6.259939788448349
60,500101219,1418,6.0874471086036674,6.203468464027409,1.6980405041167659,1.505641748942172,0.19239875517459382,-12.778521538059673
60,500101221,1418,9.804654442877291,9.595526859888281,4.356516331479781,4.547954866008463,-0.19143853452868242,4.209332329999561
60,500101222,1418,9.337094499294782,9.376860879385042,3.4894311695604876,3.6875881523272214,-0.19815698276673377,5.37362022496134
60,500101223,309,4.763754045307444,5.098049084896339,2.1944653716076723,2.459546925566343,-0.26508155395867083,10.77765791753017
60,500101224,1418,9.43018335684062,9.51198240440683,3.2971417669581977,3.673483779971791,-0.3763420130135935,10.2448257718041
60,500101225,1418,8.715091678420311,8.429858140043727,2.609288207110275,2.832157968970381,-0.22286976186010587,7.869256033805531
60,500101226,1418,9.301833568406206,9.4359265597197,3.1418450335272583,3.334978843441467,-0.1931338099142086,5.791155475964215
60,500101227,1418,8.862482369534556,9.170618595437654,2.8729013101505907,2.8279266572637516,0.044974652886839106,-1.5903755060732632
60,500101228,1418,6.358956276445698,6.770992828604226,2.878233946994206,2.85049365303244,0.027740293961766138,-0.9731750825775455
60,500101229,1418,9.76657263751763,9.345738220160847,3.334806965308944,3.5035260930888574,-0.1687191277799136,4.815694911270482
60,500101230,1418,10.815937940761636,10.27144952886861,3.1078174126890072,3.1629055007052185,-0.055088088016211234,1.7416925040576932
60,500101231,1418,11.940761636107194,11.686584348823365,2.799354233651122,2.722849083215797,0.07650515043532513,-2.8097462656641032
60,500101232,1418,3.77574047954866,4.492505664725932,2.703514127967741,2.955571227080395,-0.25205709911265384,8.528202494434339
60,500101233,1418,6.59802538787024,7.66571437409765,3.287881797782311,3.244710860366714,0.04317093741559708,-1.330501831239223
60,500101234,1418,7.216502115655853,7.508992436526569,2.479812763974318,2.4746121297602257,0.005200634214092226,-0.2101595701220512
60,500101235,1418,6.9125528913963326,6.913563440375936,2.542925360912638,2.662200282087447,-0.1192749211748092,4.4803135953875355
60,500101236,1418,6.93935119887165,7.063670234047066,2.872135315614187,3.1241184767277854,-0.25198316111359853,8.065736398624892
60,500101237,1418,8.380818053596615,8.78524870771912,3.4723493366125218,3.6417489421720735,-0.1693996055595517,4.6516003230721195
60,500101238,1418,11.31805359661495,10.97652958617704,3.3177605374252823,3.321579689703808,-0.003819152278525806,0.11497999853396162
60,500101239,1418,6.150916784203103,6.184951275906815,2.668510662355518,2.965444287729196,-0.2969336253736783,10.013124394289555
60,500101240,1418,17.91607898448519,17.571063588224458,4.021546067307799,4.216502115655853,-0.1949560483480539,4.6236440300642325
60,500101241,1418,7.639633286318759,7.944218126310879,3.0243414633925165,3.344851904090268,-0.32051044069775125,9.58220124202849
60,500101242,1418,6.492242595204513,6.541655176338438,2.6420639733281415,2.94851904090268,-0.30645506757453855,10.393525133238356
60,500101243,1418,6.507757404795487,6.965186658512655,2.704850498033437,2.8991537376586742,-0.1943032396252371,6.702067472356754
60,500101244,1418,8.427362482369535,8.087576694479877,2.853072483237263,3.054301833568406,-0.20122935033114286,6.588391105277317
60,500101245,1418,10.837799717912553,10.537135825561423,1.6905849115508396,1.6431593794076165,0.04742553214322309,-2.886240539875122
60,500101246,1418,8.899153737658674,9.12859976074214,3.1289691388509273,3.2186177715091677,-0.08964863265824041,2.7853146605912555
60,500101247,1418,4.880112834978844,5.665151728863451,3.346949088736282,3.1918194640338506,0.1551296247024312,-4.860225537517619
60,500101248,1418,9.042313117066291,9.29613539274958,2.912020833451981,3.143864598025388,-0.23184376457340727,7.374483135152343
60,500101250,1418,6.6417489421720735,7.726385214431744,2.576835494818835,2.343441466854725,0.2333940279641098,-9.959456264011667
60,500101251,1418,8.147390691114245,8.094486769328281,4.252169885178558,4.4428772919605075,-0.1907074067819492,4.292430203441333
60,500101252,1418,4.861777150916784,5.069191006381466,2.692949633200537,3.01410437235543,-0.32115473915489323,10.655063643463702
60,500101253,1418,5.775035260930888,6.451897367872982,2.919937672098996,3.1170662905500706,-0.19712861845107454,6.324171515014111
60,500101254,1418,10.651622002820874,10.84982618102232,4.070894585208488,4.637517630465444,-0.5666230452569563,12.2182402398778
60,500101255,1418,9.033850493653032,8.862678840588528,3.5179686481769616,3.931593794076164,-0.4136251458992022,10.520546311839796
60,500101256,1418,5.404795486600846,6.09447874015609,2.6999056727078408,2.7207334273624824,-0.020827754654641595,0.7655198574463914
60,500101257,1418,8.440056417489421,8.630597017793502,3.0391457867886222,3.1417489421720735,-0.10260315538345122,3.265797403675282
60,500101258,1418,7.693229901269394,8.116442197347832,3.8037237461641826,4.10296191819464,-0.29923817203045733,7.293223237180965
60,500101259,1418,6.692524682651622,6.460311340846589,2.020701962101035,1.9964739069111423,0.024228055189892794,-1.2135422910373714
60,500101260,1418,7.648095909732017,8.395326708632426,1.7155194829710725,1.4407616361071933,0.27475784686387916,-19.070319473958914
60,500101261,1418,9.093794076163611,9.09610498655055,2.921033162474848,3.109308885754584,-0.18827572327973607,6.055227389672618
60,500101262,1418,10.274330042313117,10.440481965200945,4.003459244670154,4.325105782792666,-0.3216465381225122,7.436732285304455
60,500101264,1418,5.871650211565585,6.214514976596625,3.0999241168651186,3.260225669957687,-0.16030155309256822,4.916885188952232
60,500101265,1418,8.102256699576868,7.848204604497496,2.791327901049232,2.9633286318758816,-0.17200073082664957,5.804308336796503
60,500101267,1418,8.421720733427362,8.002654323277829,1.56847161988906,1.5204513399153738,0.048020279973686186,-3.1582911411264845
60,500101268,1418,5.695345557122708,6.186184536511903,2.1899146461169554,2.17277856135402,0.0171360847629356,-0.7886714765934009
60,500101269,1418,5.033850493653032,6.900970623675315,4.484508536339415,3.840620592383639,0.6438879439557756,-16.765205738694267
60,500101270,1418,5.7863187588152325,5.777753558981668,2.3065543208810544,2.5098730606488013,-0.20331873976774695,8.100757881165078
60,500101271,1418,4.132581100141044,4.605622218451509,1.9301678423275612,1.9633286318758816,-0.03316078954832036,1.6890086055861446
60,500101272,1418,6.594499294781382,6.811373371771845,2.0752783313873238,2.040197461212976,0.03508087017434791,-1.7194840617775784
60,500101273,1418,4.716502115655853,5.234779495259008,1.604371221015484,1.4816643159379408,0.12270690507754312,-8.281694021892248
60,500101274,1418,11.921720733427362,12.813004543202744,5.590217535845292,5.758815232722144,-0.16859769687685233,2.9276455323460273
60,500101276,1418,8.466854724964739,8.418628994046022,5.658563777000401,5.6593794076163615,-0.000815630615960572,0.014412015120649109
60,500101277,1418,6.4605077574047955,6.768954620273556,2.1311716452043497,2.3025387870239773,-0.17136714181962764,7.442530079639573
60,500103001,1418,17.2524682651622,16.93944241577562,3.8136170128702607,4.411847672778562,-0.5982306599083009,13.559639957640197
60,500103002,1418,10.00423131170663,10.580212934660135,3.4996413730689118,3.7045133991537376,-0.2048720260848258,5.530335674629412
60,500103003,1418,9.008462623413259,8.532917728239198,2.0467726979646517,2.136812411847673,-0.09003971388302112,4.213739745416632
60,500103004,1418,13.880112834978844,13.63619618451626,4.965458358844495,5.5267983074753175,-0.5613399486308221,10.156693213710676
60,500103005,1418,19.552891396332864,19.151002007582257,4.0910545790636474,4.457686882933709,-0.3666323038700616,8.224720880995847
60,500103006,1418,6.444287729196051,6.625645572279155,1.9230827661636847,1.6600846262341327,0.262998139929552,-15.84245379864506
60,500103007,1418,6.012693935119887,6.258122462746669,2.141721287915999,2.2404795486600846,-0.09875826074408556,4.407907262672752
60,500103008,1418,14.770098730606488,14.569822862109643,3.511860437515659,3.760225669957687,-0.24836523244202802,6.6050618830231755
60,500103009,1418,24.127644569816642,22.3457596982652,8.409988255724278,9.216502115655853,-0.8065138599315755,8.750758691429905
60,500103010,1418,18.791255289139634,18.650311807116,3.724844233704336,3.9111424541607898,-0.18629822045645383,4.763268600924118
60,500103011,1418,17.091678420310295,17.650697125086914,4.917151240356713,5.246121297602257,-0.3289700572455443,6.270729146043578
60,500103012,1418,13.906911142454161,13.68283553838621,2.3012878425529664,2.616361071932299,-0.3150732293793328,12.042421543393367
60,500103013,1418,12.967559943582511,12.107499768643052,2.4271170119395196,2.459802538787024,-0.03268552684750459,1.328786613238575
60,500103019,1418,7.034555712270804,7.2992679139053935,2.1425265496958295,1.9562764456981665,0.18625010399766295,-9.520643383874768
60,500103020,1418,14.647390691114245,14.837044352817292,3.0601132469855212,3.3258110014104374,-0.26569775442491617,7.988961318374282
60,500103021,1418,14.314527503526094,14.023413338676152,3.895041811256752,4.179830747531735,-0.28478893627498314,6.813408328630438
60,500103022,1418,7.208744710860366,7.053611965496716,1.8580595297811064,1.8610719322990128,-0.003012402517906354,0.16186384124256195
60,500103023,1418,8.169957686882933,8.596042254518148,2.7152461573791102,2.6544428772919604,0.06080328008714986,-2.290623038352245
60,500103024,1418,11.698871650211565,12.34129700666721,4.246866392502265,4.0451339915373765,0.20173240096488865,-4.987038782569946
60,500103025,1418,6.251763046544429,6.9340840297974955,3.02590571240618,2.9703808180535964,0.055524894352583676,-1.86928537967625
60,500103026,1418,4.68194640338505,5.558507784303657,2.2105772307428473,2.052186177715092,0.15839105302775547,-7.718161965407465
60,500103027,1418,11.988716502115656,12.510683611770506,3.987599134877938,4.300423131170663,-0.31282399629272506,7.274260851805249
60,500103028,1418,15.896332863187588,16.488959837665266,5.894411019987623,6.166431593794076,-0.2720205738064534,4.411312599011333
60,500103029,1418,4.858956276445698,4.879317019845589,1.803423521830029,1.9922425952045133,-0.18881907337448434,9.477714904248453
60,500103030,1418,14.365303244005641,14.030482100139563,5.811396847497516,6.195345557122708,-0.3839487096251917,6.197373594177823
60,500103031,1418,10.155853314527503,10.024584839950476,2.6170066702606176,2.70098730606488,-0.08398063580426252,3.1092569600638185
60,500103032,1418,6.0091678420310295,5.8954516425775685,1.6444819667201664,1.5909732016925247,0.05350876502764179,-3.363272553599116
60,500103033,1418,7.667842031029619,7.988275218109783,2.35337450852727,2.3067700987306066,0.04660440979666358,-2.020331797360714
60,500103034,1418,12.301833568406206,12.144982493961509,3.9516279427512626,4.241889985895628,-0.2902620431443652,6.842752737800662
60,500103035,1418,13.361777150916785,13.369873767531391,3.679558555189734,4.079689703808181,-0.4001311486184469,9.807881914277575
60,500103036,1418,4.477433004231312,5.254650908230308,2.152651245288628,2.2045133991537376,-0.051862153865109395,2.3525442796137277
60,500103037,1418,12.169252468265162,11.61420345871517,4.518136873540692,4.8702397743300425,-0.35210290078935014,7.229683077313909
60,500103038,1418,10.342736248236953,9.87864251698391,2.9905902167417078,3.250352609308886,-0.25976239256717815,7.991821927972632
60,500103039,1418,15.382228490832158,15.915197090159655,3.938632689516024,4.137517630465444,-0.19888494094942022,4.806866307589533
60,500103040,1418,17.698166431593794,17.394940846922733,3.7293172116222957,3.928067700987306,-0.19875048936501027,5.059752135001519
60,500103041,1418,11.113540197461212,11.240518371507616,2.3542389013474088,2.271509167842031,0.08272973350537782,-3.6420602952693497
60,500103042,1418,6.569816643159379,6.39270325829656,2.844968168089317,3.080394922425952,-0.2354267543366353,7.642745825305605
60,500103043,1418,8.138222849083215,8.092724268428183,2.997036857195007,3.3222849083215795,-0.3252480511265725,9.789890394767136
60,500103044,1418,13.80324400564175,14.123165830869663,5.542172123822452,5.707334273624824,-0.16516214980237187,2.893858005928127
60,500103045,1418,11.840620592383639,11.407458997487213,3.2348427215021647,3.4823695345557124,-0.24752681305354773,7.107999613404833
60,500103046,1418,5.530324400564175,6.151216264643066,1.9422067385776822,1.8885754583921015,0.05363128018558072,-2.8397742831648043
60,500103047,1418,9.150916784203103,9.53229677773957,3.8637379495549378,3.9386459802538787,-0.07490803069894092,1.9018726505120542
60,500103048,1418,6.908321579689704,7.6605233932702586,2.7301470145863056,2.808885754583921,-0.0787387399976156,2.803201941165426
60,500103049,1418,5.117066290550071,5.587613808577829,2.342470554370793,2.5126939351198874,-0.1702233807490945,6.774537016621273
60,500103050,1418,16.063469675599436,15.347958761603898,4.308501340387054,4.301833568406206,0.006667771980848336,-0.15499837162037608
60,500103051,1418,5.812411847672778,6.159534743504487,2.6581147251062576,2.6763046544428772,-0.01818992933661967,0.6796658708649985
60,500103052,1418,7.313822284908322,8.354259722371781,2.4005326785539656,2.136812411847673,0.2637202667062928,-12.341760336287892
60,500103053,1418,5.944992947813822,6.051331224992279,2.8475505062107924,3.102256699576869,-0.2547061933660766,8.210351948013107
60,500103054,1418,10.484485190409027,9.897072586952092,3.151573397882081,3.3483779971791257,-0.19680459929704464,5.877609979006092
60,500103055,1418,8.559943582510579,8.233413890778653,2.537990118079201,2.725669957686883,-0.1876798396076822,6.885640687288315
60,500103056,1418,5.411847672778562,5.630933310787117,1.9650566642586447,1.9478138222849084,0.017242841973736267,-0.885240764618321
60,500103057,1418,13.611424541607898,12.74053996366929,4.284095988410153,4.245416078984485,0.03867990942566735,-0.9110981987640581
60,500103058,1418,16.262341325811,16.181021588679044,3.6595885663376966,3.755289139633286,-0.09570057329558956,2.5484209001529767
60,500103059,1418,7.781382228490832,8.67594382121647,2.9455543283524777,3.0296191819464036,-0.0840648535939259,2.774766350004351
60,500103060,1418,6.550070521861777,7.099761473870731,2.1685128683692088,2.2736248236953456,-0.10511195532613682,4.623100268376613
60,500103061,1418,7.758815232722144,7.788050537488954,1.7992288572417958,1.8554301833568405,-0.05620132611504469,3.029018640483975
60,500103062,1418,7.382228490832158,7.254290399456994,2.1728580315826576,2.422425952045134,-0.24956792046247633,10.302396250823623
60,500103063,1418,7.73836389280677,7.265872134368003,2.0320365696273384,2.0585331452750353,-0.02649657564769692,1.2871580770275515
60,500103064,1418,7.590267983074753,7.515887796187191,2.3841837362910336,2.5916784203102963,-0.20749468401926263,8.006189440525562
60,500103065,1418,8.082510578279267,7.7673700167160975,2.3802781881923343,2.6220028208744712,-0.24172463268213695,9.21908362407935
60,500103066,1418,6.516925246826516,6.342838056022318,2.374959467888479,2.599435825105783,-0.22447635721730386,8.635579884268498
60,500103068,1418,11.137517630465444,10.925345575895896,2.718304073399609,2.7221438645980256,-0.003839791198416709,0.14105761449105939
60,500103069,1418,7.1417489421720735,7.018951233379237,2.216592180048266,2.414668547249647,-0.19807636720138122,8.203045814589911
60,500103070,1418,8.966854724964739,8.725155633547738,2.6132153327173606,2.8772919605077574,-0.26407662779039676,9.17795730898977
60,500103071,1418,8.578984485190409,8.361250605421208,2.3964739065353253,2.562764456981664,-0.16629055044633878,6.488717681147728
60,500103072,1418,5.56558533145275,5.696403918622166,2.0987127281661015,1.8603667136812412,0.23834601448486037,-12.811775911278696
60,500103073,1418,8.063469675599436,7.7636400840697455,2.3677274541301014,2.3928067700987308,-0.025079315968629334,1.0481128807402416
60,500103074,1418,13.976022566995768,14.145228873054098,2.384089976394679,2.3899858956276447,-0.0058959192329659516,0.24669263713029563
60,500103075,1418,5.68688293370945,6.131478774078803,2.08746557774832,1.973906911142454,0.11355866660586611,-5.752989969529051
60,500103076,1418,8.655148095909732,8.69658899052318,1.8113947495003195,1.732722143864598,0.07867260563572143,-4.540405160417297
60,500103077,1418,6.788434414668547,7.202218414758652,1.6631974032350338,1.6382228490832158,0.02497455415181804,-1.5244906494738693
60,500103078,1418,11.087447108603667,10.995903529467775,3.8280139844185412,3.6283497884344147,0.19966419598412655,-5.502892709533362
60,500103079,1418,5.731311706629055,5.702611946570455,2.2858197618603207,2.4026798307475317,-0.11686006888721101,4.863738705079696
60,500103080,1418,8.298307475317348,8.124692264395915,1.9173505178486852,1.9365303244005643,-0.01917980655187912,0.9904211831960885
60,500103081,1418,7.8582510578279265,7.4404074250668355,1.8937304780300357,1.8370944992947813,0.05663597873525439,-3.0829104739574174
60,500103082,1418,5.77574047954866,5.959051575708989,3.0441375163632727,3.1262341325811,-0.08209661621782738,2.6260546311048776
60,500103083,1418,10.379407616361071,11.043121026952017,2.2918455883215905,2.3279266572637516,-0.03608106894216112,1.5499229251737192
60,500103084,1418,12.67700987306065,12.130388961466426,3.9509425555853106,3.988716502115656,-0.03777394653034527,0.9470200880486137
60,500103085,1418,8.032440056417489,7.959661273085409,2.229302242675304,2.3328631875881523,-0.10356094491284829,4.439220673712783
60,500103086,1418,6.234132581100141,6.93493173242567,2.796172627400415,2.5437235543018337,0.25244907309858133,-9.92439106331545
60,500103087,1418,7.416784203102962,7.473143500958459,2.0601102564038536,2.033145275035261,0.0269649813685926,-1.3262692882644573
60,500103088,1418,5.56558533145275,5.861632687139343,1.5845072994644975,1.4576868829337095,0.12682041653078802,-8.70011372233466
60,500103089,1418,6.703808180535966,6.380402665181908,1.9633456217247098,2.0105782792665727,-0.0472326575418629,2.3492075901214164
60,500103090,1418,5.2679830747531735,5.24812499644931,1.820825185121684,1.959802538787024,-0.13897735366534003,7.091395735784533
60,500104001,1418,6.145275035260931,6.274504478697239,2.534069766587343,2.8314527503526095,-0.2973829837652664,10.502841120277653
60,500104002,1418,6.624118476727785,6.799564176829944,1.7314821729165524,1.886459802538787,-0.1549776296222347,8.21526275904033
60,500104003,1418,15.795486600846262,15.518633839452434,4.558927639587951,4.961212976022567,-0.40228533643461617,8.108608487054523
60,500104004,1418,29.342736248236953,28.14986304474176,7.800357009676005,8.388575458392102,-0.5882184487160975,7.012137539129267
60,500104005,1418,9.397743300423132,9.554797475994874,1.8773744635964258,1.8251057827926658,0.052268680803760015,-2.8638713052446563
60,500104006,1418,6.420310296191819,6.766616704687588,2.0917628270214994,2.2510578279266573,-0.1592950009051579,7.0764508547466765
60,500104007,1418,13.413963328631876,12.887486748604783,3.660487820390265,3.894922425952045,-0.23443460556178009,6.018980095719794
60,500104008,1418,13.410437235543018,15.019581144943176,3.9640258708853167,4.187588152327222,-0.22356228144190515,5.338688364510298
60,500104009,1418,25.98660084626234,25.029632736984276,5.18730898560277,5.4069111424541605,-0.21960215685139062,4.061508522437354
60,500104010,1418,14.229901269393512,14.191459901839872,5.603360938369353,6.255289139633287,-0.6519282012639334,10.422031447488811
60,500104012,1418,7.477433004231312,7.587068984853146,3.0056493283821233,2.942877291960508,0.06277203642161533,-2.133015759545903
60,500104013,1418,7.043018335684062,7.444063479258696,1.877947035881413,2.0070521861777153,-0.12910515029630232,6.432575654257087
60,500104014,1418,26.427362482369535,26.04159677153889,4.037947392900559,4.851198871650212,-0.8132514787496525,16.763927850952278
60,500104015,1418,5.922425952045134,6.02119353068566,2.0260168682859376,2.208039492242595,-0.18202262395665736,8.243630813495374
60,500104016,1418,5.578279266572638,6.177840977283392,2.453564154152458,2.4562764456981663,-0.0027122915457082897,0.11042289439604809
60,500104018,1418,4.344146685472497,4.728604235328883,1.9444816373149585,2.113540197461213,-0.16905856014625464,7.998833443022658
60,500104019,1418,8.486600846262341,8.770350793824324,2.516669455080741,2.527503526093089,-0.010834071012348012,0.4286471176202422
60,500104020,1418,7.6960507757404795,8.0833143849332,2.5826572406547434,2.5063469675599435,0.07631027309479999,-3.044681126854991
60,500104021,1418,13.979548660084626,14.552021510932507,3.666303592182624,4.022566995768688,-0.35626340358606434,8.85661827287937
60,500104022,1418,8.3836389280677,8.72281017377118,2.659310065415649,2.8589562764456984,-0.19964621103004943,6.983185181070796
60,500104023,1418,13.700282087447109,13.440897970980252,3.9908301604008267,4.3039492242595205,-0.3131190638586938,7.275157013790396
60,500104024,1418,11.463328631875882,11.874554930504802,3.245481512525241,3.330042313117066,-0.08456080059182502,2.539331114765097
60,500104025,1418,5.998589562764457,6.320520613015331,2.426584760718827,2.639633286318759,-0.2130485255999317,8.071141044635404
60,500104026,1418,6.471086036671368,7.057615528011927,2.439060030786018,2.4816643159379406,-0.04260428515192238,1.7167626128282452
60,500104027,1418,10.944992947813823,10.622087570313582,4.320057225433704,4.456981664315938,-0.13692443888223416,3.0721337711235446
60,500104028,1418,12.41607898448519,12.799103517133583,3.7801730187759133,3.9019746121297603,-0.12180159335384699,3.121537310243178
60,500104029,1418,12.02327221438646,11.530085911678643,3.1104761898406594,3.2263751763046544,-0.11589898646399499,3.5922352525889596
60,500104030,1418,19.8935119887165,19.29368518584303,3.491385044537965,3.3589562764456984,0.13242876809226667,-3.9425570681258475
60,500104031,1418,18.559238363892806,18.541602354494074,8.107886949243015,9.552186177715091,-1.444299228472076,15.120090852516823
60,500104032,1418,9.161495063469676,9.455359470351336,2.6740754270132925,2.826516220028209,-0.1524407930149163,5.393239633112558
60,500104033,1418,9.960507757404795,10.299487820859412,2.1809275036696865,2.258110014104372,-0.07718251043468571,3.418013735052603
60,500104034,1418,6.153032440056418,6.315042611436094,2.7601564563334318,2.8067700987306066,-0.046613642397174804,1.6607574100299967
60,500104035,1418,11.815937940761636,11.452548183340674,4.887270311559586,5.015514809590973,-0.12824449803138727,2.5569558240791217
60,500104036,1418,20.77644569816643,21.436946020881745,4.870637238849498,4.883638928067701,-0.013001689218203438,0.26622953518285164
60,500104037,1418,8.55148095909732,8.640680551007465,1.9085266861212122,1.8469675599435824,0.06155912617762982,-3.3329836166429585
60,500104038,1418,18.202397743300423,17.922944789190034,3.774712990611101,4.229196050775741,-0.4544830601646397,10.746322816632633
60,500104039,1418,12.30394922425952,12.301476345566783,3.1517451473174103,3.38787023977433,-0.23612509245691982,6.969720672437808
60,500104040,1418,7.811706629055007,7.964818767859394,3.2836792186663915,3.3674188998589565,-0.08373968119256503,2.486761632064025
60,500104041,1418,8.44922425952045,8.748688067321753,4.718452461055136,4.951339915373766,-0.23288745431862967,4.703523860188247
60,500104042,1418,11.839915373765868,11.396975025799668,3.359174351462939,3.444992947813822,-0.08581859635088307,2.4911109442282946
60,500104043,1418,9.129760225669958,9.21634083612442,3.2577434461144463,3.35966149506347,-0.10191804894902345,3.033580886014174
60,500104044,1418,9.851198871650212,10.540261431444431,4.4672892333151495,4.607898448519041,-0.14060921520389158,3.0514825093222875
60,500104045,1418,10.352609308885755,10.19347716755997,2.5471507454069253,2.604372355430183,-0.057221610023257874,2.1971362852147216
60,500104046,1418,8.611424541607898,8.835904041888746,4.825823846320523,5.375881523272215,-0.5500576769516918,10.231953114489032
60,500104047,1418,8.85049365303244,8.790676476211711,1.606436113799388,1.6346967559943582,-0.028260642194970043,1.7288002861288836
60,500104048,1418,8.043723554301833,8.183979474226028,1.273764603924312,1.2291960507757405,0.044568553148571555,-3.6258295103083458
60,500104049,1418,6.874471086036672,6.902342083443009,1.5317118831219116,1.622002820874471,-0.09029093775255936,5.566632597092574
60,500104050,1418,9.36459802538787,9.586296332514761,1.8026095895932606,1.650916784203103,0.15169280539015761,-9.18839803687499
60,500104051,1418,15.311706629055006,14.95923041517495,2.6177012997042155,2.6459802538787023,-0.02827895417448678,1.0687515197074162
60,500104052,1418,4.861071932299013,5.177547474145272,1.0342238326321387,0.9280677009873061,0.10615613164483262,-11.438403850484244
60,500104053,350,6.677142857142857,6.737272592618643,1.097588486735803,1.1314285714285715,-0.033840084692768446,2.9909165763810495
60,500104054,1418,13.042313117066291,12.835562757975072,2.580537578484761,2.6657263751763045,-0.08518879669154344,3.1957067118679525
60,500104055,1418,13.739774330042312,13.684860050441664,4.013687466315375,4.227080394922426,-0.2133929286070515,5.048234447193844
60,500104056,1418,5.6840620592383635,5.92318854546356,1.9761869669737633,1.9069111424541607,0.06927582451960257,-3.6328816260649575
60,500104057,1418,5.703808180535966,5.539850168142481,1.5484071346540025,1.6354019746121298,-0.08699483995812729,5.319477492911794
60,500104058,1418,10.821579689703809,10.563375788023283,1.4955932841321582,1.4816643159379408,0.013928968194217406,-0.9400893336220981
60,500104059,1418,6.457686882933709,6.593572832348528,2.2230954843773256,2.2778561354019744,-0.05476065102464878,2.404043441267863
60,500104060,1418,12.285613540197462,12.206967136033336,2.0238573405477305,1.9851904090267982,0.03866693152093226,-1.9477694101840832
60,500104061,1418,13.406205923836389,13.096346670955453,1.4322504211977247,1.344851904090268,0.08739851710745672,-6.498746578834485
60,500104062,1418,5.863892806770099,6.605915441348311,1.9604210912151798,1.869534555712271,0.09088653550290893,-4.861452559152201
60,500104063,1418,8.047249647390691,7.882626473777449,1.0908798552361811,1.0634696755994357,0.027410179636745413,-2.577429358415451
60,500104064,1418,12.554301833568406,12.266660424742335,2.092565819583706,2.093088857545839,-0.0005230379621332659,0.024988808298685012
60,500104065,1418,8.629760225669958,8.748075095234787,2.11704964578437,2.0409026798307477,0.07614696595362247,-3.7310434596488133
60,500104066,1418,7.839915373765868,7.891441618487429,1.1347677517129924,0.923836389280677,0.21093136243231536,-22.832112360994138
60,500104067,1418,8.695345557122709,8.158945760829647,1.17416961562304,0.8956276445698167,0.2785419710532232,-31.10019802783232
60,500104068,1418,7.660789844851904,7.566406997743621,0.8250833057149424,0.5987306064880112,0.22635269922693113,-37.8054331571011
60,500104070,1418,6.803244005641749,6.904294923485712,1.1245346926205408,1.071932299012694,0.0526023936078468,-4.907249614205707
60,500104071,1418,7.784203102961918,7.5363819396907195,2.5571341136394166,2.593088857545839,-0.035954743906422504,1.386560425871828
60,500104072,1418,20.184062059238364,19.17600051143179,4.803136981220003,5.28067700987306,-0.4775400286530571,9.043159196448116
60,500104073,1418,12.0098730606488,11.831323619389318,3.9556804004638138,4.488011283497884,-0.5323308830340703,11.861175237937017
60,500104074,1418,12.46262341325811,12.294258559794732,2.767016799269071,3.150916784203103,-0.3838999849340321,12.183755117199139
60,500104075,1418,16.413963328631876,16.016032485388273,3.0401658791789616,3.0155148095909734,0.02465106958798824,-0.8174746650085903
60,500104076,1418,7.013399153737659,8.112535750265565,2.7868578693184034,2.418194640338505,0.36866322897989834,-15.245391038013876
60,500104077,1418,12.729196050775741,13.333688512916728,3.715692950371229,3.605077574047955,0.110615376323274,-3.0683216671831484
60,500104078,1418,8.402679830747532,8.17228835198022,2.883670071176477,3.116361071932299,-0.23269100075582205,7.46675354314903
60,500104079,1418,7.291255289139634,7.240654424978788,1.92732807722563,2.0740479548660087,-0.14671987764037864,7.074083185789082
60,500104080,1418,8.538081805359662,8.248247567838309,1.0051051443773045,0.8173483779971791,0.1877567663801254,-22.971449070493343
60,500104081,1418,8.71015514809591,9.173489591542705,2.529452598152733,2.64950634696756,-0.120053748814827,4.531174229955408
60,500104082,1418,4.5331452750352605,5.051151056116838,2.313755817448,2.4548660084626235,-0.14111019101462352,5.74818301806194
60,500104083,1418,11.956981664315938,11.824717513239762,1.453974337263404,1.4153737658674188,0.03860057139598516,-2.7272351888144972
60,500104084,1418,4.064174894217207,4.227564313143337,1.9777510197379655,2.1354019746121295,-0.15765095487416403,7.382729656920892
60,500104085,1418,11.206629055007053,11.164735683119869,3.117266211552601,3.445698166431594,-0.3284319548789929,9.531651903774293
60,500104086,1418,4.548660084626234,4.769501880623381,0.9248436926042124,0.7482369534555712,0.17660673914864122,-23.60304958650078
60,500104087,1418,13.425952045133991,14.010621227690054,3.7461399587475688,3.969675599435825,-0.22353564068825627,5.631080804689064
60,500104088,1418,10.148095909732017,10.65270791601626,2.529169982543603,2.6283497884344147,-0.09917980589081177,3.7734629662777324
60,500104089,1418,7.483074753173484,8.355924738250279,2.168056725182348,1.9485190409026798,0.21953768427966813,-11.266899613049926
60,500104090,1418,23.304654442877293,22.90735079108229,1.8596374299856406,1.64950634696756,0.2101310830180807,-12.739028461720327
60,500104091,1418,11.741184767277856,12.709685845157173,4.535685078765122,4.507052186177715,0.028632892587407532,-0.635290904223813
60,500104092,1418,5.73836389280677,5.74938714395921,1.5171717777750338,1.6029619181946404,-0.08579014041960664,5.351976203915628
60,500104094,1418,5.023977433004231,5.137220131208224,1.0063380401928599,0.9830747531734838,0.023263287019376078,-2.366380272128786
60,500104095,1418,11.199576868829338,10.970676358966031,1.5922239673394156,1.720028208744711,-0.12780424140529534,7.430357290393963
60,500104096,1418,5.969675599435825,6.140289924586588,1.9152004196642636,1.9633286318758816,-0.048128212211618004,2.451357935203819
60,500104097,1418,3.645275035260931,3.839748313690736,1.263368495435825,1.3603667136812412,-0.0969982182454161,7.130299298703993
60,500104098,1418,6.748942172073343,6.741713850355354,2.8489064487176083,3.019040902679831,-0.1701344539622225,5.635380885737713
60,500104099,1418,5.6417489421720735,5.950846447352954,2.0280872534587466,2.071932299012694,-0.043845045553947415,2.116142770438987
60,500104100,1418,4.748236953455571,4.970385231117851,1.6844707370957681,1.781382228490832,-0.09691149139506394,5.4402412825891
60,500104101,1418,5.8709449929478135,6.129836012485698,1.607465101421273,1.729901269393512,-0.122436167972239,7.0776390617462255
60,500104102,1418,6.031029619181947,6.388502514538882,2.2401585329814955,2.3194640338504935,-0.07930550086899801,3.4191304418436967
60,500104103,1418,9.23342736248237,9.582720862915858,2.099524454046023,2.211565585331453,-0.1120411312854297,5.066145540903677
60,500104104,1418,9.745416078984485,9.719935186942884,3.6285230933800263,3.8730606488011285,-0.24453755542110223,6.313806511054678
60,500104105,1418,7.675599435825106,7.775898327193442,2.2346448326701362,2.116361071932299,0.11828376073783708,-5.589016085513261
60,500104106,1418,4.493653032440056,5.157451663872222,2.002402324518551,1.9513399153737658,0.051062409144785326,-2.6167869955657967
60,500104107,1418,13.707334273624824,13.660454066419524,4.7780225636374665,5.049365303244006,-0.2713427396065393,5.37379894919096
60,500104108,1418,15.899153737658674,15.99740693722937,6.755717524105237,7.402679830747532,-0.6469623066422949,8.739568932254683
60,500104109,1418,8.997179125528914,8.869320129584445,2.5481903991751564,2.570521861777151,-0.022331462601994367,0.8687520979321814
60,500104110,1418,4.892101551480959,5.101401310765409,1.4069155118950805,1.4894217207334273,-0.0825062088383468,5.539479362347339
60,500104111,141,5.2695035460992905,6.270264593280338,2.8957279469610233,2.1134751773049647,0.7822527696560586,-37.012631047484646
60,500104112,1418,10.665726375176305,10.684985516788759,3.880156264964063,4.199576868829337,-0.3194206038652738,7.60601874527218
60,500104113,1418,6.964739069111425,6.983693117913127,2.5981418610044087,3.0063469675599435,-0.40820510655553477,13.578110276700642
60,500104114,1418,9.279971791255289,9.172362598540802,2.858804769468186,3.11212976022567,-0.2533249907574837,8.139923790938408
60,500104115,1418,7.365303244005641,7.312542501483935,3.2749922286363873,3.557122708039492,-0.28213047940310476,7.931423865852548
60,500104116,1418,10.337799717912553,10.281583957114728,2.7821032089818867,2.9379407616361073,-0.1558375526542206,5.304312281893539
60,500104117,1418,10.481664315937941,10.500358091038365,1.6034303996619896,1.8265162200282088,-0.22308582036621916,12.213733331247056
60,500104118,1418,4.843441466854725,5.280278282176972,1.0420723111136805,0.9315937940761636,0.11047851703751688,-11.85908684021188
60,500104119,1418,6.014104372355431,6.122154100937463,1.7497566358252132,1.6502115655853316,0.09954507023988168,-6.032261094023599
60,500104120,1418,5.217207334273625,5.764090743075992,1.9039107992219344,1.8899858956276445,0.013924903594289884,-0.7367728842053379
60,500104121,1418,6.110014104372356,6.175704060572387,2.2482092789718893,2.397743300423131,-0.14953402145124173,6.23644830640767
60,500104122,1418,5.94851904090268,6.070292363863401,1.1435872001104699,1.033145275035261,0.11044192507520889,-10.689873703525338
60,500104123,1418,11.447813822284909,11.612591679199197,1.9506343777567687,1.992947813822285,-0.042313436065516186,2.1231582569321286
60,500104124,1418,6.1290550070521865,6.436358777304753,1.7787869132492133,1.961212976022567,-0.1824260627733536,9.301695685459023
60,500104125,1418,7.1473906911142455,6.973580501044394,2.06767001124047,2.1713681241184766,-0.10369811287800657,4.775703931828948
60,500104126,1418,9.954160789844853,10.220780619552574,2.1808956836064985,2.365303244005642,-0.1844075603991433,7.796360186224961
60,500104128,1418,7.131875881523272,7.04238510651703,2.563781455347182,2.96262341325811,-0.39884195791092836,13.462458850694986
60,500104129,1418,7.686177715091678,7.806965934398957,1.1939914508875358,1.2581100141043724,-0.06411856321683662,5.096419430575915
60,500104130,1418,7.046544428772919,7.0645314839287625,1.5135025674989722,1.5338504936530324,-0.020347926154060225,1.3265912315612598
60,500104131,1418,5.955571227080395,6.240051570858363,0.9653955769646848,0.7849083215796897,0.1804872553849951,-22.994692554889763
60,500104132,1418,9.306064880112835,9.627367802118261,2.565249849223376,2.741184767277856,-0.1759349180544798,6.418207198385706
60,500104133,1418,7.716502115655853,7.8357512266441445,1.2002580700409633,1.1078984485190408,0.09235962152192245,-8.336469975689754
60,500104134,1418,12.430888575458392,12.107268804073177,1.7291906052419352,1.5239774330042313,0.20521317223770397,-13.465630644750775
60,500104135,1418,11.650916784203103,11.16072899581484,2.3461066202609193,2.354724964739069,-0.008618344478149798,0.366002170410794
60,500104136,1418,7.9971791255289135,8.088300192751692,1.2114648245203692,1.0218617771509169,0.18960304736945233,-18.55466674740396
60,500104137,1418,8.277150916784203,8.61462447815531,1.7979909331785568,1.6861777150916784,0.1118132180868785,-6.631164502182924
60,500104138,1418,5.359661495063469,5.58948058084117,0.49817273035143406,0.3004231311706629,0.19774959918077117,-65.82369287284824
60,500104139,1418,6.0634696755994355,5.981255733812785,1.84070142276336,1.96262341325811,-0.12192199049474994,6.212194844468394
60,500104140,1418,9.103667136812412,9.13525902997028,2.7270177180682076,2.788434414668547,-0.06141669660033955,2.2025512336692334
60,500104141,1418,8.942877291960508,9.109788710520938,2.6630284111953575,2.739774330042313,-0.0767459188469557,2.8011766518657186
60,500104142,1418,8.80818053596615,8.85344025415876,4.039046161862338,4.391396332863188,-0.3523501710008503,8.023647703215122
60,500104143,1418,8.2475317348378,8.608331070064398,1.37055398711402,1.382228490832158,-0.011674503718138052,0.8446146057305999
60,500104144,1418,8.049365303244006,7.583607672569385,2.2022241056574825,2.519040902679831,-0.31681679702234833,12.576881807886055
60,500104145,1418,4.908321579689704,5.474828186535148,1.2187288022154465,0.9062059238363893,0.31252287837905723,-34.48696043124538
60,500104146,1418,4.92524682651622,5.278619226227139,0.8284396297173636,0.7016925246826516,0.12674710503471198,-18.063054767760963
60,500104147,1418,7.446403385049365,7.7945573562615476,1.8551128678540365,1.81311706629055,0.04199580156348648,-2.3162211830814403
60,500104148,1418,4.607193229901269,4.671619117880562,1.6929714573657706,1.727080394922426,-0.03410893755665545,1.9749478748606544
60,500104149,1418,4.1262341325811,4.830138773304077,1.592406664001182,1.4153737658674188,0.17703289813376322,-12.50785498523549
60,500104150,1418,8.433709449929479,8.401753505500084,1.1640455202215072,1.1946403385049364,-0.030594818283429248,2.561006630808895
60,500104151,1418,11.728490832157968,10.819027629112917,2.977355121217315,2.9647390691114244,0.012616052105890674,-0.42553667664493283
60,500104152,1418,5.036671368124119,5.572909058862445,1.541616060526959,1.3899858956276445,0.15163016489931458,-10.908755648261192
60,500104153,1418,6.947813822284909,7.299220930767131,2.4526356606922115,2.6473906911142455,-0.19475503042203401,7.356489961066708
60,500104154,1418,6.73836389280677,6.732944933676475,0.37349152892602033,0.25952045133991536,0.11397107758610497,-43.91602935247197
60,500104155,1418,8.499294781382229,8.642450501331446,2.119588214966614,2.2750352609308884,-0.15544704596427428,6.832731282620612
60,500104156,1418,7.2475317348378,7.299892203078132,1.1076324762590972,1.1128349788434415,-0.005202502584344293,0.4674999153739041
60,500104157,1418,7.07475317348378,7.0932014452817,0.8867854902708546,0.7566995768688294,0.13008591340202524,-17.191223224983393
60,500104158,1418,7.323695345557122,7.154947330608428,1.4482921411328837,1.4788434414668548,-0.03055130033397102,2.065891457967139
60,500105001,1418,16.067700987306065,15.38269498612011,6.589058681728945,7.153032440056418,-0.5639737583274727,7.884400959364648
60,500105002,1418,6.982369534555712,7.05520233061972,3.361072760222273,3.634696755994358,-0.27362399577208496,7.528110710221507
60,500105003,1418,14.992242595204514,13.960952117460648,4.53461360704516,4.705923836389281,-0.17131022934412066,3.640310283380235
60,500105004,1418,14.589562764456982,14.269932213179784,3.393127702420793,3.6629055007052185,-0.2697777982844256,7.365131266217087
60,500105005,1418,5.55148095909732,5.6581033942329135,3.1259570780883075,3.535966149506347,-0.41000907141803955,11.595390172931394
60,500105006,1418,7.5634696755994355,7.5117461426334815,2.2019462982056663,2.351904090267983,-0.14995779206231674,6.376016466097905
60,500105007,1418,22.783497884344147,22.419367407505618,5.0301211192907616,5.564880112834979,-0.5347589935442176,9.609533048355095
60,500105008,1418,9.042313117066291,9.75589945598001,2.716491695808307,2.6297602256699575,0.08673147013834948,-3.29807521201876
60,500105009,1418,14.867418899858956,14.153949159754138,3.366854556482133,3.744005641748942,-0.3771510852668092,10.073464662051903
60,500105010,1418,13.900564174894217,13.667577797492303,3.9442155720438703,4.426657263751763,-0.48244169170789286,10.89855534238955
60,500105011,1418,10.964739069111424,10.427661174913922,2.9913604840108112,3.294781382228491,-0.3034208982176798,9.20913599470612
60,500105012,1418,16.988716502115654,16.131933366836,3.6843867719163947,3.9330042313117066,-0.24861745939531188,6.3213117701730726
60,500105013,1418,14.069111424541608,13.430166225406708,3.7888374136152234,4.104372355430184,-0.3155349418149602,7.6877757301308165
60,500105014,1418,5.799717912552891,5.919483389117184,2.140138345900379,2.2045133991537376,-0.06437505325335868,2.9201479690743
60,500105015,1418,7.029619181946403,6.713826886501796,2.934520359275361,3.090973201692525,-0.15645284241716384,5.06160462120781
60,500105016,1418,14.133991537376586,13.536510518271394,4.178163163384747,4.66361071932299,-0.48544755593824274,10.409264090736857
60,500105017,1418,5.299717912552891,5.793058610749098,2.1414413917084594,2.156558533145275,-0.01511714143681564,0.7009845179007383
60,500105018,1418,23.815937940761636,23.540862674040802,4.491799857797051,5.08885754583921,-0.5970576880421596,11.732646918566829
60,500105019,1418,5.832157968970381,6.984938632680652,2.578883892648867,2.0669957686882934,0.5118881239605737,-24.764836566908684
60,500105020,1418,8.798307475317348,9.391669909860143,2.555528513378503,2.4358251057827927,0.11970340759571041,-4.914285812701719
60,500105021,1418,3.983074753173484,5.112505398406226,1.7365992468939937,1.2693935119887165,0.46720573490527717,-36.80542956087128
60,500105022,1418,9.754583921015515,10.16281625933118,2.9763440803118693,3.0282087447108603,-0.05186466439899107,1.7127176087044558
60,500105023,1418,11.737658674189,12.32580900510002,3.790696282000148,4.044428772919605,-0.2537324909194565,6.27362985394576
60,500105024,1418,12.154442877291961,12.209412084848452,2.8811533931198934,2.804654442877292,0.07649895024260145,-2.7275713211971047
60,500105025,1418,17.473201692524682,16.418935003257754,2.1811156921406134,1.8215796897038081,0.3595360024368053,-19.73759393942663
60,500105026,1418,12.007052186177715,12.18830252298832,2.1795082167487205,2.087447108603667,0.09206110814505353,-4.410224707759659
60,500105027,1418,15.110014104372356,15.183731624531662,2.457970949688638,2.8913963328631875,-0.4334253831745496,14.990175447353934
60,500105028,1418,13.270098730606488,13.40345859508369,3.997111518212286,4.140338504936531,-0.14322698672424483,3.459306202946332
60,500105029,1418,12.093088857545839,11.944491979690987,2.0722929380432302,2.193935119887165,-0.1216421818439346,5.544474890861436
60,500105030,1418,6.632581100141044,7.004349508895203,1.996663543275802,1.9386459802538787,0.05801756302192329,-2.9926847713745808
60,500105031,1418,10.402679830747532,10.420200981042338,2.446155143276349,2.4675599435825104,-0.02140480030616132,0.8674480375574951
60,500105032,1418,8.642454160789844,9.219539475820827,2.179772087120424,2.103667136812412,0.07610495030801223,-3.6177277752853283
60,500105033,1418,11.122708039492242,12.409355724614556,3.1262921644455366,3.0740479548660087,0.05224420957952791,-1.6995248723048997
60,500105034,1418,7.394922425952045,7.421983469328866,1.9138062354397205,1.576163610719323,0.3376426247203974,-21.421800530358993
60,500105035,1418,8.562059238363894,9.311237547607938,2.076587415223894,2.035966149506347,0.04062126571754687,-1.9951837474015055
60,500105036,1418,9.347672778561353,9.687461074315669,2.845358438288141,2.6417489421720735,0.2036094961160675,-7.707374946411737
60,500105037,1418,6.31311706629055,6.742784588117616,1.5742461902658842,1.527503526093089,0.04674266417279527,-3.060069150370438
60,500105038,1418,9.367418899858956,9.383961189040605,1.9467164055407813,1.9548660084626235,-0.008149602921842192,0.4168880571129952
60,500105039,1418,6.421015514809591,6.4435228097965656,1.9305053258830343,1.9555712270803949,-0.02506590119736063,1.28176876660142
60,500105040,1418,6.555712270803949,6.444982201945998,1.553856253901465,1.5606488011283497,-0.006792547226884604,0.43523867906562896
60,500105041,1418,4.807475317348378,5.133562844212451,1.6479698313186926,1.6424541607898449,0.005515670528847716,-0.3358188411295003
60,500105042,1418,5.77574047954866,6.219242739240257,1.011874755235937,0.7891396332863188,0.2227351219496183,-28.225058348932865
60,500105043,1418,4.496473906911143,4.74699091417363,1.40878907538,1.4908321579689703,-0.0820430825889702,5.503173657103109
60,500105044,1418,2.9590973201692523,3.7126112477882898,1.3424750583731562,0.9795486600846263,0.3629263982885299,-37.05036953010334
60,500105046,1418,4.65867418899859,5.004666546102099,1.6054573293112437,1.6452750352609309,-0.03981770594968714,2.4201246050859995
60,500105047,1418,6.957686882933709,6.792395644091892,2.7332267821375185,3.0204513399153736,-0.28722455777785516,9.509325774667257
60,500105048,1418,7.2496473906911145,7.223564107474817,2.832827218051082,2.741889985895628,0.09093723215545424,-3.316589382624334
60,500105049,1418,9.772919605077574,9.889909425356796,2.045542658867637,2.1142454160789845,-0.06870275721134744,3.249516668635446
60,500105050,1418,9.16784203102962,8.89722455163733,2.5305112207093075,2.4407616361071933,0.08974958460211413,-3.677113867835823
60,500105051,1418,3.050070521861777,3.468042369534626,0.9771954079450202,0.8011283497884344,0.17606705815658585,-21.97738454806679
60,500105053,1418,8.73342736248237,8.660227441084672,2.428327653785977,2.6008462623413258,-0.17251860855534895,6.633172096840694
60,500105054,1418,3.0423131170662905,3.708442795219196,1.1810510320978462,0.9153737658674189,0.2656772662304273,-29.023910902522797
60,500105055,1418,14.810296191819464,14.602865050580508,2.869525543205903,3.1100141043723553,-0.24048856116645245,7.732716093742169
60,500105056,1418,5.438645980253879,5.475749614872992,1.715286498516085,1.7009873060648801,0.014299192451204812,-0.8406407502408135
60,500105057,1418,4.1960507757404795,4.184379510683822,1.085961414578848,1.1093088857545839,-0.023347471175735768,2.104686212790421
60,500105058,1418,3.4957686882933707,4.175248070754667,0.8771224200284946,0.5296191819464033,0.34750323808209127,-65.61379382162522
60,500105059,1418,4.727080394922426,5.241795417035792,1.4337024838426828,1.3236953455571228,0.11000713828556008,-8.31060852897838
60,500105060,1418,7.414668547249647,7.369625866877181,1.783303058813349,1.7976022566995769,-0.01429919788622791,0.7954594979470843
60,500105061,1418,12.947813822284909,13.050278344097967,4.184841879401712,4.245416078984485,-0.060574199582773325,1.4268142027968866
60,500105063,1418,4.138928067700987,4.102034304401725,1.299744566910251,1.2475317348377997,0.05221283207245131,-4.18529089195794
60,500105064,1418,5.819464033850494,5.903223298368973,1.0465076126149722,0.8963328631875882,0.15017474942738396,-16.754350486863135
60,500105066,1418,2.731311706629055,3.7370969804137357,2.156964124024107,2.104372355430183,0.05259176859392367,-2.499166483451199
60,500105067,1418,15.688293370944994,15.205711628217255,3.8477675782195444,4.246121297602257,-0.3983537193827127,9.381590667408844
60,500105068,1418,4.28984485190409,4.325138815374632,1.9287373686829843,2.1184767277856134,-0.18973935910262907,8.95640516669534
60,500105069,1418,11.526093088857547,11.581486607870142,2.9856910789669633,3.059943582510578,-0.07425250354361479,2.4265971427712785
60,500105070,1418,40.81875881523272,38.918481704023485,9.593949976483234,10.388575458392102,-0.7946254819088683,7.649032199760879
60,500105071,1418,4.994358251057828,5.220551747179607,2.4053358322996488,2.508462623413258,-0.10312679111360934,4.111155181307226
60,500105072,1418,3.105077574047955,3.9335279895997792,1.3469340502758433,1.1339915373765868,0.2129425128992566,-18.778139508155835
60,500105073,1418,9.55077574047955,9.656013836445371,2.0156619040479895,2.1657263751763045,-0.150064471128315,6.929059591662347
60,500105074,1418,4.871650211565585,5.100088192729293,2.209811386607427,2.2651622002820875,-0.055350813674660326,2.4435695451640207
60,500105075,1418,4.504231311706629,4.863833016409366,1.7319688164701341,1.653737658674189,0.07823115779594514,-4.730566386125808
60,500105076,1418,5.879407616361072,6.044267413200584,1.4135167239911046,1.314527503526093,0.09898922046501157,-7.530403144816868
60,500105077,1418,6.1657263751763045,6.341952650225207,1.950451641082636,2.1579689703808183,-0.20751732929818223,9.61632591322949
60,500105079,1418,7.3159379407616365,7.243905406116325,1.9585665164680202,2.1382228490832156,-0.17965633261519542,8.402133233784536
60,500105080,1418,5.1114245416078985,5.388066051232205,1.9530420773201447,1.7990126939351199,0.1540293833850248,-8.561884188160139
60,500105081,1418,17.24682651622003,16.03441236574231,3.539624065951261,3.8279266572637516,-0.2883025913124908,7.5315599572791445
60,500105082,1418,5.179830747531735,5.481354140077646,2.077288606407709,2.1516220028208743,-0.07433339641316516,3.454760934574507
60,500105083,1418,7.487306064880113,7.351499387763847,1.751110005039146,1.869534555712271,-0.11842455067312496,6.334440318917057
60,500105084,1418,12.802538787023977,12.523726765993233,1.6745057965079069,1.6643159379407617,0.01018985856714516,-0.6122550613649084
60,500105085,1418,5.157263751763047,5.241427715326021,1.3900610996653902,1.4407616361071933,-0.05070053644180317,3.51900933306299
60,500105086,1418,6.566995768688293,6.710552345386498,2.0564322479588117,2.170662905500705,-0.11423065754189343,5.262477985523226
60,500105087,1418,8.375881523272215,8.145438804738646,2.7747475192982516,2.8554301833568405,-0.08068266405858893,2.825587000125441
60,500105088,1418,4.809590973201693,5.305782027407481,1.1229820264882076,1.0077574047954867,0.11522462169272085,-11.433765819473628
60,500105089,1418,12.538081805359662,12.367376703091702,2.7317337422029344,3.016220028208745,-0.2844862860058104,9.431881074497056
60,500105090,1418,8.450634696755994,8.64500858888843,2.7630479224768894,2.563469675599436,0.1995782468774534,-7.785473289469846
60,500105091,1418,5.796897038081806,6.038308614692216,2.2956398680015315,2.4992947813822286,-0.20365491338069708,8.148495123415024
60,500105092,1418,10.109308885754585,9.763408091300688,1.5076179444621558,1.468265162200282,0.039352782261873775,-2.6802231146655626
60,500105093,1418,3.5557122708039492,3.8672418227342225,1.2397364058633866,0.9943582510578279,0.2453781548055587,-24.6770371286725
60,500105094,1418,8.6212976022567,8.379025455222251,1.9319361043948737,2.1382228490832156,-0.20628674468834185,9.647579286545803
60,500105095,1418,5.47672778561354,5.666896216423178,2.101919207994625,2.2482369534555713,-0.1463177454609461,6.5081105101512415
60,500105096,1418,7.488716502115656,7.2500638978928285,1.6667936256899434,1.784203102961918,-0.1174094772719747,6.5804995561921
60,500105097,1418,4.736953455571227,5.151855988615137,1.4315714507725,1.380818053596615,0.050753397175884896,-3.675603533983901
60,500105098,1418,7.318758815232722,7.232235561833385,2.302428351895274,2.5077574047954867,-0.20532905290021253,8.187755821498914
60,500105100,1418,4.355430183356841,4.871843221803722,1.159378724176401,0.8913963328631875,0.26798239131321355,-30.063214468523483
60,500105101,1418,5.592383638928068,6.136741080615077,1.752935538295723,1.6269393511988717,0.12599618709685134,-7.744369020517348
60,500105102,1418,6.590267983074753,6.773002390102796,1.7188462693178368,1.8279266572637518,-0.10908038794591501,5.967437889942419
60,500105103,1418,12.340620592383639,12.210207231040648,1.5755563174108225,1.4421720733427363,0.13338424406808613,-9.248843916310324
60,500105104,1418,3.944992947813822,4.368510189526574,1.4949998543467142,1.2947813822284908,0.2002184721182234,-15.463496376015293
60,500105106,1418,6.985190409026798,7.282926774541679,1.7021609829856867,1.7087447108603666,-0.006583727874679868,0.3852961669952973
60,500105107,1418,11.198871650211565,11.086637980705902,1.9094626264355692,1.7390691114245416,0.17039351501102762,-9.797972598768741
60,500105108,1418,9.129760225669958,9.1592064686645,1.560972317313705,1.5458392101551481,0.015133107158556758,-0.9789573882679509
60,500105109,1418,7.633286318758815,7.325298940759609,2.2989590654876477,2.4379407616361073,-0.13898169614845957,5.700782329722755
60,500105110,1418,8.24330042313117,8.328690542923534,1.6701819173614931,1.5874471086036672,0.0827348087578259,-5.211815140763977
60,500105111,1418,10.385754583921015,10.672754369519653,2.389880040342164,2.616361071932299,-0.2264810315901351,8.656337002555567
60,500105112,1418,3.3942172073342736,4.049411684754516,1.2063005860738014,0.9901269393511989,0.21617364672260253,-21.83292243964746
60,500105113,1418,13.5049365303244,13.019660593206048,1.9789505341439015,1.851904090267983,0.12704644387591846,-6.8603144484406835
60,500105114,1418,3.1339915373765868,3.8649026162580817,1.1324095464917288,0.7912552891396333,0.3411542573520955,-43.11557370100458
60,500105115,1418,4.726375176304654,5.8052468631287635,2.0010300236953165,1.7080394922425952,0.29299053145272125,-17.1536157555722
60,500105116,1418,2.349083215796897,3.1703281287512617,1.5509511882712383,1.3653032440056418,0.1856479442655965,-13.597561207056602
60,500105117,1418,5.847672778561354,6.190317289463167,2.4544155353866537,2.5317348377997178,-0.07731930241306406,3.0540047582653163
60,500105118,1418,5.875176304654443,6.368851530414847,1.412165895310615,1.2834978843441467,0.1286680109664684,-10.024793381892978
60,500105119,1418,6.1212976022567,6.433354853514454,1.144592289074637,1.0867418899858956,0.057850399088741344,-5.323287859041871
60,500105120,1418,4.657263751763047,5.1477847072883804,1.0894876767272375,0.9308885754583921,0.15859910126884535,-17.03738830297142
60,500105121,1418,7.303244005641749,7.30919877090587,2.248367009844177,2.426657263751763,-0.17829025390758613,7.347154316796196
60,500105122,1418,8.231311706629056,8.241619532605247,1.435031842428238,1.4499294781382228,-0.014897635709984813,1.0274731243559565
60,500105123,1418,2.5796897038081807,3.6479752191195236,1.3505371162345834,0.7200282087447109,0.6305089074898725,-87.56725081494999
60,500105124,1418,4.164315937940762,4.393497642225086,1.25656194084729,1.2510578279266573,0.005504112920632576,-0.4399567148510142
60,500105125,1418,4.947813822284909,5.418819598030425,1.6385404222101125,1.6029619181946404,0.035578504015472134,-2.21954767681212
60,500105126,1418,12.845557122708039,12.43913545446891,3.0972241568135037,2.942172073342736,0.1550520834707676,-5.269986921417749
60,500105128,1418,9.449929478138223,9.36457236140257,1.5367227394940433,1.4527503526093088,0.0839723868847344,-5.780235174881232
60,500105129,1418,8.645980253878703,8.531595634784365,1.2524220222028966,1.041607898448519,0.21081412375437747,-20.239297730785864
60,500106001,1418,3.736953455571227,4.677909489393303,2.0785056286238124,1.7496473906911143,0.3288582379326981,-18.795686472735422
60,500106002,1418,6.7320169252468265,7.5788797203406215,3.3176858437004566,3.332157968970381,-0.014472125269924252,0.4343169022804781
60,500106003,1418,3.3427362482369536,3.8358043951509657,2.4332165728982136,2.4203102961918193,0.012906276706394326,-0.533248845270022
60,500106004,1418,3.7150916784203103,4.12110417683164,2.598437392405694,2.601551480959097,-0.003114088553403338,0.1197012081519635
60,500106005,1418,6.386459802538787,6.968269790275026,3.0078122951008495,3.045839210155148,-0.03802691505429845,1.2484872782355916
60,500106006,1418,6.801833568406206,8.27605630858328,4.1458672737113975,4.058533145275035,0.08733412843636223,-2.151864363557978
60,500106007,1418,7.684767277856135,8.511169849468862,3.530241736659876,3.505641748942172,0.024599987717703886,-0.7017256605050113
60,500106008,1418,8.2574047954866,8.880515237584952,2.1024939686021704,2.090267983074753,0.012225985527417382,-0.5849003872428424
60,500106009,1418,24.13187588152327,23.75309019123584,5.054490333904601,5.394922425952045,-0.3404320920474442,6.310231457820598
60,500106010,1418,18.414668547249647,18.0597678508885,4.701844401766093,5.078984485190409,-0.37714008342431615,7.425501781389618
60,500106011,1418,7.678420310296191,7.842294326214612,2.569184141325472,2.538787023977433,0.03039711734803907,-1.1973086777644277
60,500106012,1418,5.886459802538787,5.9657250581596,2.1822680653370004,2.232722143864598,-0.050454078527597535,2.2597562650705405
60,500106013,1418,5.515514809590973,5.904365421006589,2.3886304596598027,2.595909732016925,-0.2072792723571224,7.984841298625362
60,500106014,1418,23.60225669957687,23.51133022832981,6.734658350451791,7.518335684062059,-0.7836773336102683,10.423548063590285
60,500106015,1418,3.0423131170662905,3.999654364794953,2.193077772815955,2.0324400564174896,0.16063771639846536,-7.9036877811597455
60,500106016,1418,2.956981664315938,3.6466599272087405,1.7238799139590877,1.5959097320169253,0.12797018194216236,-8.018635351037835
60,500106017,1418,8.287023977433003,9.674624028232893,3.8531969939447577,3.6607898448519043,0.1924071490928534,-5.255891685872974
60,500106018,1418,21.969675599435824,22.03866921417687,5.166414784385878,5.96755994358251,-0.8011451591966328,13.425003967629701
60,500106019,1418,7.916784203102962,8.096040129810707,3.075287150905834,3.2002820874471087,-0.1249949365412748,3.905747466186154
60,500106020,1418,4.892101551480959,5.60630815129131,2.312006537157116,2.2249647390691116,0.08704179808800427,-3.912052921990176
60,500106021,1418,8.472496473906912,9.407941077269665,3.658809803759375,3.6847672778561353,-0.025957474096760524,0.7044535553915106
60,500106022,1418,7.058533145275035,7.722191931123099,3.78856314933497,3.656558533145275,0.13200461618969506,-3.61007802810005
60,500106023,1418,4.429478138222849,5.130470986114516,2.4756128198704843,2.3363892806770097,0.13922353919347463,-5.958918761737007
60,500106025,1418,17.928772919605077,17.794780824070596,4.136248533782766,4.7983074753173485,-0.6620589415345828,13.797759833862997
60,500106026,1418,8.675599435825106,8.673613848312858,1.9195515505787872,2.096614950634697,-0.1770634000559097,8.44520354117995
60,500106027,1418,10.382228490832158,10.641766452009724,2.460593084904482,2.5973201692524683,-0.13672708434798642,5.264159804655029
60,500106028,1418,5.271509167842031,5.809085631902524,1.889282100265294,1.8815232722143864,0.007758828050907551,-0.41236949685857976
60,500106029,1418,7.031734837799718,7.409320290152515,2.285220186290319,2.29901269393512,-0.013792507644800889,0.5999317742431798
60,500106030,1418,5.367418899858956,5.5474535158624665,2.4368544629482978,2.310296191819464,0.12655827112883378,-5.478010636773086
60,500106031,1418,5.443582510578279,5.948170913818522,1.998257279687011,1.8991537376586742,0.09910354202833682,-5.218300133538121
60,500106037,1418,12.983074753173483,12.798304438398617,2.6620898411365386,2.755289139633286,-0.09319929849674757,3.382559643419198
60,500106038,1418,12.533145275035261,12.756568882424745,4.619646464366192,4.576868829337094,0.042777635029097816,-0.9346484818376072
60,500106039,1418,8.944992947813823,8.92196614887904,3.164905424584137,3.1410437235543016,0.023861701029835203,-0.7596742716727957
60,500106040,1418,11.244710860366714,11.384025714032399,3.5141312176111352,3.5740479548660087,-0.05991673725487345,1.6764390968313052
60,500106041,1418,6.638928067700987,6.822230135913098,2.5270895335850363,2.4746121297602257,0.05247740382481059,-2.120631479725888
60,500106042,1418,8.769393511988717,9.31086299687921,3.0897731674668205,3.085331452750353,0.004441714716467704,-0.1439623192674561
60,500106043,1418,5.690409026798307,6.975237377450853,2.642736321212839,2.3737658674189,0.26897045379393925,-11.330959699340637
60,500106046,1418,4.919605077574048,4.955306444734158,2.2768906834557674,2.162200282087447,0.11469040136832032,-5.304337545345017
60,500106047,1418,12.513399153737659,12.201081480629998,7.00517452205387,7.526093088857546,-0.520918566803676,6.921500447222757
60,500106048,1418,11.709449929478138,13.34733333655332,5.430409674151898,5.917489421720734,-0.48707974756883576,8.231189155674045
60,500106049,1418,3.4851904090267984,4.467962548689622,2.349311930330625,2.103667136812412,0.24564479351821333,-11.676980127684429
60,500106050,1418,11.184062059238364,11.88435754307964,3.635348242675334,3.760930888575458,-0.12558264590012413,3.3391372939504227
60,500106051,1418,10.698871650211565,10.85700018295527,3.61420878003473,3.8885754583921015,-0.2743666783573717,7.055711822828312
60,500106052,1418,6.299717912552891,7.169335108124519,3.856163423177195,3.678420310296192,0.1777431128810032,-4.8320501162818745
60,500106053,1418,16.440056417489423,15.987723327182636,4.213272043814632,4.620592383638928,-0.40732033982429616,8.815327256881135
60,500106054,1418,8.589562764456982,8.51625498853526,3.580466651509805,3.7475317348378,-0.16706508332799475,4.458003164454206
60,500106055,1418,20.36459802538787,21.350574710432536,7.3999828202885345,8.484485190409027,-1.084502370120492,12.782182369136878
60,500106056,1418,14.321579689703809,14.745598959298583,4.335120777751991,4.931593794076163,-0.5964730163241727,12.094934036145816
60,500106057,1418,8.896332863187588,10.269959473316518,3.106705909559471,2.659379407616361,0.4473265019431101,-16.820710149968974
60,500106058,1418,6.133991537376587,6.998768325452014,3.2509931775506806,3.2404795486600846,0.010513628890596038,-0.324446697864313
60,500106059,1418,13.831452750352609,13.805193540793688,3.955368705596731,4.22425952045134,-0.268890814854609,6.3653952498136155
60,500106060,1418,5.6114245416078985,5.915580325783609,2.640947318872837,2.791960507757405,-0.15101318888456783,5.408858343983763
60,500106061,1418,5.830747531734838,6.342128753621569,2.13876876876765,2.1748942172073344,-0.03612544843968424,1.6610209431735488
60,500106062,1418,15.543723554301833,15.72371543331661,5.346186088161823,5.598730606488012,-0.2525445183261885,4.510746025778251
60,500106063,1418,5.031734837799718,5.597049272345925,1.7179298177172015,1.6600846262341327,0.05784519148306888,-3.4844724521236903
60,500106064,1418,11.754583921015515,11.719731042570094,2.815637597949285,3.06064880112835,-0.245011203179065,8.005204749030279
60,500106065,1418,10.86459802538787,11.54687675468922,6.156684288819119,6.598730606488012,-0.44204631766889246,6.698959906535102
60,500106066,1418,15.372355430183356,14.868359143197615,4.448832615468949,4.52327221438646,-0.07443959891751106,1.6457023895389877
60,500106067,1418,16.32228490832158,16.58861582167135,5.117312830259416,5.413963328631876,-0.29665049837246027,5.479359211829473
60,500106068,1418,7.312411847672778,8.201288946654426,2.3884615534537716,2.35049365303244,0.0379679004213318,-1.6153160155250075
60,500106069,1418,5.8039492242595205,6.762705410694884,3.443675408326836,3.3787023977433006,0.06497301058353555,-1.9230166772584723
60,500106070,1418,9.278561354019747,9.89209969189384,4.5563786759495395,4.601551480959097,-0.04517280500955767,0.9816863985218817
60,500106071,1418,13.236953455571227,13.458505478056559,4.096727815949834,4.100141043723554,-0.0034132277737199956,0.0832465941371681
60,500106072,1418,3.1170662905500706,4.488470463109152,2.5632787046558607,2.1248236953455573,0.43845500931030346,-20.634888921407576
60,500106073,1418,6.564880112834979,6.718307324358443,2.730839687866318,2.6798307475317347,0.051008940334583475,-1.9034388788010361
60,500106074,1418,7.303244005641749,7.120721907225052,2.515554284826261,2.329337094499295,0.18621719032696626,-7.994428576555801
60,500106075,1418,7.097320169252468,7.531369427070461,2.901042924660965,2.9675599435825104,-0.06651701892154538,2.2414717878030266
60,500106077,1418,10.370239774330042,10.500148952589491,4.1294132485005495,4.534555712270804,-0.40514246377025476,8.934556977079644
60,500106078,1418,10.229196050775741,10.471767306431833,2.6501802481633296,2.7306064880112837,-0.08042623984795405,2.945361779555755
60,500106079,1418,4.148095909732017,4.70997998091792,2.0704408965466436,1.7602256699576868,0.31021522658895684,-17.62360542079891
60,500106080,1418,5.70098730606488,6.069058805386772,3.3602954467343933,3.56558533145275,-0.20528988471835685,5.757536719355816
60,500106083,1418,5.055007052186178,6.090057014904432,2.6881137465684306,2.3928067700987308,0.29530697646969983,-12.341446879871333
60,500106084,1418,4.779266572637518,5.869393780339813,2.8691759918372517,2.7637517630465442,0.10542422879070745,-3.814533208094493
60,500106085,1418,10.210860366713682,10.334611451805248,4.005715956217308,4.222143864598025,-0.2164279083807168,5.126019276496684
60,500106086,1418,10.02327221438646,9.86954512441436,3.308229493911157,3.2454160789844853,0.06281341492667192,-1.935450290439391
60,500106087,1418,7.31311706629055,7.152892281161341,2.2698439322374235,2.119181946403385,0.15066198583403834,-7.109440795762607
60,500106088,1418,6.7679830747531735,6.8049618897843285,2.343287489225223,2.346262341325811,-0.002974852100587899,0.12679111147080377
60,500106089,1418,7.401269393511988,8.006901682424173,2.770514895129296,2.755994358251058,0.014520536878237955,-0.5268710668715819
60,500106090,1418,4.828631875881523,6.026728091108187,2.4057146242621195,2.1220028208744712,0.28371180338764823,-13.370001236413598
60,500106091,1418,13.00916784203103,13.286269411948537,3.9666546517175547,4.2679830747531735,-0.3013284230356188,7.060206607146521
60,500106092,1418,5.930888575458392,6.812038244728134,4.060210923030102,3.9978843441466854,0.06232657888341642,-1.5589890431590137
60,500106093,1418,4.766572637517631,4.888374208662013,1.8625312298727257,1.9026798307475317,-0.040148600874805984,2.1101080815594844
60,500106094,1418,6.681241184767278,6.648461351445673,2.224463293056599,2.052891396332863,0.17157189672373585,-8.357572983657073
60,500106095,1418,8.844851904090268,9.124127703386181,3.479859233913695,3.678420310296192,-0.19856107638249698,5.397998587238893
60,500106096,1418,8.712976022566997,8.756918177433572,2.9299538959816984,3.1544428772919604,-0.22448898131026196,7.116596814172848
60,500106097,1418,11.20098730606488,10.973463301153075,3.272312487984406,3.380818053596615,-0.1085055656122087,3.209447059618522
60,500106098,1418,6.6650211565585336,7.160749734563514,3.058780613198064,2.791255289139633,0.26752532405843077,-9.584409032714877
60,500106099,1418,4.7200282087447105,5.3161834900138905,2.056242019871122,1.806064880112835,0.25017713975828726,-13.852057172091033
60,500106100,1418,7.259520451339915,8.090111663268988,2.5188524224245445,2.4358251057827927,0.08302731664175189,-3.4085910537928252
60,500106101,1418,7.782087447108603,8.01772515415816,1.9555332999153658,1.8871650211565585,0.06836827875880735,-3.6228034110608682
60,500106102,1418,3.2031029619181948,4.182005234767138,2.6197976611043647,2.4767277856135403,0.1430698754908244,-5.7765684352502555
60,500106103,1418,3.497179125528914,4.095606607626698,1.932614618835661,1.9781382228490831,-0.04552360401342215,2.3013358463826243
60,500106104,1418,4.7475317348378,5.197713810263167,2.7887435040532518,2.8942172073342736,-0.10547370328102179,3.644291209855967
60,500106105,1418,7.882228490832158,7.827604725682451,3.620957928429777,3.876586741889986,-0.25562881346020916,6.594172411980654
60,500106106,1418,8.871650211565585,9.02034745402065,3.979905577268912,4.229196050775741,-0.2492904735068291,5.894512113268028
60,500106107,1418,7.292665726375176,7.29005580433475,2.8117871083484176,2.853314527503526,-0.04152741915510827,1.455409796390102
60,500106108,1418,4.2983074753173485,4.909454802766054,1.937165838983853,1.9858956276445698,-0.048729788660716755,2.4537940454863763
60,500106109,1418,5.301128349788434,5.604327599351756,1.748374863319781,1.7637517630465445,-0.015376899726763371,0.8718290208936609
60,500106110,1418,3.9245416078984485,5.274965487731958,3.185791451922604,2.9605077574047955,0.22528369451780828,-7.6096302721832325
60,500106111,1418,4.782792665726375,5.5042957541380595,2.3871919623704656,2.2997179125528913,0.08747404981757434,-3.8036860668911507
60,500106112,1418,12.362482369534556,12.150240619698513,5.345105724219751,6.043018335684062,-0.6979126114643108,11.54907320639973
60,500106113,1418,6.392806770098731,6.508339011423542,2.4024504237898525,2.4330042313117066,-0.030553807521854104,1.2558057700286702
60,500106114,1418,6.431593794076163,6.48240981717204,2.376895182348642,2.4590973201692523,-0.08220213782061014,3.3427769265737077
60,500106115,1418,7.449224259520451,7.68567631007846,2.185867452621227,2.169957686882934,0.01590976573829339,-0.7331832244686391
60,500106116,1418,7.901269393511988,7.881942348778194,2.8806523938335835,3.1354019746121295,-0.25474958077854604,8.124941645163704
60,500106117,1418,13.195345557122709,12.892554878179999,3.0628122732569056,3.1960507757404795,-0.13323850248357383,4.168848113894698
60,500106118,1418,3.6389280677009874,4.073375836683606,2.457209822926359,2.585331452750353,-0.128121629823994,4.955713886809151
60,500106119,1418,9.354724964739068,9.52873907371331,3.0984915055055136,3.3370944992947815,-0.23860299378926797,7.150022087768004
60,500106121,1418,15.909026798307476,15.83481636050124,6.392119526543913,7.297602256699577,-0.905482730155664,12.40794850561202
60,500106122,1418,5.3645980253878705,5.77550264104886,1.545940442783392,1.5126939351198871,0.0332465076635049,-2.197834399386944
60,500106123,1418,6.042313117066291,6.511016553679306,2.3915697633812467,2.4774330042313117,-0.08586324085006503,3.4658148455847484
60,500106125,1418,4.734837799717913,5.21949358622448,2.193962039112236,2.260225669957687,-0.06626363084545073,2.9317263194648717
60,500106126,1418,6.392806770098731,7.236258747156482,3.1122350669043595,3.120592383638928,-0.00835731673456852,0.26781186733600365
60,500106127,1418,6.5275035260930885,6.544515607632849,2.576016865667476,2.732722143864598,-0.15670527819712188,5.734402180219841
60,500106128,1418,11.285613540197462,11.227535274685646,2.911896409929669,2.972496473906911,-0.06060006397724216,2.0386925437658214
60,500106129,1418,7.361071932299013,7.995030846307891,1.8489824531353933,1.8730606488011283,-0.02407819566573499,1.285500054744436
60,500106130,1418,7.209449929478138,7.358389670723568,1.9211253357789446,1.9294781382228492,-0.008352802443904572,0.4329047465444694
60,500106131,1418,6.193935119887165,6.6245077555467065,2.180047624816313,1.9344146685472496,0.24563295626906334,-12.698050746975277
60,500106132,1418,22.458392101551482,21.693492182683503,6.048022893702407,7.085331452750353,-1.037308559047946,14.640226303672614
60,500106133,1418,5.612834978843441,6.055766199913081,2.287407430335953,2.2320169252468265,0.055390505089126574,-2.4816346355886725
60,500106134,1418,4.992947813822285,5.561163869495261,1.3586011308260626,1.2461212976022567,0.11247983322380595,-9.026395218526137
60,500106135,1418,5.086036671368124,5.479208153616495,3.723445112626029,3.8138222849083214,-0.09037717228229258,2.369726891573426
60,500106136,1418,6.968265162200282,7.552650271651888,2.504056780019521,2.3885754583921015,0.11548132162741931,-4.834736169698275
60,500106137,1418,4.2475317348378,4.957152387283552,2.351154055138042,2.260930888575458,0.09022316656258367,-3.990531821139852
60,500106138,1418,4.324400564174894,5.5529959783196405,2.099866543624057,1.7954866008462624,0.30437994277779445,-16.952504275683918
60,500106142,1418,5.318758815232722,6.061216153170362,2.6541471846926137,2.4351198871650213,0.21902729752759242,-8.99451803921593
60,500106143,1418,8.356135401974612,8.242415967927597,2.273737175113066,2.0740479548660087,0.19968922024705726,-9.627994366213096
60,500106144,1418,3.8053596614950633,4.3197882352312025,2.3777249272163132,2.419605077574048,-0.041880150357734625,1.7308671876207433
60,500106145,1418,6.637517630465444,6.949489307463184,1.7059979361879156,1.7454160789844853,-0.03941814279656963,2.258380868102454
60,500106146,1418,3.8420310296191817,4.823560965676677,2.6112772413556904,2.42524682651622,0.18603041483947047,-7.67057657000201
60,500106147,1418,5.865303244005641,6.2565390954940225,2.4347787127934217,2.390691114245416,0.04408759854800559,-1.844136128055219
60,500106149,1418,8.078984485190409,7.915005676601218,2.497692504517017,2.7207334273624824,-0.2230409228454655,8.197823447249094
60,500106150,1418,10.58885754583921,10.71394258000868,3.459218473290303,3.6805359661495065,-0.22131749285920366,6.013186527579053
60,500106151,1418,6.717912552891397,6.848793125002871,2.218485850558495,2.263046544428773,-0.044560693870277834,1.9690577721425357
60,500106152,1418,10.536671368124118,11.212235930473136,1.7898455084048512,1.7496473906911143,0.040198117713736936,-2.297498223219628
60,500107001,1418,11.978843441466855,11.827618042541292,3.4621049002702926,3.620592383638928,-0.15848748336863538,4.377390950851675
60,500107002,1418,6.348377997179125,6.348775478030565,1.9955691825139283,1.9196050775740479,0.07596410493988048,-3.9572777665227967
60,500107003,1418,6.283497884344147,6.739517977985682,1.7940229922869684,1.5444287729196051,0.24959421936736326,-16.16094077912882
60,500107004,1418,5.521861777150916,5.6021710188430465,0.9842316302281355,0.8998589562764457,0.08437267395168979,-9.376210945415055
60,500107005,1418,16.681241184767277,16.272621120220464,4.671362754021923,5.306064880112835,-0.6347021260909118,11.961823694802138
60,500107006,1418,7.241889985895628,7.527864726194817,2.1136832077540624,2.0225669957686883,0.09111621198537412,-4.504978681843114
60,500107007,1418,13.96262341325811,14.586615786745904,2.577628048160742,2.229901269393512,0.34772677876723,-15.593819490573441
60,500107008,1418,13.67277856135402,13.71857788777538,4.856430663019129,5.302538787023978,-0.4461081240048488,8.413104400038243
60,500107009,1418,8.528208744710861,8.529930029094391,2.8089900412751776,3.1008462623413258,-0.29185622106614817,9.412147406681784
60,500107010,1418,18.021156558533146,17.46101974164531,5.773531902283039,6.375176304654443,-0.601644402371404,9.437298258436405
60,500107011,1418,5.820874471086037,6.960428469014244,3.1947772333910973,3.0423131170662905,0.15246411632480683,-5.011453800384239
60,500107012,1418,18.502820874471087,18.392076605280348,5.024296057551323,5.229196050775741,-0.20489999322441754,3.9183842264629
60,500107013,1418,9.73836389280677,10.369428703726408,5.184177026564138,5.34555712270804,-0.16138009614390203,3.018957471399117
60,500107014,1418,7.7376586741889986,7.583840373838104,3.460699184872723,3.7221438645980256,-0.2614446797253027,7.024034783070846
60,500107015,1418,9.355430183356841,10.035217663445158,2.086931797739808,2.0282087447108603,0.058723053028947536,-2.895316035989138
60,500107016,1418,11.081805359661494,12.28399056938241,3.6530446280229465,3.4414668547249647,0.21157777329798177,-6.147895133945455
60,500107017,1418,11.184767277856135,11.435714501602318,4.2858023171601305,4.485895627644569,-0.2000933104844389,4.460498573603748
60,500107018,1418,6.409026798307475,7.263325029003393,2.5257864395865957,2.461212976022567,0.06457346356402871,-2.6236438777591036
60,500107019,1418,7.2376586741889986,8.44193553367733,3.552898986396854,3.4414668547249647,0.11143213167188915,-3.237925465383992
60,500107020,1418,13.582510578279267,13.523481412887222,3.0612964469760295,3.437235543018336,-0.37593909604230635,10.93725150160013
60,500107021,1418,16.973201692524682,16.620071588623848,5.057051114232874,5.106488011283498,-0.04943689705062404,0.9681193207814512
60,500107022,1418,18.488011283497883,18.155489249433003,4.821927893190286,5.313822284908322,-0.49189439171803606,9.256884505058727
60,500107023,1418,31.669957686882935,30.146134088090587,7.264059094106842,7.915373765867419,-0.6513146717605771,8.228476519569657
60,500107024,1418,15.120592383638929,15.962270742608027,7.449530735719404,8.172073342736248,-0.7225426070168437,8.841606979201627
60,500107025,1418,7.789139633286319,7.611564744397268,2.8070812434827537,3.117771509167842,-0.3106902656850883,9.965139035092857
60,500107026,1418,4.458392101551481,5.076442848649547,1.8477814040664096,1.7016925246826515,0.14608887938375803,-8.584916326820096
60,500107027,1418,15.629055007052186,16.46263596726912,4.342603308341686,4.570521861777151,-0.2279185534354653,4.986707433598053
60,500107028,1418,14.695345557122709,15.112664931655116,6.323888635198394,6.544428772919605,-0.22054013772121106,3.3698913285417813
60,500107029,1418,13.81734837799718,13.755106152834259,4.574455922351003,4.766572637517631,-0.19211671516662765,4.0305001051380085
60,500107030,1418,6.999294781382228,7.585121951137305,2.3527655288035603,2.4386459802538787,-0.08588045145031842,3.5216448859615825
60,500107031,1418,8.825105782792665,9.008236567083593,2.510947051300445,2.6904090267983074,-0.17946197549786236,6.670434633183979
60,500107032,1418,9.106488011283497,9.887786166514568,1.894233309414962,1.6791255289139633,0.21510778050099866,-12.810702761462247
60,500107033,1418,7.312411847672778,7.348253153327708,3.2166898813032763,3.642454160789845,-0.4257642794865686,11.68893994795652
60,500107034,1418,11.371650211565585,11.622122094853909,3.346136120764401,3.4661495063469676,-0.12001338558256647,3.4624411140606153
60,500107035,1418,12.064174894217206,12.943763504372956,4.418886456438692,4.175599435825106,0.24328702061358598,-5.826397487418762
60,500107036,1418,8.912552891396333,9.782216779457054,4.741260576368274,4.7320169252468265,0.009243651121447094,-0.19534273159779403
60,500107037,1418,10.433004231311706,10.211319180612401,3.1071322849883187,3.368124118476728,-0.26099183348840915,7.748878138328396
60,500107038,1418,5.125528913963328,5.543229681290823,2.9180400048430872,3.206629055007052,-0.28858905016396497,8.99976408912475
60,500107040,1418,13.265867418899859,13.274466461274649,3.7913077060804277,4.1297602256699575,-0.3384525195895298,8.195452062465051
60,500107041,1418,26.078279266572636,25.27267222984891,2.6023632461780037,2.5825105782792668,0.019852667898736964,-0.7687352015403881
60,500107042,1418,5.81805359661495,6.4625305663162536,2.5447338513034268,2.18688293370945,0.3578509175939768,-16.363515032191522
60,500107043,1418,6.052891396332863,6.110497559161994,2.713635140341419,2.6600846262341324,0.053550514107286507,-2.0131131761434853
60,500107044,1418,5.8765867418899855,6.155440225052526,2.57304261855078,2.7320169252468265,-0.1589743066960465,5.8189356451986045
60,500107045,1418,8.207334273624824,8.195521804108862,3.813998438253513,4.03244005641749,-0.21844161816397678,5.417107634776479
60,500107046,1418,8.868124118476727,8.675399272508706,2.12400264082682,2.2778561354019744,-0.1538534945751544,6.754311309831857
60,500107047,1418,7.952045133991537,7.607423872661631,2.532167524254669,2.7968970380818052,-0.2647295138271364,9.465114740465946
60,500107048,1418,16.40197461212976,15.756009149394336,3.8762832324025327,4.131875881523272,-0.2555926491207394,6.185874320757954
60,500107049,1418,23.632581100141042,22.731640116673553,3.2754431104379784,3.1889985895627646,0.08644452087521382,-2.710710539607545
60,500107051,1418,9.069111424541608,10.075556264847169,2.963599019229865,2.8328631875881523,0.13073583164171287,-4.61497160238857
60,500107052,1418,9.494358251057827,9.389994999381008,2.4246651394959366,2.593794076163611,-0.16912893666767426,6.520522898171889
60,500107053,1418,5.306064880112835,5.416019160221508,2.0525782942328967,2.229901269393512,-0.17732297516061513,7.952054989808738
60,500107054,1418,6.514104372355431,6.46493698926535,2.569489557173061,2.882228490832158,-0.3127389336590971,10.85059476213848
60,500107055,1418,5.670662905500706,5.947910788087552,1.5928869721253638,1.6008462623413258,-0.007959290215961978,0.49719266635392445
60,500107058,1418,8.21015514809591,8.505085025807624,1.8527892793611118,1.8582510578279268,-0.005461778466814948,0.2939203744191118
60,500107059,1418,10.515514809590973,10.704928481425396,4.772550824756883,4.992947813822285,-0.22039698906540206,4.414165684953956
60,500107060,1418,11.486600846262341,11.30582188009432,2.9906877170737713,3.146685472496474,-0.15599775542270278,4.9575261584355115
60,500107061,1418,13.456276445698167,13.112393003347115,2.7820032201083986,2.9534555712270802,-0.17145235111868162,5.805144075603881
60,500107062,1418,8.467559943582511,9.276414402554249,3.630694132837631,3.458392101551481,0.1723020312861503,-4.9821427480375435
60,500107063,1418,9.456276445698167,9.438432804761534,5.040552627668425,5.272214386459803,-0.23166175879137807,4.3940124928594715
60,500107064,1418,21.825105782792665,21.964310645543282,3.4648982633258516,3.8469675599435824,-0.3820692966177308,9.931700506030106
60,500107065,1418,2.6614950634696757,3.2679038177293553,1.5462532269468343,1.4647390691114246,0.08151415783540972,-5.565097535416995
60,500107066,1418,7.619181946403385,7.605108412789294,2.6506523579565737,2.734132581100141,-0.0834802231435674,3.05326170795921
60,500107067,1418,4.5028208744710865,4.995247096586197,1.2954267539002784,1.2559943582510578,0.03943239564922063,-3.1395360488823614
60,500107068,1418,7.3645980253878705,7.885228523307293,2.3233032509135665,2.3399153737658676,-0.01661212285230107,0.7099454552309499
60,500107069,1418,12.474612129760226,12.24391558758876,3.821987394707922,4.103667136812412,-0.28167974210448987,6.864098200793378
60,500107070,1418,5.449929478138223,5.4387509733418895,2.2272402142668066,2.2954866008462624,-0.06824638657945581,2.973068392309319
60,500107071,1418,3.684062059238364,4.529709988306119,1.5739561966393214,1.4330042313117066,0.14095196532761478,-9.83611647807863
60,500107072,1418,9.881523272214386,9.76737153546747,2.686052690934545,2.915373765867419,-0.22932107493287424,7.865923663638502
60,500107075,1418,8.622708039492242,9.284471700636628,2.7346335128933035,2.639633286318759,0.09500022657454466,-3.598993355135034
60,500107076,1418,12.059943582510579,11.890413070783804,3.610463213200151,3.9259520451339913,-0.31548883193384025,8.035982821666705
60,500107078,1418,11.221438645980253,10.893638433576081,4.095916115530783,4.3342736248236955,-0.23835750929291244,5.499364597744059
60,500107079,1418,9.64033850493653,9.547278716715438,2.236254897314274,2.353314527503526,-0.1170596301892517,4.97424499875214
60,500107080,1418,7.717207334273625,7.775350797773387,2.076386053458293,1.9012693935119886,0.17511665994630454,-9.21051275236869
60,500107081,1418,9.278561354019747,9.078685989486521,1.6540746242706044,1.5133991537376588,0.1406754705329456,-9.295331650312994
60,500107082,1418,8.572637517630465,8.814229283137424,2.877593365803508,2.947108603667137,-0.06951523786362879,2.3587606434703425
60,500107083,1418,10.960507757404795,11.12058298861684,4.527463997868838,5.221438645980254,-0.693974648111416,13.290870489221875
60,500107084,1418,6.258815232722144,6.088650872312651,2.425036703697183,2.541607898448519,-0.11657119475133593,4.586513711359443
60,500107085,1418,11.611424541607898,11.346626354721078,3.3820999789890194,3.5296191819464036,-0.1475192029573842,4.179465130740675
60,500107086,1418,3.480959097320169,3.692546353841203,1.7956950201247488,1.843441466854725,-0.04774644672997619,2.5900712112894504
60,500107087,1418,8.232016925246826,8.580655139956797,2.481436866435674,2.727080394922426,-0.24564352848675197,9.007564608073812
60,500107088,1418,4.026093088857546,4.457779041612041,2.0453476564528525,2.1269393511988715,-0.0815916947460189,3.8361081946238333
60,500107089,1418,7.985190409026798,8.365675535582001,3.347345139499417,3.4442877291960508,-0.09694258969663361,2.814590339677036
60,500107090,1418,7.495768688293371,7.4098678810495455,2.403267503917801,2.502820874471086,-0.09955337055328517,3.9776466453806245
60,500107091,1418,6.361071932299013,6.728678002476491,2.382997031814793,2.5049365303244007,-0.12193949850960761,4.867967592528817
60,500107092,1418,8.787023977433003,8.934044741103692,3.036538396595115,3.0423131170662905,-0.005774720471175332,0.1898134823395137
60,500107093,1418,6.1297602256699575,6.974170551383677,3.3232018227221074,3.4047954866008463,-0.0815936638787389,2.396433624276134
60,500107095,1418,11.449929478138223,10.981521189033977,1.7713929465378038,1.7235543018335684,0.04783864470423538,-2.775580940695817
60,500107096,1418,7.516925246826516,7.679435684946235,2.0396778444209183,1.9562764456981665,0.08340139872275176,-4.263272652806849
60,500107097,1418,4.473906911142454,5.2686401168865284,2.9341162752292327,3.0077574047954867,-0.07364112956625402,2.4483733112531816
60,500107098,1418,4.889280677009873,5.279488672216517,2.014218616546665,1.8667136812411849,0.14750493530548003,-7.901851086632817
60,500107099,1418,4.187588152327222,4.336691141356532,1.6816747598663186,1.7750352609308886,-0.09336050106456995,5.259642054412403
60,500107100,1418,5.511283497884344,5.42526898807051,1.7783030738868337,1.9047954866008463,-0.12649241271401257,6.640734588243977
60,500107101,1418,5.241184767277856,6.22891439169024,2.780456823388634,2.771509167842031,0.008947655546603261,-0.3228441619614103
60,500107102,1418,3.966854724964739,4.6553631318952595,1.8523678642870294,1.6805359661495063,0.1718318981375231,-10.22482717410859
60,500107103,1418,5.178420310296191,5.42035411925697,2.195153604328781,2.267277856135402,-0.07212425180662096,3.1810945275828466
60,500107104,1418,5.930183356840621,6.111036223425709,1.6068246678970939,1.57475317348378,0.032071494413313806,-2.036604526559739
60,500107105,1418,7.4605077574047955,7.36138016689579,2.2442854314537533,2.0423131170662905,0.20197231438746277,-9.889390255573973
60,500107106,1418,6.025387870239775,6.300754527133046,2.5897273207468876,2.8392101551480957,-0.2494828344012081,8.787050650295905
60,500107107,1418,5.9372355430183354,6.075068260812958,2.215258263487351,2.360366713681241,-0.14510845019389018,6.147707868985249
60,500107108,1418,3.5888575458392102,4.601078937427735,2.267406802627992,2.0155148095909734,0.2518919930370185,-12.497650319331427
60,500107109,1418,10.093794076163611,10.52236900761855,2.20054053793804,2.0183356840620594,0.18220485387598062,-9.027480181556271
60,500107110,1418,10.771509167842032,11.073273693091288,2.5401537704765125,2.56064880112835,-0.020495030651837443,0.8003842870918615
60,500107111,1418,12.849083215796897,13.028446513776778,2.8965861142111087,3.038787023977433,-0.14220090976632438,4.679528662071199
60,500107112,1418,7.180535966149506,7.581996986913581,2.625228024336424,2.5324400564174896,0.09278796791893429,-3.66397489582425
60,500107113,1418,6.9908321579689705,7.742719838408353,2.6783668035157184,2.5239774330042315,0.15438937051148693,-6.116907722416554
60,500107114,1418,11.93864598025388,12.071894133828916,4.642750886182034,4.943582510578279,-0.30083162439624545,6.085295911467561
60,500107115,1418,11.164315937940762,11.587979590704956,2.7186872366377095,2.5648801128349787,0.15380712380273076,-5.996659377296459
60,500107116,1418,22.34062059238364,21.533426121700483,2.6901202229988255,2.734132581100141,-0.04401235810131565,1.6097375235405105
60,500107117,1418,6.283497884344147,6.448662256673109,1.62189975026974,1.729901269393512,-0.10800151912377198,6.24321867580549
60,500107118,1418,13.01410437235543,13.14271463094715,4.9707297486872095,5.001410437235543,-0.03068068854833328,0.613440727038023
60,500107119,1418,9.548660084626235,9.466510627712674,1.587734316373322,1.5437235543018335,0.04401076207148846,-2.8509484064582296
60,500107120,1418,5.453455571227081,5.888250389839956,1.815573666300978,1.7433004231311706,0.07227324316980743,-4.145770987653194
60,500107121,1418,10.41114245416079,10.747588077849112,2.38832643101388,2.5310296191819464,-0.14270318816806649,5.638147696358827
60,500107122,1418,5.399153737658674,5.927549563386339,3.2792357950648188,3.5035260930888574,-0.22429029802403866,6.401844657771474
60,500107123,1418,5.122002820874471,6.1906865426956195,2.1749166051593534,1.9887165021156559,0.1862001030436975,-9.36282787645259
60,500107124,1418,5.89703808180536,6.0685962930942985,2.2878511936500185,2.4703808180535964,-0.1825296244035779,7.388724162268727
60,500107125,1418,6.5811001410437235,6.500555391280247,1.8321828758800363,1.9358251057827927,-0.1036422299027564,5.353904626670621
60,500107126,1418,4.921720733427362,5.849704996009859,3.4589586688256304,3.401269393511989,0.05768927531364154,-1.6961101471022952
60,500107127,1418,6.979548660084626,7.27163381292161,2.5215593333878843,2.406911142454161,0.11464819093372336,-4.763291378377372
60,500107128,1418,7.748942172073343,7.428329308966215,3.291987264704287,3.64033850493653,-0.34835124023224306,9.569199121451389
60,500107129,1418,7.727785613540197,7.723780873471113,2.533304727209388,2.6932299012693934,-0.1599251740600054,5.938043907229318
60,500107130,1418,6.218617771509168,6.9485709057539395,1.748829386258316,1.623413258110014,0.12541612814830194,-7.7254591535313715
60,500107131,1418,6.4372355430183354,6.6437509523735345,2.434530959300481,2.454160789844852,-0.019629830544371174,0.7998591871240898
60,500107132,1418,11.86953455571227,11.093033009495173,4.063830805385531,4.358956276445698,-0.2951254710601674,6.770553599147668
60,500107133,1418,14.699576868829338,14.558481584619038,2.633198910909339,2.893511988716502,-0.26031307780716295,8.996440271278505
60,500107134,1418,8.127644569816644,7.946921645162279,2.5482764738391803,2.791255289139633,-0.24297881530045284,8.705001518343662
60,500107135,1418,4.80818053596615,5.852471439835184,2.274827447444024,1.9717912552891397,0.30303619215488453,-15.368573693691927
60,500107136,1418,9.63540197461213,9.420334352858506,3.028244424161422,3.1685472496473905,-0.14030282548596862,4.427985901159659
60,500107137,1418,4.438645980253879,4.696516873084394,2.154261912006844,2.294076163610719,-0.1398142516038754,6.094577582978645
60,500107138,1418,10.1262341325811,10.531515447879626,2.6090440933393886,2.7623413258110014,-0.15329723247161287,5.549539842857979
60,500107139,1418,8.837094499294782,10.084508903374205,3.2358100860145043,3.033145275035261,0.20266481097924327,-6.681671750024807
60,500107140,1418,8.870239774330042,8.477889093256854,3.3408277135339444,3.301833568406206,0.038994145127738467,-1.1809845747785805
60,500107141,1418,7.31311706629055,7.423444830062388,2.550446745471151,2.6382228490832156,-0.08777610361206456,3.3270920855896167
60,500107142,1418,5.366713681241185,6.089099180651689,2.6332954195289364,2.6262341325811,0.007061286947836365,-0.26887499710075097
60,500107143,1418,5.559238363892807,5.9184033084341054,2.791204084473935,2.9083215796897037,-0.11711749521576875,4.026978860716782
60,500107144,1418,9.916784203102962,10.076439146049623,4.50566783235211,4.813822284908322,-0.3081544525562121,6.401450538012141
60,500107145,1418,9.212270803949224,9.448933469619213,2.1386106216443084,2.398448519040903,-0.25983789739659446,10.833582431883885
60,500107146,1418,10.110719322990127,9.980165058545023,2.8580898587195156,3.1008462623413258,-0.24275640362181017,7.828714585756807
60,500107147,1418,5.513399153737659,5.760508185087677,2.2725014404782264,2.289139633286319,-0.016638192808092533,0.7268317129351575
60,500107149,1418,12.431593794076164,12.646359517043503,3.9925453787178595,4.353314527503526,-0.3607691487856668,8.287229110287957
60,500107150,1418,7.294781382228491,7.628368745363018,1.9655945271072308,1.81311706629055,0.1524774608166808,-8.409686481448984
60,500107151,1418,16.99435825105783,17.17765789945094,4.699784743927812,5.1417489421720735,-0.4419641982442615,8.595600508988653
60,500107152,1418,10.295486600846262,10.218311146512914,2.450714589869529,2.527503526093089,-0.07678893622356009,3.038133693220095
60,500107153,1418,5.620592383638928,5.497590089644548,1.5515082332913108,1.4330042313117066,0.1185040019796042,-8.26961982318301
60,500107155,1418,13.780677009873061,13.438390530721165,3.279482744739633,3.43441466854725,-0.154931923807617,4.511159506349094
60,500107156,1418,5.583215796897038,5.835906239096288,2.342291762474811,2.673483779971791,-0.33119201749698,12.388031675302496
60,500107157,1418,8.845557122708039,9.230160677315212,2.370694741031994,2.3335684062059237,0.037126334826070195,-1.590968352474087
60,500107158,1418,12.1361071932299,12.135741095869479,1.9885125410993953,1.8413258110014104,0.147186730097985,-7.993519083835418
60,500107159,1418,8.702397743300423,8.89284867146166,2.912129337162719,3.0768688293370947,-0.1647394921743759,5.354127891433991
60,500107160,1418,14.387165021156559,13.792350999369066,2.333140171561271,2.326516220028209,0.006623951533062389,-0.2847154675320542
60,500107161,1418,5.96755994358251,6.522843913071377,2.9754364281039587,3.085331452750353,-0.10989502464639411,3.561854741681985
60,500107162,1418,6.688998589562765,7.037651351287411,2.079563215761387,2.116361071932299,-0.03679785617091236,1.7387324242037228
60,500107163,1418,6.873060648801128,6.804984118859777,2.3601551329476034,2.5042313117066293,-0.1440761787590259,5.753309531971239
60,500107164,1418,7.596614950634697,7.3359138817581595,2.1436414003595146,2.1777150916784205,-0.03407369131890592,1.5646533125067548
60,500107165,1418,6.484485190409027,6.87993972438151,2.5148464307337366,2.5394922425952045,-0.02464581186146786,0.9705015612208115
60,500107166,1418,12.57968970380818,11.893237804234731,2.9977031703683896,3.1212976022566994,-0.12359443188830976,3.9597131590064
60,500107167,1418,11.32228490832158,11.934249628115793,3.664810323863274,3.642454160789845,0.022356163073429247,-0.6137664905735271
60,500107168,1418,4.52820874471086,5.315310345344502,2.6284288895134402,2.705218617771509,-0.07678972825806873,2.838577546140289
60,500107169,1418,13.277856135401974,12.938531655406624,1.99113164616402,1.8483779971791254,0.14275364898489462,-7.723184824898153
60,500107170,1418,11.230606488011283,10.982833454150217,3.5187300889443445,3.77574047954866,-0.25701039060431574,6.806887072785202
60,500107171,1418,11.595909732016926,11.794385976936644,2.694419940021965,2.7150916784203103,-0.02067173839834524,0.7613642869832091
60,500107172,1418,10.61212976022567,10.753158198222518,3.544289661000147,3.8638928067700986,-0.3196031457699515,8.271532409231453
60,500107173,1418,7.056417489421721,6.994621670686292,3.082203695800248,3.2679830747531735,-0.18577937895292562,5.684832959759356
60,500107174,1418,6.338504936530325,6.417494793408692,2.9285361984680343,3.071932299012694,-0.1433961005446598,4.667944687151689
60,500107175,1418,8.19675599435825,8.166809079016751,3.3309968804467505,3.56558533145275,-0.23458845100599968,6.579240971647697
60,500107176,1418,9.406205923836389,9.069040992390525,2.5093881487994336,2.767277856135402,-0.2578897073359685,9.319255988848198
60,500107177,1418,10.643159379407617,11.056263116005054,3.0439366199551885,2.978138222849083,0.06579839710610536,-2.2093802296106415
60,500107178,1418,11.30818053596615,10.830653012956933,2.993188467155892,3.3610719322990126,-0.3678834651431204,10.945420763175509
60,500107179,1418,8.475317348377997,8.621413484512958,1.8379885173118435,1.8624823695345558,-0.024493852222712276,1.315118608550019
60,500107180,1418,11.380112834978844,11.027589342108659,2.507901641003997,2.4520451339915375,0.05585650701245948,-2.277955908647326
60,500107181,1418,12.3737658674189,12.32639184279911,2.9107685060031256,3.0648801128349787,-0.1541116068318531,5.028307834504549
60,500107182,1418,6.399153737658674,6.4556433911407565,2.2168786803574045,2.210860366713681,0.006018313643723516,-0.272215908988834
60,500107183,1418,3.56064880112835,4.471688960888885,2.1178753777006807,1.882228490832158,0.23564688686852264,-12.519568586720311
60,500107184,1418,6.011283497884344,6.371094084344951,2.465522589603949,2.645275035260931,-0.17975244565698167,6.795227084553454
60,500107185,1418,5.764456981664316,6.259459316115227,1.8939771046727714,1.8638928067700988,0.03008429790267253,-1.614057299507743
60,500107186,1418,5.8582510578279265,6.064776240204043,3.054766168729944,3.1918194640338506,-0.13705329530390653,4.2938924600295945
60,500107187,1418,8.86953455571227,8.89622518445064,2.776974687379703,3.019040902679831,-0.24206621530012784,8.017983959252073
60,500107188,1418,9.49083215796897,9.729874675762803,1.7496072673507983,1.815937940761636,-0.06633067341083776,3.652694947439532
60,500107189,1418,8.703102961918194,8.415682041188063,3.4445847028728194,3.7708039492242595,-0.3262192463514402,8.651185549398582
60,500107190,1418,12.947108603667138,13.48878622495428,3.516057981066718,3.5366713681241184,-0.020613387057400345,0.5828471156010706
60,500107191,1418,7.498589562764457,7.903245505065534,2.2484418006940787,2.3370944992947815,-0.0886526986007028,3.7932868622750924
60,500107192,1418,9.539492242595205,9.283942190848544,3.093207186552042,3.3928067700987308,-0.2995995835466889,8.830434617942316
60,500107193,1418,7.212976022566996,7.835743333564668,1.8959066441434111,1.9816643159379408,-0.08575767179452964,4.327557957460606
60,500107194,1418,8.88293370944993,8.435028210186337,3.3070606607141024,3.581805359661495,-0.2747446989473925,7.670564739267624
60,500107195,1418,7.399858956276446,7.369341332148012,1.992923491038129,2.143864598025388,-0.15094110698725904,7.040608214076753
60,500107196,1418,8.255289139633286,8.79099526281485,2.1989157259971184,1.9076163610719323,0.29129936492518604,-15.270332697372044
60,500107197,1418,6.923131170662906,7.0597139385509395,1.801542090072333,1.8885754583921015,-0.0870333683197686,4.608413602592676
60,500107198,1418,21.454160789844853,20.614024713721864,3.07740851434848,2.9844851904090266,0.09292332393945335,-3.113546156572421
60,500107199,1418,10.316643159379408,9.916627111613032,2.6196603542452364,2.7306064880112837,-0.11094613376604734,4.063058307857828
60,500107200,1418,8.304654442877291,8.177277099499381,2.771933097664396,2.912552891396333,-0.14061979373193711,4.828059746050529
60,500107201,1418,9.262341325811,9.169296054784084,1.6605304470852953,1.6960507757404795,-0.035520328655184175,2.094296300750568
60,500107203,1418,6.925952045133991,7.06757673917666,2.030436042545001,2.085331452750353,-0.0548954102053516,2.632454909407797
60,500107204,1418,13.854724964739068,13.241992795619618,2.6382577743706523,2.785613540197461,-0.14735576582680876,5.289885466896578
60,500107205,1418,8.092383638928068,7.984758279035327,2.9725520781577153,3.195345557122708,-0.2227934789649928,6.972437721747071
60,500107206,1418,5.511283497884344,5.9646703501477045,1.963871537404003,2.0070521861777153,-0.043180648773712305,2.15144623897133
60,500107207,1418,4.223554301833569,4.856496063833363,1.9516145277897508,1.8124118476727786,0.13920268011697212,-7.680521416570679
60,500107208,1418,7.108603667136812,7.054398735612316,1.480114436353023,1.3554301833568405,0.12468425299618247,-9.198869445816168
60,500107209,1418,7.428772919605078,7.878499633111615,1.156811871819198,0.9125528913963329,0.2442589804228651,-26.76655596905894
60,500107210,1418,6.909732016925247,7.455358199981524,1.294728715980655,1.1241184767277856,0.17061023925286944,-15.177247130525025
60,500108001,1418,12.676304654442877,12.513422314706808,3.1544191884083705,3.398448519040903,-0.2440293306325323,7.180609894935272
60,500108002,1418,10.693229901269394,10.526752412067061,2.119329483276493,2.1361071932299014,-0.016777709953408326,0.7854338961351273
60,500108003,1418,10.062059238363894,10.784448476523313,3.4973652159446083,3.4322990126939352,0.06506620325067303,-1.8957032301100134
60,500108004,1418,6.421720733427362,6.810987953761819,1.8465425409625362,1.7722143864598026,0.07432815450273367,-4.194083688216328
60,500108005,1418,17.84062059238364,17.68624262532702,4.088898136977319,4.476022566995769,-0.3871244300184502,8.648848932821211
60,500108006,1418,9.246121297602256,9.396803784120593,2.8135475966511194,2.9844851904090266,-0.17093759375790718,5.727540357956342
60,500108007,1418,13.42031029619182,13.757222095085474,4.402868826045696,4.759520451339915,-0.35665162529421934,7.493436133756157
60,500108008,1418,23.059238363892806,22.758572104698544,4.309598436231893,4.306064880112835,0.0035335561190574793,-0.08205998324309705
60,500108009,1418,12.699576868829338,13.490325345337167,3.9856678214916355,4.1297602256699575,-0.14409240417832203,3.4891227651103254
60,500108010,1418,6.7475317348378,6.960869258444859,1.758634180427695,1.8342736248236953,-0.07563944439600023,4.123672900943035
60,500108011,1418,11.310296191819464,11.561333695449335,2.777232437303259,2.9936530324400565,-0.21642059513679746,7.22931457959903
60,500108012,1418,5.030324400564175,5.504576392584511,1.9138144614035897,1.9717912552891397,-0.05797679388554999,2.94031093453898
60,500108013,1418,7.959097320169253,8.020760647540829,1.7551574452280172,1.7947813822284908,-0.03962393700047362,2.207730556647214
60,500108014,1418,6.391396332863188,6.6808354868702615,2.8413497709111786,3.057122708039492,-0.21577293712831347,7.058039788880013
60,500108015,1418,4.007052186177715,4.783646447445466,2.237341163278693,2.20098730606488,0.0363538572138129,-1.6517068096503267
60,500108016,1418,12.545839210155147,13.00612878661271,2.7672918861067073,2.7475317348378,0.0197601512689074,-0.719196470721527
60,500108018,1418,7.569816643159379,7.528631998722538,2.2731165792284784,2.38787023977433,-0.11475366054585168,4.805690804903062
60,500108019,1418,7.899153737658674,8.302765400345317,2.0800504139742073,2.181241184767278,-0.1011907707930706,4.6391371802319465
60,500108020,1418,7.100846262341326,7.447006481958271,3.116030456884688,3.2926657263751764,-0.17663526949048824,5.3645065782290065
60,500108021,1418,6.076163610719323,6.699795994877744,3.237764669301516,3.268688293370945,-0.030923624069429057,0.9460560718543777
60,500108022,1418,5.760225669957687,6.095010713545521,3.061547856703985,3.1297602256699575,-0.06821236896597238,2.179475871873566
60,500108023,1418,6.4950634696756,6.57109189444949,2.877289515206543,3.3307475317348376,-0.45345801652829465,13.614301660747868
60,500108024,1418,8.671368124118477,8.859262537225407,2.816849012536534,3.102256699576869,-0.28540768704033503,9.200002278317687
60,500108025,1418,12.010578279266573,11.964945257166294,4.341695808902177,4.653737658674189,-0.31204184977201255,6.705187800829122
60,500108026,1418,11.531734837799718,11.851663547535159,3.45086316255914,3.669957686882934,-0.21909452432379384,5.969946877231738
60,500108027,1418,18.143864598025388,17.666310082191902,5.055947230403482,5.514809590973202,-0.45886236056971974,8.320547663527655
60,500108028,1418,7.078984485190409,8.264649184800893,3.9427459553522692,4.148801128349788,-0.20605517299751908,4.966619672114263
60,500108029,1418,5.88787023977433,6.6100277592269885,1.9177071246972632,1.6833568406205923,0.2343502840766709,-13.921604642677812
60,500108030,1418,4.688293370944993,5.0911318136193335,1.803021783233289,1.8991537376586742,-0.09613195442538514,5.061831094511553
60,500108031,1418,5.391396332863188,5.686263697408178,2.4295115067125295,2.5211565585331455,-0.091645051820616,3.635040097388349
60,500108032,1418,4.169957686882934,4.656446611808645,1.8244527697510946,1.8568406205923835,-0.03238785084128892,1.7442450623983174
60,500108033,1418,17.21438645980254,17.07425049006699,4.23586442865032,4.577574047954866,-0.34170961930454613,7.464862735693211
60,500108035,1418,8.099435825105783,8.184283759499321,1.7419114719404993,1.684062059238364,0.057849412702135394,-3.435111692279229
60,500108036,1418,15.26657263751763,14.512965688706602,2.589558876674632,2.749647390691114,-0.16008851401648228,5.822147034505563
60,500108037,1418,4.449929478138223,4.588876901014406,1.5457579723121497,1.6502115655853316,-0.10445359327318182,6.329709199203924
60,500108038,1418,10.346967559943582,10.130983908775782,2.925037434570243,3.3145275035260933,-0.38949006895585025,11.75099825062544
60,500108039,1418,12.024682651622003,11.743724080025986,2.021722542664061,2.1001410437235544,-0.07841850105949355,3.733963549441298
60,500108040,1418,7.435119887165021,7.681187349242701,1.220457723293618,1.2249647390691114,-0.004507015775493395,0.3679302458059663
60,500108041,1418,8.736248236953456,8.559894899646597,2.2620733268941886,2.173483779971791,0.0885895469223974,-4.075923995326396
60,500108043,1418,17.825105782792665,17.576974376734032,3.7347524910543246,3.9590973201692523,-0.2243448291149277,5.66656515292069
60,500108044,1418,31.40267983074753,30.38625807129281,5.39652941758684,6.246121297602257,-0.8495918800154172,13.601911322816546
60,500108045,1418,15.188998589562765,15.22989073444291,3.3045910588099883,3.602256699576869,-0.29766564076688073,8.263310074538701
60,500108046,1418,26.24682651622003,25.807830329714474,2.322091643329753,2.0768688293370947,0.24522281399265822,-11.80733277560575
60,500108047,1418,4.80818053596615,5.20584581860094,2.5010677273701214,2.472496473906911,0.028571253463210322,-1.1555629609478677
60,500108048,1418,9.028208744710861,9.734444601261975,1.6278097154876812,1.5148095909732018,0.11300012451447938,-7.459691646253805
60,500108049,1418,21.129055007052187,21.00383673754904,4.099204310683209,4.604372355430184,-0.5051680447469744,10.971485487076269
60,500108050,1418,6.107898448519041,6.133342013635596,2.4451708213003833,2.5289139633286317,-0.0837431420282484,3.311427088568216
60,500108051,1418,20.081805359661494,19.53760454055967,2.0254878993261443,2.1572637517630464,-0.13177585243690215,6.1084720090071025
60,500108052,1418,9.435825105782794,9.475223096784282,2.2645766565245693,2.2179125528913963,0.04666410363317297,-2.1039649905195317
60,500108054,1418,22.925952045133993,22.311111141066128,3.4304145612035213,3.880818053596615,-0.4504034923930935,11.605890463627233
60,500108055,1418,19.741184767277858,19.484840580978965,2.98957526335976,2.8363892806770097,0.1531859826827504,-5.400739021485333
60,500108056,1418,13.427362482369535,13.328115532627587,2.681656647405707,2.6227080394922426,0.05894860791346446,-2.2476237166252377
60,500108057,1418,14.076868829337094,13.832468704004262,3.791394843194194,4.03737658674189,-0.24598174354769586,6.092613316168258
60,500108058,1418,11.739069111424541,11.610016656085142,1.2311672557997397,1.165021156558533,0.06614609924120662,-5.677673651575726
60,500108059,1418,10.129055007052186,10.198539960930795,1.670767423637593,1.689703808180536,-0.018936384542943108,1.1206925409805228
60,500108060,1418,7.91607898448519,8.30744805705553,2.047400108070548,1.9196050775740479,0.12779503049650032,-6.657360515945535
60,500108061,1418,7.0937940761636105,7.2367069743797625,2.4673510121578057,2.6904090267983074,-0.22305801464050168,8.290858840373039
60,500108062,1418,7.976022566995769,8.01448658609954,2.0880702423050232,2.253173483779972,-0.1651032414749487,7.3275867421432626
60,500108063,1418,4.9245416078984485,5.2390087767612865,1.5946564158920806,1.617771509167842,-0.023115093275761334,1.4288231153020738
60,500108064,1418,4.566995768688293,4.566586803098485,1.9231392726620435,1.885049365303244,0.03808990735879947,-2.020631823224005
60,500108065,1418,7.721438645980254,7.861318349698527,0.8757181168391045,0.7884344146685472,0.08728370217055725,-11.070508915728999
60,500108066,1418,8.866713681241185,8.90637486698673,1.5997093810119418,1.6791255289139633,-0.07941614790202145,4.729613512182546
60,500108067,1418,7.639633286318759,8.113936053226405,1.8578308458412685,1.7933709449929478,0.06445990084832065,-3.5943428786047456
60,500108068,1418,18.062764456981665,17.268773767338594,3.5119921670700776,3.7179125528913963,-0.20592038582131877,5.538602183130312
60,500108069,1418,7.398448519040903,7.246247263546047,0.963260757321537,0.5930888575458392,0.37017189977569787,-62.41423946277522
60,500108070,1418,9.715091678420311,10.23322103561205,4.922937902307886,5.225669957686883,-0.3027320553789963,5.79317212587607
60,500108071,1418,8.866713681241185,9.663535986337573,2.6046077215391445,2.4936530324400565,0.11095468909908801,-4.449483855840124
60,500108072,1418,9.718617771509168,10.191986406218728,1.9563559307997733,1.85049365303244,0.10586227776733326,-5.720758760445067
60,500108073,1418,8.51904090267983,8.36209786402344,1.9984823996413343,2.093794076163611,-0.09531167652227657,4.552103647982087
60,500108075,1418,5.242595204513399,5.637812082971107,1.527601104453674,1.3857545839210155,0.14184652053265845,-10.23604916617352
60,500108076,1418,9.395627644569817,9.25795252032292,2.7797933526785776,2.940056417489422,-0.1602630648108443,5.451020050414421
60,500108077,1418,9.406205923836389,9.44730715200449,1.589605568652122,1.7165021156558533,-0.12689654700373132,7.392740495122885
60,500108078,1418,9.708744710860367,9.937095495777957,1.0524161320333736,0.9908321579689704,0.06158397406440319,-6.215379019453645
60,500108079,1418,6.954160789844852,7.088696952707557,1.1186626059037617,1.007052186177715,0.11161041972604657,-11.082883415373532
60,500108081,1418,7.066290550070522,7.746467943703325,2.412235610081887,2.3469675599435824,0.06526805013830472,-2.780952376686181
60,500108082,1418,8.598730606488012,8.702570888855973,4.878477604151023,5.311706629055007,-0.4332290249039845,8.1561173302423
60,500108083,1418,9.973201692524682,10.088510716500291,3.3928426945511334,3.5394922425952045,-0.14664954804407104,4.143236882376823
60,500108084,1418,6.942172073342737,8.109742158576154,4.541802175609906,4.504231311706629,0.037570863903276575,-0.8341237672592169
60,500108085,1418,5.228490832157969,5.61651234556332,2.2397632301550314,2.14950634696756,0.09025688318747127,-4.198958673222909
60,500108086,1418,8.596614950634697,8.616158605419065,2.5758538574830743,2.9076163610719323,-0.33176250358885806,11.410119575285005
60,500108087,1418,6.676304654442878,6.873167963945742,0.6855411621255112,0.5874471086036671,0.09809405352184408,-16.69836349267406
60,500108088,1418,10.267277856135403,10.623562774428972,1.9374394668608084,2.069111424541608,-0.13167195768079965,6.363695841560118
60,500108089,1418,12.181241184767277,11.960211930054626,2.95511692925361,3.090267983074753,-0.13515105382114312,4.373441221323162
60,500108090,1418,6.5930888575458395,6.730144692983227,2.0274783414015536,1.998589562764457,0.0288887786370966,-1.4454582959563507
60,500108091,1418,6.311001410437235,6.66234239441529,1.507673400044664,1.4809590973201692,0.02671430272449493,-1.8038514887301818
60,500108092,1418,6.656558533145275,6.908178829317428,1.717933573968898,1.657968970380818,0.05996460358807987,-3.616750654525617
60,500108093,1418,6.830747531734838,7.096557481788506,3.1662967056774227,3.451339915373766,-0.28504320969634334,8.258914412534018
60,500108094,1418,4.858956276445698,5.231599918235477,1.9717042279762578,1.965444287729196,0.006259940247061779,-0.31850000969980635
60,500108095,1418,11.722143864598026,11.544357767209851,2.4423934092138087,2.3829337094499294,0.059459699763879215,-2.4952309637520194
60,500108096,1418,13.667136812411847,13.123950590474047,2.2778210452011907,2.217207334273625,0.060613710927565734,-2.733786326186012
60,500108097,1418,3.6417489421720735,4.401924179631755,0.9959475197126952,0.5430183356840621,0.45292918402863314,-83.40955622761062
60,500108098,1418,5.928067700987306,6.378797162679878,3.4615416003798773,3.7820874471086037,-0.3205458467287263,8.475368462825545
60,500108099,1418,11.945698166431594,11.663407627871278,3.7273527542816147,4.148801128349788,-0.4214483740681736,10.158317090407449
60,500108100,1418,11.084626234132582,10.83471324227885,0.9305724370188847,0.8081805359661495,0.12239190105273523,-15.144128769003364
60,500108102,1418,5.392806770098731,5.4917978535162275,1.3432671731359376,1.3547249647390691,-0.01145779160313154,0.8457651480083562
60,500108103,1418,6.609308885754584,7.070040380100831,2.8574506208925405,3.088152327221439,-0.2307017063288983,7.470541666462156
60,500108104,1418,7.848377997179125,8.117820171506597,1.0367041503556886,0.9414668547249647,0.09523729563072392,-10.115841588342061
60,500108105,1418,7.221438645980254,7.397577451011854,2.0028429688473364,2.129055007052186,-0.12621203820484972,5.92807784612378
60,500108106,1418,7.739774330042313,8.203320253155503,2.551461029890252,2.637517630465444,-0.08605660057519238,3.262787690257294
60,500108107,1418,8.726375176304655,8.932153829128104,2.080119876726608,2.0923836389280677,-0.012263762201459638,0.5861144186609292
60,500108108,1418,6.409732016925247,6.329215206239461,1.4518124224357307,1.4442877291960508,0.007524693239679969,-0.5209968268489353
60,500108109,1418,5.389985895627644,5.258682392869725,1.6839478000983483,1.725669957686883,-0.0417221575885347,2.4177367985509686
60,500108110,1418,14.790550070521862,15.73127524712745,3.1214107060999035,3.199576868829337,-0.07816616272943344,2.443015621563514
60,500108111,1418,7.894922425952045,8.127671805875384,1.830376002465869,1.7531734837799717,0.07720251868589734,-4.403586946765986
60,500108112,1418,6.174894217207334,6.468052065159189,2.223226226951692,2.310296191819464,-0.08706996486777197,3.768779309600142
60,500108115,1418,9.854724964739068,9.922486223562858,1.2922704108071672,1.2510578279266573,0.041212582880509885,-3.29421885707796
60,500108116,1418,6.073342736248237,6.185036711703701,2.539970113693432,2.652327221438646,-0.11235710774521435,4.236170666916085
60,500108117,1418,7.7679830747531735,7.83611488519632,2.7471783000449954,2.6614950634696757,0.08568323657531973,-3.2193648506572172
60,500108118,1418,10.128349788434415,10.253590240035326,2.120183222807932,2.2002820874471087,-0.0800988646391767,3.6403907069984793
60,500108119,1418,5.114950634696756,5.454429711001784,2.2038777663261273,2.0944992947813823,0.109378471544745,-5.222177530318128
60,500108120,1418,5.923131170662906,6.446123678388025,1.7825031641482736,1.7616361071932298,0.02086705695504376,-1.1845270921638131
60,500108121,1418,9.662200282087447,9.806912308957887,2.308196895199099,2.397743300423131,-0.08954640522403201,3.7346118414022764
60,500108122,1418,5.203102961918194,5.62022744918727,3.034845798498347,3.1720733427362484,-0.13722754423790162,4.326115111812905
60,500108123,1418,6.030324400564175,6.246415182100175,1.0471688128418708,0.9760225669957687,0.07114624584610207,-7.289405824405544
60,500108124,1418,6.55148095909732,6.827368602792779,1.6237761789999614,1.7136812411847673,-0.08990506218480587,5.246311859179206
60,500108125,1418,6.399153737658674,6.623578513154433,1.822186878587197,1.7538787023977433,0.06830817618945373,-3.8946921526596454
60,500108126,1418,10.023977433004232,9.835058456913343,1.135315632405309,1.0486600846262342,0.08665554777907492,-8.263454388078562
60,500108127,1418,9.283497884344147,9.180399846917439,1.1080800831284372,1.0684062059238364,0.039673877204600805,-3.713370156839864
60,500108128,1418,6.233427362482369,6.584011392297563,3.8062472309950097,4.15867418899859,-0.3524269580035799,8.474502737817133
60,500108129,1418,12.941466854724965,12.774594432128183,2.374928190561901,2.483074753173484,-0.10814656261158273,4.355348644794783
60,500108131,1418,10.24330042313117,10.117382502351042,2.856090743237026,2.88787023977433,-0.03177949653730394,1.100447523562808
60,500108132,1418,10.071932299012694,9.716660105285474,2.2172373294338588,2.096614950634697,0.12062237879916182,-5.753196540101293
60,500108133,1418,9.212270803949224,9.224995941819198,1.6999150134397885,1.847672778561354,-0.14775776512156558,7.996966066503053
60,500108134,1418,4.929478138222849,5.014037546777853,1.3097330121905266,1.318758815232722,-0.009025803042195468,0.6844165087611324
60,500108135,1418,10.263046544428773,10.386233236148056,1.5314318271111504,1.6889985895627644,-0.15756676245161394,9.329004975214554
60,500108136,1418,7.485895627644569,7.253049732021923,2.739255154461534,2.843441466854725,-0.1041863123931912,3.6640920380343536
60,500108137,1418,9.625528913963329,9.787473626444624,1.3978397377372511,1.4090267983074753,-0.011187060570224228,0.7939565509798776
60,500108138,1418,8.478138222849083,8.57350636441631,1.5509392935972048,1.5528913963328632,-0.0019521027356583787,0.125707614857565
60,500108139,1418,4.405500705218618,5.085769573475005,1.9029915907439214,1.8180535966149507,0.08493799412897074,-4.671919149529888
60,500108140,1418,11.272919605077574,11.445648485706466,3.4743502459879028,3.6614950634696757,-0.18714481748177292,5.111158536000655
60,500108141,1418,8.248942172073344,8.547605725646639,1.7481955916852996,1.721438645980254,0.02675694570504561,-1.5543362969993721
60,500108142,1418,6.190409026798307,6.477333125068735,1.3778842527973891,1.2933709449929478,0.08451330780444133,-6.534344082153643
60,500108143,1418,4.69181946403385,5.1388677902156354,1.089566407094834,0.8519040902679831,0.23766231682685102,-27.897778581165127
60,500108144,1418,3.8455571227080396,4.078543136584343,1.352155814806906,1.2355430183356841,0.1166127964712218,-9.43818181485117
60,500108145,1418,5.166431593794076,5.518394936496385,2.2215174018863086,2.255289139633286,-0.033771737746977504,1.4974460326833678
60,500108146,1418,6.188998589562765,6.606930711608471,2.344755172390417,2.23836389280677,0.10639127958364725,-4.753082370813226
60,500108147,1418,10.648801128349788,10.537743312594055,1.7681419240377745,1.64950634696756,0.11863557707021455,-7.192186758681669
60,500108148,1418,6.389280677009873,6.3097439221766045,1.4206273318564124,1.320169252468265,0.10045807938814733,-7.609484859636374
60,500108150,1418,4.849788434414669,5.31680798595159,2.2210906515714752,2.0042313117066293,0.21685933986484596,-10.820075437310047
60,500108151,1418,4.30818053596615,4.810442087306393,2.5346133488615292,2.57475317348378,-0.04013982462225085,1.5589775763996634
60,500108152,1418,4.5331452750352605,4.8801482233523,2.096404774698734,2.0726375176304654,0.023767257068268766,-1.146715567295172
60,500108153,1418,4.078984485190409,4.794500204290551,1.9284830354219393,1.778561354019746,0.1499216814021933,-8.429379231891758
60,500108154,1418,4.854724964739069,5.5623130426031215,2.08808058144519,2.008462623413258,0.07961795803193183,-3.964124455381999
60,500108156,1418,10.192524682651621,10.26274720598446,1.9923652859466454,1.9562764456981665,0.036088840248478915,-1.8447720069337816
60,500108157,1418,5.594499294781382,5.992870166235612,2.577041775096974,2.7249647390691116,-0.14792296397213756,5.42843589318041
60,500108158,1418,9.30394922425952,9.515365938209941,2.249780804970835,2.2489421720733427,0.0008386328974925306,-0.03729010500609622
60,500108159,1418,10.494358251057827,10.28837245117096,3.0167509228327973,3.0620592383638927,-0.04530831553109538,1.4796681580629492
60,500108160,1418,6.2376586741889986,6.579290029984718,1.9692989404906645,1.9548660084626235,0.014432932028040968,-0.7383079947966122
60,500108161,1418,11.527503526093088,11.602335933993459,2.40098658291125,2.6382228490832156,-0.23723626617196558,8.992275472650286
60,500108162,1418,8.776445698166432,8.780970364467116,1.1870124217173348,1.0599435825105783,0.1270688392067565,-11.988264404203639
60,500108164,1418,4.765162200282087,5.15443014940768,1.8243539527832875,1.722849083215797,0.1015048695674905,-5.891686657662771
60,500108165,1418,12.470380818053597,12.324950061116315,2.817133357956917,3.279971791255289,-0.46283843329837193,14.11104920268956
60,500108166,1418,4.648095909732017,4.815091523521734,2.1169683891378246,2.0923836389280677,0.024584750209756923,-1.1749637949927643
60,500108167,1418,5.618476727785613,5.901578228775982,1.71334120141746,1.7933709449929478,-0.08002974357548776,4.462531513568291
60,500108168,1418,5.569111424541608,5.950090130336046,2.9411307253020293,3.06558533145275,-0.12445460615072079,4.059733874435751
60,500108169,1418,19.249647390691113,19.322954082246653,2.4876596946695977,2.734132581100141,-0.24647288643054344,9.01466476550195
60,500108170,1418,5.263751763046544,5.613353848076089,2.192104201417903,2.326516220028209,-0.13441201861030594,5.777394434356284
60,500108171,1418,6.343441466854725,6.458411639586155,2.406843153487547,2.4203102961918193,-0.013467142704272295,0.5564221548560057
60,500108172,1418,4.806064880112835,5.511398994295913,2.1146304468241928,1.9590973201692525,0.15553312665494023,-7.939019927887157
60,500108173,1418,8.377291960507758,8.325283163382084,0.7580723351535421,0.5916784203102962,0.16639391484324595,-28.122356525354324
60,500108174,1418,6.884344146685472,7.0838290192396975,2.9318228404691404,2.964033850493653,-0.03221101002451254,1.0867288178624503
60,500108175,1418,9.69675599435825,9.234722461753172,1.310443130690753,1.0232722143864599,0.28717091630429303,-28.06398065606392
60,500108176,1418,6.540197461212976,6.716047722259975,2.031969908642613,1.961212976022567,0.0707569326200459,-3.6078148311839295
60,500108177,1418,8.587447108603667,8.781591627143166,2.1038904697244125,1.8843441466854725,0.21954632303894006,-11.651073580434767
60,500108178,1418,13.05571227080395,12.35882908149496,2.0184239688162235,1.9442877291960508,0.0741362396201728,-3.813028211149983
60,500108179,1418,8.796897038081806,8.994692229049132,2.146277142839414,2.23836389280677,-0.09208674996735589,4.114020524691577
60,500108181,1418,10.394217207334274,10.186713331761718,2.8095479058842554,2.972496473906911,-0.16294856802265567,5.481875906432402
60,500108182,1418,9.11212976022567,8.972303274750239,2.4001705510229883,2.516220028208745,-0.11604947718575653,4.612056015958598
60,500108183,1418,8.141748942172073,8.554988746650174,2.43182567559809,2.4633286318758816,-0.03150295627779176,1.2788775265361785
60,500108184,1418,6.6290550070521865,6.754249882805946,0.5919486209271564,0.4767277856135402,0.11522083531361621,-24.16910421223488
60,500108185,1418,7.064880112834979,6.733779525404983,2.515411005917345,2.480959097320169,0.03445190859717595,-1.3886528252073764
60,500108186,1418,14.42031029619182,13.707706543991407,2.3791668718983505,2.379407616361072,-0.0002407444627214872,0.010117831895052425
60,500108187,1418,6.485895627644569,6.777725850061751,2.218913006555006,2.3166431593794075,-0.09773015282440145,4.218610554185731
60,500108188,1418,11.648801128349788,11.421203959036712,3.84625356550176,4.06064880112835,-0.2143952356265899,5.279827094798619
60,500108189,1418,8.285613540197462,8.4173629293315,3.1026163199334276,3.0613540197461213,0.041262300187306256,-1.347844774604936
60,500108190,1418,7.879407616361072,7.817225670885608,2.513186575461588,2.6311706629055007,-0.11798408744391287,4.484091021052491
60,500108191,1418,18.298307475317348,17.97734084005436,3.2423397938852583,3.6488011283497883,-0.40646133446453003,11.139585857570616
60,500108192,1418,11.078984485190409,11.029799059551152,1.0112778014375392,0.88787023977433,0.12340756166320921,-13.89927898637257
60,500108193,1418,6.157968970380818,6.680146809040607,1.4171376272731357,1.284203102961918,0.13293452431121766,-10.351518697051436
60,500108194,1418,6.998589562764457,7.168730252082628,2.1094602799303157,2.0895627644569816,0.01989751547333407,-0.9522334438470372
60,500108195,1418,7.5091678420310295,7.669054667073907,1.444461087704624,1.4421720733427363,0.0022890143618876646,-0.15871992005656274
60,500108196,1418,6.5084626234132585,6.722736390248056,1.5453516194733439,1.7031029619181945,-0.15775134244485067,9.262583999453344
60,500108197,1418,9.240479548660085,9.221681858856652,1.7403301862342302,1.6339915373765868,0.10633864885764344,-6.507906952099196
60,500108199,1418,9.144569816643159,8.853448287408074,2.777403183125271,2.5451339915373765,0.2322691915878945,-9.126010353882915
60,500108200,1418,10.782792665726376,10.476741368993315,1.373112941342947,1.2792665726375176,0.0938463687054294,-7.33595098259641
60,500108201,1418,11.970380818053597,11.349375177715892,1.8972529331003227,1.6833568406205923,0.2138960924797304,-12.706521120077827
60,500108202,1418,9.23342736248237,9.368711319924575,2.0524458203476104,2.068406205923836,-0.01596038557622581,0.771627233109042
60,500108203,1418,11.63046544428773,11.41308939217936,2.2273930835453664,2.412552891396333,-0.18515980785096664,7.674849679411596
60,500108204,1418,8.313822284908321,8.77690720625832,1.9380005296738045,1.8737658674189,0.0642346622549046,-3.428105046197016
60,500108205,1418,9.286318758815232,9.025567143177014,1.9899887768521418,2.0317348377997178,-0.041746060947575936,2.0547002576765943
60,500108206,640,5.2734375,5.710467060726874,1.480657681890219,1.384375,0.09628268189021916,-6.954956705388292
60,500108207,1418,11.184767277856135,10.787021505442985,3.2512361386615876,3.173483779971791,0.07775235868979635,-2.4500632138251386
60,500108208,1418,5.945698166431594,6.381169714618313,1.9871806221435468,2.104372355430183,-0.11719173328663635,5.56896373325906
60,500108209,1418,4.835684062059238,5.277483501379679,1.5292498449163916,1.4844851904090268,0.044764654507364776,-3.015500241873789
60,500108211,1418,9.482369534555712,9.436945596085737,0.8386403177187286,0.7115655853314528,0.12707473238727585,-17.858470815179103
60,500108212,1418,11.349788434414668,11.334369657664489,2.8883109844609853,2.9936530324400565,-0.10534204797907121,3.5188462670040748
60,500108213,1418,5.632581100141044,6.064496724798817,1.1570480706796937,0.9188998589562765,0.23814821172341727,-25.91666647918693
60,500108214,1418,10.287729196050776,10.170186216107624,2.4692505298339604,2.6777150916784205,-0.20846456184446005,7.785165886105987
60,500108215,1418,8.104372355430183,8.138792372765213,1.6467852665368896,1.5550070521861776,0.09177821435071198,-5.902109204050322
60,500108216,1418,6.320169252468265,6.588522404876852,2.286254219880619,2.3913963328631875,-0.10514211298256848,4.396682872582781
60,500108217,1418,7.540902679830747,7.587953874982204,0.6517908914156464,0.5973201692524682,0.054470722163178165,-9.11918347430775
60,500108218,1418,7.435825105782793,7.754499740709957,3.7706883598896135,3.9605077574047955,-0.18981939751518206,4.792804588257267
60,500108219,1418,7.217912552891397,7.1209984895173974,1.6509135747323866,1.698166431593794,-0.047252856861407455,2.782581022818761
60,500108220,1418,11.392101551480959,11.093584714360318,1.9768612992861823,1.8124118476727786,0.16444945161340363,-9.073514489797912
60,500108221,1418,8.30818053596615,8.35999685563548,1.0192295283619681,0.9069111424541608,0.1123183859078073,-12.384717824049046
60,500108222,1418,7.882933709449929,7.6124898482125545,1.1524613831074109,1.0585331452750353,0.09392823783237558,-8.87343379389131
60,500108223,1418,6.570521861777151,6.600710638039625,1.996658639586811,2.0232722143864597,-0.026613574799648765,1.3153729196898554
60,500108224,1418,11.269393511988717,11.022375966785733,1.3753692642305313,1.3265162200282088,0.048853044202322504,-3.682807904247385
60,500108225,1418,7.397743300423131,7.444429531045518,2.452095765228183,2.639633286318759,-0.18753752109057586,7.104680868459433
60,500108226,1418,16.11777150916784,15.945056474636283,2.810694578287344,3.1417489421720735,-0.3310543638847294,10.537263478979714
60,500108227,1418,8.315232722143865,8.342778150411931,1.7679701062402815,1.8455571227080394,-0.0775870164677579,4.203988893820432
60,500108228,1418,14.240479548660085,14.09584179128464,1.2996013767861712,1.0521861777150916,0.24741519907107956,-23.514393584637457
60,500108229,1418,3.3928067700987308,4.066016205508668,0.9898694355999815,0.5966149506346967,0.3932544849652848,-65.91428601427587
60,500108230,1418,6.3702397743300425,6.531494272642068,2.6193390653048416,2.8307475317348376,-0.211408466429996,7.468291116037228
60,500108231,1418,6.525387870239775,6.496067975752862,2.19179962039539,2.2193229901269396,-0.027523369731549785,1.2401696307384045
60,500108233,1418,7.583215796897038,7.600910453957435,2.619357455720741,2.7277856135401977,-0.10842815781945658,3.974951597414411
60,500108234,1418,4.645980253878703,4.984072579745721,1.1560366038242025,1.1107193229901269,0.0453172808340756,-4.079993918902807
60,500108235,1418,6.086036671368124,6.352799691742838,1.072026715087911,0.9351198871650211,0.13690682792288988,-14.640564252990789
60,500108236,1418,10.93441466854725,10.744925713175892,1.1058218080461504,1.043018335684062,0.06280347236208828,-6.0213200682516
60,500108237,1418,12.028913963328632,12.077703877466757,2.1256032015724338,2.044428772919605,0.08117442865282865,-3.970518793712005
60,500108238,1418,9.471791255289139,9.02415581364735,1.1853905123249513,1.0190409026798308,0.16634960964512047,-16.324134704275487
60,500108239,1418,6.2559943582510575,6.550878149729963,1.605586444089427,1.5980253878702397,0.007561056219187234,-0.47314994346017203
60,500108240,1418,9.205218617771509,9.045005929946129,1.5724141317497093,1.4823695345557122,0.09004459719399716,-6.074369116131683
60,500108241,1418,7.72425952045134,8.269417992315399,1.4516160325647292,1.3124118476727786,0.13920418489195052,-10.606745522664472
60,500109001,1418,12.489421720733427,12.066289314184033,2.315812284417828,2.3695345557122707,-0.053722271294442514,2.267207758795223
60,500109002,1418,9.080394922425953,9.152335675684363,2.875401307271705,3.0014104372355432,-0.12600912996383817,4.198330504904194
60,500109003,1418,13.124823695345556,13.169654432263812,3.25647486176784,3.547249647390691,-0.2907747856228511,8.19718978157461
60,500109004,1418,6.77574047954866,6.9644933069237105,2.7843775521015965,2.7905500705218618,-0.006172518420265227,0.22119360929835968
60,500109005,1418,11.023977433004232,11.425706329945834,2.215658183669491,2.260930888575458,-0.04527270490596713,2.0023922506756517
60,500109006,1418,14.918899858956276,14.58543493988002,3.064578625170488,3.2813822284908323,-0.21680360332034443,6.607081657172757
60,500109007,1418,17.100846262341324,17.47552949955446,2.7659715289805735,2.4605077574047955,0.305463771575778,-12.414664032515137
60,500109008,1418,17.069111424541607,16.505124605533428,2.8111027396386263,2.9710860366713683,-0.15998329703274194,5.384673989851129
60,500109009,1418,8.492242595204514,7.951240014828913,2.348708109164336,2.547249647390691,-0.19854153822635512,7.794349424279389
60,500109010,1418,11.244005641748942,11.651699866618427,1.6987802956620972,1.5444287729196051,0.1543515227424921,-9.994084897207935
60,500109011,1418,44.06770098730607,42.08314083560251,5.775986774155634,5.0275035260930885,0.7484832480625458,-14.88777171766994
60,500109012,1418,11.885049365303244,11.595021945524943,1.506121763068844,1.3152327221438647,0.19088904092497927,-14.513708312687431
60,500109013,1418,16.194640338504936,15.571010063917427,1.7215126871167745,1.7129760225669957,0.00853666454977886,-0.4983528337417219
60,500109014,1418,7.661495063469675,7.900899412859309,2.2754054270548667,2.3201692524682653,-0.04476382541339863,1.9293344813434423
60,500109015,1418,19.914668547249647,19.186393502719035,3.4540050770989352,3.55148095909732,-0.09747588199838475,2.744654501066513
60,500109016,1418,8.315232722143865,8.095900232365244,1.5233769532313928,1.5923836389280677,-0.0690066856966749,4.333546515406776
60,500109017,1418,11.198871650211565,11.180734026497891,1.4106898580607425,1.428067700987306,-0.017377842926563414,1.2168780874008356
60,500109018,1418,8.441466854724965,8.079906883651157,1.4825952959702582,1.5571227080394923,-0.07452741206923408,4.786226010605703
60,500109019,1418,26.905500705218618,25.90114439347918,4.262472723924999,4.357545839210156,-0.09507311528515672,2.1818041345582166
60,500109020,1418,11.035966149506347,10.954934117959283,2.018686095439905,1.9160789844851904,0.10260711095471464,-5.355056434809914
60,500109022,1418,11.164315937940762,11.263583216814558,3.257870616529491,3.678420310296192,-0.4205496937667008,11.432888530697502
60,500109023,1418,23.808180535966148,23.165069593173904,5.734368868336707,5.947813822284909,-0.2134449539482013,3.588628701666462
60,500109024,1418,15.805359661495064,14.75147611295294,3.671735660964269,3.3286318758815234,0.34310378508274564,-10.307651848460452
60,500109025,1418,18.11706629055007,17.013389441675837,6.003978667327517,6.741889985895628,-0.737911318568111,10.94516997625085
60,500109027,1418,31.064174894217206,29.67292457576566,4.734025641414023,5.105782792665726,-0.3717571512517033,7.281100006559603
60,500109028,1418,12.689703808180536,11.872335404790542,1.9125022679080839,1.731311706629055,0.18119056127902877,-10.465507775709279
60,500109029,1418,10.695345557122709,10.334202426670773,1.7546205703533881,1.7440056417489422,0.010614928604445906,-0.6086521941408934
60,500109030,1418,11.750352609308885,11.570905749860101,1.7602057951144903,1.7849083215796897,-0.024702526465199437,1.3839661212031924
60,500109031,1418,19.6410437235543,19.157790388596858,4.662562473775893,4.770098730606488,-0.10753625683059553,2.2543822026283924
60,500109032,1418,35.217207334273624,34.213591279518205,6.422847459693444,7.844146685472497,-1.4212992257790527,18.11923313993254
60,500109033,1418,17.905500705218618,18.249298469448846,2.7910461789103755,2.9964739069111426,-0.20542772800076703,6.855648818665278
60,500109034,1418,26.942877291960507,26.028564667534432,5.802881535333062,5.97179125528914,-0.16890971995607806,2.828459883062337
60,500109035,1418,18.600846262341324,18.34775758963872,2.9498250921913924,3.06064880112835,-0.11082370893695748,3.6209221030554306
60,500109036,1418,13.187588152327221,12.745374630922045,4.203886072181498,4.6114245416078985,-0.4075384694264006,8.83758295835198
60,500109037,1418,13.493653032440056,13.420033539233486,3.803081994787303,4.100141043723554,-0.29705904893625146,7.245093419188245
60,500109039,1418,12.88293370944993,12.336398854403491,2.9262882719411714,3.0352609308885756,-0.10897265894740427,3.590223754354536
60,500109040,1418,5.55148095909732,6.278286914103461,2.018687850933607,1.9520451339915375,0.06664271694206958,-3.4139946757172925
60,500109041,1418,10.93864598025388,11.077737852259753,1.7902231271284,1.975317348377997,-0.18509422124959718,9.370353649836803
60,500109042,1418,10.56558533145275,10.190205466684873,2.541315509914211,2.692524682651622,-0.1512091727374112,5.615888081237534
60,500109043,1418,10.693935119887165,10.416082333112254,3.3407987481414874,3.720028208744711,-0.3792294606032236,10.194263035741631
60,500109044,1418,6.038081805359662,6.098652623653961,1.9516276885814168,1.9217207334273625,0.029906955154054282,-1.5562591709522557
60,500109045,1418,9.30394922425952,9.377401994067347,3.819427635823364,4.11212976022567,-0.2927021244023065,7.118017705410231
60,500109046,1418,21.273624823695346,20.983661541131262,4.139598599749008,4.272919605077574,-0.1333210053285656,3.120138398348012
60,500109047,1418,24.6361071932299,23.986495622654633,4.033391066027924,4.180535966149506,-0.14714490012158166,3.5197616122200204
60,500109048,1418,16.002820874471087,15.810292179018171,3.690266352451639,3.8899858956276447,-0.19971954317600593,5.134197103400587
60,500109049,1418,4.892806770098731,5.498280066984899,1.7106507714036108,1.6043723554301834,0.10627841597342735,-6.624298630783296
60,500109050,1418,7.21932299012694,7.811052481642366,1.8709011243556406,1.8892806770098731,-0.018379552654232523,0.9728333581075669
60,500109051,1418,8.11706629055007,8.098292595920743,2.0096665752737404,2.107898448519041,-0.0982318732453007,4.660180537364884
60,500109052,1418,8.3787023977433,8.104441178258051,2.0869798851763743,2.2045133991537376,-0.11753351397736322,5.33149465194821
60,500109053,1418,13.842736248236953,13.362368141967242,6.255363482704691,6.476022566995769,-0.2206590842910776,3.4073242025998915
60,500109054,1418,25.586036671368124,24.943110522521984,2.397740264373102,2.232722143864598,0.16501812050850395,-7.39089371070937
60,500109055,1418,18.279266572637518,17.5640288175469,1.6743259097756595,1.3949224259520452,0.27940348382361435,-20.030037414655467
60,500109056,1418,9.43935119887165,9.30823265080986,1.7610650581848404,1.8413258110014104,-0.08026075281656997,4.358856663879595
60,500109057,1418,12.450634696755994,12.325554713388323,2.546722204970593,2.619181946403385,-0.07245974143279232,2.7665027827598143
60,500109058,1418,6.547249647390691,6.819897039849269,2.6561809104197547,2.8885754583921015,-0.23239454797234682,8.045299536737984
60,500109059,1418,9.909732016925247,10.176900879763085,2.3293747796349167,2.3688293370944993,-0.039454557459582595,1.6655719701604084
60,500109060,1418,5.466149506346968,5.738795152235714,1.950357534680228,1.879407616361072,0.07094991831915598,-3.7751213574695375
60,500109061,1418,6.245416078984485,6.1552704419063256,1.687614734570974,1.782792665726375,-0.09517793115540107,5.338698828257861
60,500109062,1418,8.482369534555712,8.21496381863491,1.2811620555285337,0.918194640338505,0.36296741519002873,-39.53055259135643
60,500109063,1418,12.250352609308885,11.807054733241579,3.324964254151962,3.5091678420310295,-0.18420358787906732,5.249209960058631
60,500109064,1418,10.318758815232723,10.168314346371007,4.005387045768812,4.385754583921016,-0.38036753815220425,8.672795772629451
60,500109065,1418,11.265162200282088,11.22144206372831,1.7796543538854728,1.922425952045134,-0.14277159815966112,7.426637057608198
60,500109066,1418,25.998589562764458,25.451644902391944,2.28176297130702,2.444992947813822,-0.16322997650680193,6.676091914815262
60,500109067,1418,7.778561354019746,8.037301920023234,1.566244658522906,1.660789844851904,-0.09454518632899811,5.692784467707827
60,500109068,1418,15.38787023977433,14.89577067346632,3.350615604712539,3.6826516220028207,-0.33203601729028165,9.01622122783645
60,500109070,1418,14.418194640338506,14.061544575279722,3.1659673814533833,3.2277856135401977,-0.06181823208681436,1.9151901485493283
60,500109071,1418,6.8349788434414664,7.325517611984608,3.123542629143521,3.4047954866008463,-0.2812528574573254,8.2604919609463
60,500109072,1418,9.033145275035261,8.925727380430978,1.464895330966736,1.320169252468265,0.14472607849847097,-10.962691202501702
60,500109073,1418,4.311706629055007,4.743106692765612,1.363962453748313,1.076163610719323,0.28779884302898995,-26.743037969535237
60,500109074,260,7.026923076923077,7.196689520538628,1.5233515650110407,1.6807692307692308,-0.15741766575819005,9.365810777375152
60,500109075,1418,18.6114245416079,18.391168068180058,7.965345026249613,8.861071932299012,-0.8957269060493989,10.108561502411838
60,500109076,1418,8.295486600846262,8.84694392616682,3.056892503262008,2.9259520451339913,0.1309404581280167,-4.475140265739399
60,500109077,1418,9.144569816643159,8.619599770458041,2.6746755456660423,2.576163610719323,0.09851193494671939,-3.823978202968741
60,500109078,1418,6.880112834978844,6.723541867197661,2.1494718679530176,2.2983074753173485,-0.14883560736433088,6.475878835305958
60,500109079,1418,11.396332863187588,11.43870346453476,3.4567880177573764,3.764456981664316,-0.30766896390693965,8.172997205321101
60,500109080,1418,7.851904090267983,7.519635970081081,1.2388776921605131,1.040197461212976,0.19868023094753706,-19.100241863295427
60,500109081,1418,17.337094499294782,16.435402017856816,4.884377067021282,4.847672778561354,0.03670428845992735,-0.7571527645646927
60,500109082,1418,6.576868829337094,6.455159526931629,1.7325091865297269,1.7489421720733427,-0.01643298554361583,0.9395957056793245
60,500109084,1418,11.83215796897038,11.300399805409516,1.339352944154263,1.130465444287729,0.208887499866534,-18.47800840990301
60,500109085,1418,8.658674188998589,8.686814804195281,2.343179351636251,2.544428772919605,-0.2012494212833542,7.909414616956659
60,500109086,1418,10.210860366713682,10.629638499787548,3.0974684519781377,3.220028208744711,-0.12255975676657327,3.8061702824135106
60,500109087,1418,15.711565585331453,14.732831866354022,1.8857339198033751,1.6784203102961919,0.20731360950718325,-12.351710011814532
60,500109088,1418,7.612834978843441,7.983502343062454,1.7036243023776607,1.622002820874471,0.08162148150318971,-5.032141772674913
60,500109089,1418,7.018335684062059,6.991945177452341,2.198493822893605,2.2566995768688294,-0.05820575397522454,2.5792424730271373
60,500109091,1418,9.226375176304655,9.300997507265976,2.509477540195631,2.6805359661495065,-0.17105842595387566,6.381500868260869
60,500109092,1418,12.552186177715091,12.191250407898785,3.571663431690774,3.397743300423131,0.17392013126764283,-5.1186954366442
60,500109093,1418,13.69181946403385,12.959204424028115,2.6801821214456116,2.8469675599435824,-0.16678543849797078,5.858354020067441
60,500109094,1418,8.617771509167842,8.751633849018509,2.0066893065821283,2.0557122708039492,-0.04902296422182095,2.3847191515108785
60,500109095,1418,9.660084626234132,9.634595451502836,1.36617999776682,1.279971791255289,0.08620820651153105,-6.735164563820994
60,500109096,1418,7.243300423131171,7.149461515868945,1.7199419496025552,1.685472496473907,0.03446945312864824,-2.0450914031976235
60,500109097,1418,7.923836389280677,7.6505069825022325,1.3459103930071747,1.3624823695345558,-0.01657197652738107,1.2163075939868715
60,500109098,1418,8.28984485190409,7.88578396596711,2.1208519148063494,2.3342736248236955,-0.2134217100173461,9.142960265999903
60,500109099,1418,9.854724964739068,9.479702021123794,3.2607879908608766,3.419605077574048,-0.1588170867131713,4.644310764266383
60,500109100,1418,5.4724964739069115,5.709092146658646,1.6300871098740235,1.659379407616361,-0.029292297742337547,1.7652561920371714
60,500109101,1418,18.502820874471087,18.884335156163527,2.7875131725750997,2.4774330042313117,0.31008016834378793,-12.516187836933996
60,500109102,1418,9.85049365303244,9.725710407072077,0.4114421867345687,0.13540197461212977,0.27604021212243895,-203.86719832792627
60,500109103,1418,7.4069111424541605,7.238988454419678,1.2821388734172392,1.0937940761636107,0.18834479725362852,-17.219401837888153
60,500109104,1418,7.14950634696756,7.299386397596061,1.9407419706680282,2.0035260930888574,-0.0627841224208292,3.1336812950628588
60,500109105,1418,6.919605077574048,7.189327788929294,2.0924645843803744,2.1304654442877293,-0.03800085990735491,1.7836881611595254
60,500109106,1418,10.704513399153738,10.474872116589626,1.59522411813359,1.5606488011283497,0.0345753170052403,-2.215445075166324
60,500109107,1418,6.02327221438646,6.417636874382878,1.3143694495261795,1.2616361071932298,0.052733342332949684,-4.179758492348947
60,500109108,1418,10.285613540197462,9.795357273949039,1.1020589063070736,0.7813822284908322,0.32067667781624143,-41.03966869525545
60,500109109,1418,7.079689703808181,7.202461501907968,1.62968727624362,1.6100141043723555,0.019673171871264605,-1.221925436419326
60,500109110,1418,10.760930888575459,10.326344394790473,1.4122895046053003,1.157968970380818,0.2543205342244823,-21.962638095634343
60,500109111,1418,8.617771509167842,8.853381639169118,1.5340427949356963,1.534555712270804,-0.000512917335107721,0.033424484429354244
60,500109112,1418,9.468970380818053,9.696893598946605,1.960847297293883,1.9358251057827927,0.02502219151109042,-1.2925853392614286
60,500109113,1418,12.19675599435825,12.072325847843706,2.2026724507584006,2.225669957686883,-0.02299750692848246,1.0332846902594464
60,500109114,1418,13.94428772919605,13.539972694416704,2.2281129765182373,2.2094499294781382,0.018663047040099023,-0.8446920109435179
60,500109115,1418,9.360366713681241,9.13530478778822,2.117001266257599,2.181241184767278,-0.0642399185096787,2.9451084528523888
60,500109116,1418,8.120592383638929,8.236242585404149,1.9146397072820527,1.8215796897038081,0.09306001757824456,-5.1087535782404485
60,500109117,1418,12.67700987306065,12.049172549860641,2.6653256946879997,2.5239774330042315,0.14134826168376824,-5.600218917786626
60,500109118,1418,9.410437235543018,9.471175129963312,1.9047319644567549,1.994358251057828,-0.08962628660107308,4.493991315428629
60,500109119,1418,7.602256699576869,7.99499157459651,1.2442846770430618,1.184062059238364,0.06022261780469784,-5.086103159443808
60,500109120,1418,37.91255289139633,36.77735638342374,2.1650320954370024,1.3787023977433004,0.786329697693702,-57.03404150023884
60,500109122,1418,8.619887165021156,8.435560350973747,1.5876582793100285,1.4675599435825106,0.12009833572751782,-8.183538686286413
60,500109123,1418,10.674894217207335,10.56829912296771,2.3714523217223045,2.452750352609309,-0.08129803088700438,3.3145660666409493
60,500109124,1418,6.188998589562765,6.888066617602597,1.2853205294773324,1.0578279266572637,0.22749260282006878,-21.50563405325717
60,500109125,1418,10.578279266572638,10.373539276868485,1.6259693572289606,1.648095909732017,-0.022126552503056285,1.3425524796462907
60,500109126,1418,3.249647390691114,3.954439333488247,1.0798166082820628,0.6657263751763046,0.4140902331057582,-62.20126594745393
60,500109127,1418,9.294781382228491,8.783862383063235,1.325884557126723,0.9365303244005642,0.3893542327261589,-41.57411912693473
60,500109128,1418,19.498589562764458,18.657466063627897,1.461569631101351,0.9858956276445698,0.47567400345678124,-48.24790678839169
60,500109129,1418,19.801833568406206,19.289671738715835,3.672807110136426,3.9104372355430184,-0.23763012540659245,6.076817273697892
60,500109130,1418,6.795486600846262,7.040259543727061,1.5369970285438443,1.422425952045134,0.11457107649871046,-8.05462501116368
60,500109132,1418,6.15867418899859,7.404223262394145,1.9658046465824741,1.2954866008462624,0.6703180457362117,-51.7425687998883
60,500109133,1418,6.625528913963328,6.71273638454249,1.3055272410093153,1.3307475317348378,-0.025220290725522565,1.8951972574875993
60,500109134,1418,10.86953455571227,10.841232787400527,1.206342083088114,1.2870239774330043,-0.08068189434489037,6.268872667455043
60,500109135,1418,9.076868829337094,9.817964320967068,1.6035720473778299,1.2440056417489422,0.35956640562888764,-28.90392081529267
60,500109136,1418,6.470380818053597,6.635655765263271,1.585587390131608,1.4908321579689703,0.0947552321626377,-6.355861835696323
60,500109137,1418,12.513399153737659,12.147157939788817,1.6498061039875591,1.7087447108603666,-0.0589386068728075,3.449234195032647
60,500109138,1418,10.459802538787024,10.192647631659813,2.2782673987330235,2.2813822284908323,-0.003114829757808746,0.13653256867303867
60,500110002,1418,6.281382228490832,6.381602383647193,3.2300875711164263,3.3554301833568405,-0.1253426122404142,3.7355154299476117
60,500110003,1418,14.467559943582511,14.142412762325051,3.1157273236980645,3.2122708039492243,-0.09654348025115977,3.0054589461283108
60,500110004,1418,10.268688293370944,10.320807773528896,3.352851015469058,3.6361071932299014,-0.28325617776084355,7.790094260373859
60,500110005,1418,32.93370944992948,31.94736347955305,7.783507366848998,8.513399153737659,-0.7298917868886612,8.57344726481214
60,500110006,1418,4.600846262341326,5.226621053473499,2.9902231979305522,3.2750352609308884,-0.2848120630003361,8.696457909872452
60,500110007,1418,7.074047954866009,8.129180785555395,3.9015883680504153,4.258815232722144,-0.3572268646717287,8.38793995867712
60,500110008,1418,16.00352609308886,15.32038126245961,4.596517181727506,5.001410437235543,-0.40489325550803645,8.09558144825713
60,500110009,1418,2.8180535966149507,3.7249433044339866,1.8831404827204279,1.7764456981664316,0.10669478455399628,-6.006081957029246
60,500110010,1418,5.028913963328632,5.368389053975229,2.3465597193279364,2.3843441466854727,-0.03778442735753629,1.584688494320806
60,500110011,1418,18.633991537376588,18.44137191235417,2.857735298255604,2.760930888575458,0.09680440968014592,-3.5062235741110324
60,500110012,1418,10.918899858956276,10.452350489382498,2.3052374630888384,2.3385049365303243,-0.03326747344148595,1.4225958184567877
60,500110013,1418,21.821579689703807,20.879073227500882,5.010620217244054,5.229196050775741,-0.21857583353168675,4.179912770707104
60,500110014,1418,19.834978843441466,19.889941811036383,6.2005111355080755,6.694640338504937,-0.49412920299686114,7.380967132092585
60,500110015,1418,5.258110014104372,5.879349870680681,2.6587504926087133,2.5726375176304654,0.08611297497824788,-3.3472642137926396
60,500110016,1418,4.839915373765868,5.081487604608433,1.8117655383859912,1.9506346967559944,-0.13886915837000324,7.119178111665386
60,500110017,1418,11.76163610719323,12.247855511075157,4.316062525805946,4.207334273624824,0.10872825218112236,-2.584255139001534
60,500110018,1418,7.015514809590973,7.406921090652014,3.8942563923683298,3.9978843441466854,-0.1036279517783556,2.5920697763575276
60,500110019,1418,7.583215796897038,8.831442101324026,4.085994410190641,4.078279266572638,0.007715143618002962,-0.1891764421637247
60,500110020,1418,9.195345557122709,9.215456429938415,3.1172456034447613,3.3857545839210155,-0.26850898047625416,7.930550600194301
60,500110021,1418,17.189703808180536,17.476631862549485,4.194801318799139,4.708744710860366,-0.5139433920612273,10.91465822888753
60,500110022,1418,13.945698166431594,14.901869999007179,2.9519068737241825,2.894922425952045,0.056984447772137514,-1.9684274528840682
60,500110023,1418,20.283497884344147,20.117234732471356,4.011439111709399,4.035260930888575,-0.023821819179175918,0.5903414819306441
60,500110024,1418,11.896332863187588,11.987592606800387,4.4180005012171115,4.839915373765868,-0.42191487254875604,8.717401854497101
60,500110025,1418,15.382228490832158,15.290077126777026,3.5441137767035844,3.466854724964739,0.0772590517388454,-2.228505601417469
60,500110026,1418,8.488011283497885,8.21467247506409,2.817900791535048,2.7348377997179125,0.0830629918171355,-3.0372182154898955
60,500110027,1418,5.43935119887165,6.103521233377039,2.281273690383121,2.20098730606488,0.08028638431824087,-3.6477440872561853
60,500110028,1418,13.25176304654443,13.63187159635819,3.5776090799558093,3.8801128349788434,-0.30250375502303406,7.796261807027668
60,500110029,1418,7.255289139633287,7.339450937445327,2.674935420520033,2.85966149506347,-0.1847260745434367,6.459718217079981
60,500110030,1418,5.369534555712271,6.171457017870965,2.261857482691556,2.169957686882934,0.09189979580862229,-4.235096212435047
60,500110031,1418,11.417489421720733,11.844591727392748,2.9918023703779464,3.1283497884344147,-0.1365474180564683,4.36483856636772
60,500110032,1418,11.17277856135402,11.400385624479895,3.899673035496575,4.215796897038082,-0.3161238615415072,7.498555297187306
60,500110033,1418,11.505641748942173,11.421523048593231,3.608461798519219,3.7016925246826515,-0.09323072616343264,2.5185972509001235
60,500110034,1418,9.244005641748942,9.2068363343975,3.2389531646148715,3.1791255289139633,0.05982763570090821,-1.88188969440745
60,500110035,1418,10.26657263751763,10.388986678349221,2.8591996373714257,3.0585331452750353,-0.1993335079036096,6.517291081561412
60,500110036,1418,12.450634696755994,12.833021556352087,4.3260044282522365,4.4950634696756,-0.16905904142336325,3.7609934223145447
60,500110037,1418,9.932299012693935,10.134478877712557,4.242325530718873,4.570521861777151,-0.32819633105827783,7.180718985351612
60,500110038,1418,9.851904090267983,9.996446113805394,3.0893263159166273,3.289139633286319,-0.19981331736969166,6.074941767371843
60,500110039,1418,17.34485190409027,17.25223942016721,4.698765688799619,5.134696755994359,-0.4359310671947396,8.489908711470138
60,500110040,1418,12.312411847672779,12.260137733998935,3.28164673672456,3.488716502115656,-0.207069765391096,5.935413934193939
60,500110041,805,11.002484472049689,11.76739583662879,2.560077536410438,2.658385093167702,-0.09830755675726399,3.6980179060559584
60,500110042,1418,11.157968970380818,11.046756847231302,2.8029182301841438,2.9132581100141044,-0.11033987982996063,3.787507857634572
60,500110043,1418,4.299717912552891,4.878702759894001,2.7160203316278895,2.9026798307475317,-0.1866594991196422,6.430592073655312
60,500110044,1418,10.988716502115656,12.028505008299284,6.54775813210883,6.764456981664316,-0.21669884955548646,3.203492167115094
60,500110045,1418,10.471086036671368,10.950966190666326,2.7595152754487975,2.703808180535966,0.05570709491283132,-2.060319785769296
60,500110046,1418,12.025387870239774,13.849653355750856,5.34921853006974,5.3349788434414664,0.01423968662827324,-0.266911773151242
60,500110047,1418,6.188998589562765,6.667930929773424,2.6088593346542197,2.650916784203103,-0.04205744954888324,1.5865246996625815
60,500110048,1418,9.735543018335685,10.190109029161086,4.676162719787178,5.110719322990127,-0.43455660320294864,8.502846189344298
60,500110049,1418,7.839915373765868,7.587266765775509,3.155260754507801,3.265867418899859,-0.11060666439205802,3.3867469252415954
60,500110050,1418,4.5930888575458395,5.050245485492432,2.231073200863708,2.2708039492242595,-0.03973074836055135,1.7496335768714848
60,500110051,1418,10.520451339915374,10.089240178118198,2.8613573643874446,2.847672778561354,0.013684585826090778,-0.4805533110796613
60,500110052,1418,5.9188998589562765,6.260975344342632,2.871212388905205,3.0641748942172073,-0.19296250531200254,6.297372440331866
60,500110053,1418,6.322990126939351,6.77045632419162,1.4902419510410039,1.475317348377997,0.01492460266300677,-1.0116198172152773
60,500110054,1418,8.422425952045135,8.641742256685134,3.2866017731091004,3.5923836389280677,-0.30578186581896727,8.511949072070978
60,500110055,1418,3.772919605077574,4.401613371056827,1.7498278350337575,1.653737658674189,0.09609017635956851,-5.810484864727853
60,500110056,1418,7.499294781382228,7.842289130899337,2.9073108970665245,3.0239774330042315,-0.11666653593770704,3.858049159507196
60,500110057,1418,7.712270803949224,7.285411389323703,2.4519474154232612,2.469675599435825,-0.01772818401256382,0.7178345211255138
60,500110058,1418,5.650211565585331,5.5533929337651,2.4350720782548514,2.758110014104372,-0.3230379358495208,11.712293352969073
60,500110059,1418,6.468970380818053,7.747044665154365,3.833255266677639,3.6586741889985896,0.1745810776790493,-4.771703318213027
60,500110060,1418,10.769393511988717,11.076952447447448,3.6722259275290683,3.755289139633286,-0.08306321210421785,2.211899244390252
60,500110061,1418,7.009873060648801,7.850207728639534,3.6039734371687877,3.7031029619181948,-0.09912952474940706,2.676931367256888
60,500110062,1418,11.784203102961918,12.375514459437436,6.150310450140834,6.389280677009873,-0.23897022686903924,3.7401741909525126
60,500110063,1418,17.04724964739069,16.83381774390786,4.1035075552698315,4.419605077574048,-0.31609752230421684,7.152166692634106
60,500110064,1418,6.772919605077574,7.353820645564869,3.8167521108970535,4.08392101551481,-0.26716890461775655,6.5419704152647
60,500110065,1418,14.035260930888576,14.825102285707013,6.0160998616649755,6.660789844851904,-0.6446899831869288,9.678881907454368
60,500110066,1418,10.18194640338505,10.248175423782248,3.009698607303263,3.18688293370945,-0.17718432640618698,5.559800284221579
60,500110067,1418,16.055712270803948,15.493854918540801,3.2598503517700266,3.1354019746121295,0.12444837715789703,-3.969136275526271
60,500110068,1418,7.23836389280677,7.704247644313375,2.451396630357816,2.265867418899859,0.1855292114579572,-8.187999435025937
60,500110069,1418,10.683356840620592,10.246324147604833,2.5267200355591606,2.3420310296191817,0.18468900593997883,-7.885847950102078
60,500110070,1418,5.571932299012694,5.61376179393576,2.649724168907654,2.6685472496473905,-0.018823080739736486,0.7053680890313515
60,500110071,1418,5.493653032440056,6.500221800684442,3.499079267896246,3.5585331452750353,-0.059453877378789155,1.6707411439382287
60,500110072,1418,4.677009873060649,5.439537035730389,2.635464264377788,2.6255289139633287,0.009935350414459254,-0.37841329271295254
60,500110073,1418,11.137517630465444,11.241699665171549,3.5495789693500286,3.699576868829337,-0.1499978994793083,4.054460950470057
60,500110074,1418,9.176304654442877,9.515168869946232,3.467682726050251,3.598730606488011,-0.13104788043776017,3.6415029288799516
60,500110076,1418,12.941466854724965,12.80544706344907,3.148521268019482,3.11212976022567,0.03639150779381195,-1.1693441661369894
60,500110077,1418,9.42947813822285,9.524841600565965,2.6507053082550143,2.9435825105782794,-0.2928772023232651,9.949685502980111
60,500110078,1418,6.8702397743300425,7.573744713868268,3.5300277805734455,3.4964739069111426,0.03355387366230289,-0.9596489078891791
60,500110079,1418,8.911847672778562,8.737843731162304,2.677162549814903,2.7792665726375176,-0.10210402282261466,3.6737758021433033
60,500110080,1418,6.258110014104372,6.068061713622086,2.0124276637737317,2.153737658674189,-0.14130999490045726,6.561151695116188
60,500110081,1418,6.8688293370945,6.863156956624712,2.5126357054779667,2.6657263751763045,-0.15309066969833784,5.742925122546113
60,500110082,1418,9.968970380818053,9.99103224992064,2.4273450701598107,2.586036671368124,-0.1586916012083135,6.1364791522603905
60,500110083,1418,7.525387870239775,7.37982532099606,1.583977701366187,1.4978843441466854,0.08609335721950173,-5.74766386710233
60,500110084,1418,12.763046544428773,12.435624746379531,3.526306816819073,3.7785613540197462,-0.25225453720067303,6.675941279405643
60,500110085,1418,7.995768688293371,7.5769374633317295,2.2763955800597357,2.351904090267983,-0.07550851020824734,3.2105267608784027
60,500110086,1418,6.655853314527503,7.145832763388745,2.603874997717253,2.7045133991537376,-0.1006384014364845,3.7211278549396356
60,500110087,1418,9.234132581100141,8.950006903773055,2.6619503605835138,2.93441466854725,-0.2724643079637361,9.28513310965099
60,500110088,1418,4.648801128349788,5.051197117966139,2.6070477616410384,2.6918194640338506,-0.08477170239281229,3.1492343199635267
60,500110089,1418,9.471791255289139,9.624961697645269,2.9581220765380687,2.983779971791255,-0.025657895253186513,0.8599124431344476
60,500110090,1418,10.114245416078985,10.378280695652386,2.321988463138438,2.5310296191819464,-0.20904115604350837,8.259135114786705
60,500110091,1418,16.712976022566995,16.140500155036865,4.2760542285392615,4.7623413258110014,-0.4862870972717399,10.211092905839289
60,500110092,1418,9.141748942172073,9.195794398489,1.5486894361797767,1.4259520451339915,0.12273739104578518,-8.607399629224696
60,500110093,1418,9.930888575458392,9.807723473792965,2.5033933191482545,2.452750352609309,0.05064296653894562,-2.0647419940260177
60,500110094,1418,17.325105782792665,16.86962518316614,1.3373640817241355,1.1255289139633287,0.2118351677608068,-18.82094410305915
60,500110095,1418,9.837094499294782,10.34125386213846,2.0469373194951435,1.7623413258110014,0.284595993684142,-16.148744259468323
60,500110096,1418,7.0331452750352605,7.270658309023568,1.6499703614864936,1.5380818053596614,0.11188855612683213,-7.274551700497385
60,500110097,1418,6.748942172073343,7.544317274689971,1.7257938758160196,1.5148095909732018,0.21098428484281784,-13.928105954707434
60,500110098,1418,9.003526093088858,9.176812621983245,2.052477466114788,2.077574047954866,-0.025096581840077903,1.2079753241422426
60,500110099,1418,10.094499294781382,10.116397079806008,2.8529897540034326,2.9844851904090266,-0.13149543640559402,4.40596712720067
60,500110100,1418,5.502115655853315,5.713733711555988,1.7583034580937331,1.806064880112835,-0.04776142201910183,2.644502007929965
60,500110101,1418,7.643159379407616,7.599104624234314,2.266521439766255,2.398448519040903,-0.13192707927464786,5.5005174481461525
60,500110102,1418,13.423131170662906,12.772036080404023,2.6631173369334395,2.6748942172073344,-0.011776880273894896,0.44027461714692756
60,500110103,1418,5.93935119887165,6.289476346586572,2.435735147939545,2.692524682651622,-0.2567895347120772,9.537128345252107
60,500110104,1418,8.776445698166432,9.338307966180299,2.7169436133253697,2.8582510578279265,-0.14130744450255683,4.9438429880243175
60,500110105,1418,7.655853314527503,7.64471579422441,2.624448718237114,2.8441466854724964,-0.21969796723538249,7.72456527497576
60,500110106,1418,5.7376586741889986,6.09237821895173,1.9868055958494668,2.137517630465444,-0.15071203461597737,7.050797264449222
60,500110107,1418,6.302538787023978,7.514414189934019,3.6812956978776508,3.8871650211565587,-0.20586932327890795,5.296130268677276
60,500110108,1418,8.143864598025388,7.953717089318753,3.240507681036442,3.073342736248237,0.1671649447882051,-5.439189805178403
60,500110109,1418,9.894217207334274,9.433666190585024,2.5118555801105504,2.587447108603667,-0.07559152849311657,2.921471447349122
60,500110110,1418,6.925952045133991,7.560214971016756,2.1235931984831042,2.109308885754584,0.014284312728520376,-0.6772034586774288
60,500111001,1418,9.81805359661495,9.928267990967816,2.6718156884354607,2.7651622002820875,-0.09334651184662679,3.3758060137341697
60,500111002,1418,20.253878702397742,20.365809448620357,3.783357650120341,3.9894217207334273,-0.20606407061308607,5.165261660409335
60,500111003,1418,9.146685472496474,10.41311052673587,4.624905309762056,4.42524682651622,0.19965848324583568,-4.511804450081195
60,500111004,1418,13.810296191819464,13.828684260793047,3.442044002015878,3.6713681241184766,-0.22932412210259878,6.246285154465713
60,500111005,1418,24.15937940761636,23.429781952313917,4.5915228864403295,5.100141043723554,-0.5086181572832249,9.97262924540394
60,500111006,1418,6.105782792665726,5.904839471444375,3.006800028057582,3.214386459802539,-0.20758643174495672,6.458042128441172
60,500111007,1418,7.696755994358251,8.811366509721035,2.9945435023334266,2.890691114245416,0.10385238808801045,-3.5926490926762336
60,500111008,1418,16.550775740479548,16.55659127211178,4.257869977111158,4.296897038081806,-0.03902706097064801,0.9082614878775459
60,500111009,1418,14.911847672778562,14.77659121090224,3.6551609454057563,4.128349788434415,-0.4731888430286584,11.461936785354247
60,500111010,1418,9.60719322990127,9.741679190798909,2.9606619171153428,3.0465444287729198,-0.08588251165757699,2.819013924315837
60,500111011,1418,9.99576868829337,10.246383942934338,3.7779726165160312,4.0091678420310295,-0.23119522551499827,5.766663672476122
60,500111012,1418,11.927362482369535,11.989837440606816,4.3554475825871375,4.734837799717913,-0.3793902171307755,8.012739468147746
60,500111013,1418,15.826516220028209,15.732285640975356,7.066911532464116,8.089562764456982,-1.0226512319928664,12.641613172050254
60,500111014,1418,23.193935119887165,22.770775640408676,3.953213338794791,4.160084626234132,-0.20687128743934124,4.972766326309305
60,500111015,1418,20.052186177715093,20.190190653712953,3.2805906109604783,3.739069111424542,-0.45847850046406347,12.261835414146399
60,500111016,1418,21.64033850493653,20.500658265711188,4.0389055845060255,4.072637517630466,-0.03373193312444034,0.8282576826053055
60,500111017,1418,11.675599435825106,12.045505218296142,2.516409436127813,2.6974612129760227,-0.18105177684820983,6.711932537797687
60,500111018,1418,9.193229901269394,9.595375972817093,2.381982557263402,2.3222849083215795,0.05969764894182239,-2.5706427634225375
60,500111019,1418,12.468265162200282,14.008678442069124,3.581570598283154,3.527503526093089,0.0540670721900649,-1.5327290756799685
60,500111020,1418,20.682651622002822,20.578737196500203,4.8481721960205295,5.299717912552891,-0.45154571653236175,8.52018397927996
60,500111021,1418,6.885049365303244,7.417821999425547,2.8167621970382464,2.9816643159379406,-0.1649021188996942,5.530539370855402
60,500111022,1418,11.440056417489421,11.80489122512297,3.67724815608035,3.758815232722144,-0.08156707664179397,2.1700209132844996
60,500111023,1418,25.6212976022567,25.079841493173245,3.4984226710429427,3.5338504936530324,-0.0354278226100897,1.0025274887469007
60,500111024,1418,11.866713681241185,12.539515712000808,2.864709629082797,3.0204513399153736,-0.1557417108325767,5.156239690884749
60,500111025,1418,4.6290550070521865,4.7018180988526135,1.6218015773934185,1.6403385049365302,-0.01853692754311176,1.1300672079162715
60,500111026,1418,6.372355430183357,6.968226072487851,3.169927498094223,3.129055007052186,0.04087249104203705,-1.3062247531577313
60,500111027,1418,7.329337094499294,7.636383070436254,2.284972950026307,2.351904090267983,-0.0669311402416759,2.8458277919849
60,500111028,1418,12.067700987306065,12.124130422368074,3.1915241549990383,3.3942172073342736,-0.20269305233523527,5.97171718702189
60,500111029,1418,8.057827926657264,8.298865715693111,2.3134181588774054,2.3469675599435824,-0.03354940106617699,1.4294786872547767
60,500111030,1418,9.39280677009873,9.14633710928269,1.9861535269937192,1.818758815232722,0.16739471176099707,-9.203788339553851
60,500111031,1418,11.543018335684062,11.358836252159145,2.7004402374785035,2.7362482369534558,-0.03580799947495228,1.3086531766876888
60,500111032,1418,4.596614950634697,5.394776220210423,2.2337880839704707,2.234132581100141,-0.0003444971296704402,0.01541972632173877
60,500111033,1418,7.839210155148096,8.041202001650758,2.4051591098729483,2.442172073342736,-0.037012963469787774,1.5155755760946885
60,500111034,1418,10.334978843441467,10.743734557626697,2.751129587401984,2.928772919605078,-0.1776433322030937,6.065452565952006
60,500111035,1418,8.354019746121297,8.40326424766869,4.738511417733778,4.597320169252468,0.14119124848131026,-3.0711641409188215
60,500111036,1418,8.4901269393512,8.926383720200894,2.0436899051984727,2.0204513399153736,0.02323856528309909,-1.1501670356521645
60,500111037,1418,10.010578279266573,10.070539780091957,3.0444837703938465,3.081805359661495,-0.03732158926764839,1.2110300590738083
60,500111038,1418,19.357545839210154,19.4714592973457,4.413300981288837,4.8222849083215795,-0.4089839270327422,8.481123260199306
60,500111039,1418,9.35049365303244,9.669789505792416,1.7165105081680858,1.8667136812411849,-0.15020317307309905,8.046395897909122
60,500111040,1418,7.862482369534556,8.037095545992292,3.3682394997825096,3.6530324400564176,-0.284792940273908,7.796069291667983
60,500111041,1418,8.259520451339915,8.607359562731197,3.2815688354945807,3.3582510578279265,-0.07668222233334587,2.2833975486913998
60,500111042,1418,9.10719322990127,9.00257164930415,2.4024812533230127,2.3441466854724964,0.05833456785051627,-2.4885203734065007
60,500111043,1418,9.253878702397744,9.433713466505786,1.5262773364907807,1.5155148095909732,0.0107625268998075,-0.7101564980887406
60,500111044,1418,16.438645980253877,15.717880196144682,2.660241892980989,2.6248236953455573,0.035418197635431525,-1.3493552994906475
60,500111045,1418,23.320169252468265,22.48055682944007,2.9566130899210945,2.8117066290550072,0.14490646086608727,-5.153683509107393
60,500111046,1418,7.8709449929478135,7.891574443358173,2.984904097393592,2.93441466854725,0.05048942884634222,-1.720596253403347
60,500111047,1418,12.253173483779971,11.988005422632195,2.9615522629005215,3.131875881523272,-0.17032361862275058,5.438389804257158
60,500111048,1418,10.553596614950635,10.626692380757419,2.9084809915278695,3.208039492242595,-0.29955850071472545,9.33774354832888
60,500111049,1418,5.73836389280677,6.248269646552333,1.6593641671114494,1.494358251057828,0.16500591605362147,-11.041924915716622
60,500111050,1418,7.328631875881523,7.647164379179315,2.6529109080957616,2.7454160789844853,-0.09250517088872368,3.369440850763169
60,500111051,1418,7.267277856135402,7.605437252142049,3.365013908126294,3.4111424541607898,-0.04612854603449579,1.352290226936428
60,500111052,1418,7.925952045133991,8.299702615961753,1.227166830500742,1.130465444287729,0.09670138621301283,-8.554121375549109
60,500111053,1418,7.905500705218618,8.126616977600438,1.69265960479749,1.7912552891396334,-0.09859568434214339,5.504278755793674
60,500111054,1418,5.29901269393512,5.719072709013232,0.9977518670861478,0.8674188998589563,0.13033296722719157,-15.025377847817696
60,500111055,1418,12.62200282087447,12.596070299733766,3.5081582116766845,3.7214386459802538,-0.21328043430356924,5.7311285928076785
60,500111056,1418,9.203808180535965,9.824791103247108,3.6407961486029397,4.1311706629055,-0.4903745143025606,11.870110298412957
60,500111057,1418,7.92524682651622,7.8551183327985115,2.830773357001357,2.9379407616361073,-0.10716740463475016,3.6477047472893838
60,500111058,1418,8.155853314527503,8.135559086402408,1.5991262211209674,1.5141043723554302,0.0850218487655372,-5.6153228481384145
60,500111059,1418,14.923836389280677,15.088513687547225,2.3249541547965564,2.2785613540197462,0.046392800776810184,-2.036056685283715
60,500111060,1418,21.735543018335683,21.435350318538543,3.28428711173378,3.757404795486601,-0.4731176837528208,12.591608024802927
60,500111061,1418,7.145275035260931,7.580047506347263,1.9624336491505883,1.777150916784203,0.18528273236638526,-10.42582994029898
60,500111062,1418,9.708039492242595,10.485038913002656,2.9204421281403166,2.853314527503526,0.06712760063679069,-2.3526183317590013
60,500111063,1418,7.089562764456982,7.198876172675224,2.139170171658197,2.2461212976022567,-0.10695112594405964,4.761591729628778
60,500111064,1418,7.43935119887165,7.378677725393684,1.7098500603276912,1.4181946403385048,0.2916554199891863,-20.565260345333975
60,500111065,1418,13.02327221438646,12.254900806590063,3.4684110811238726,3.488716502115656,-0.02030542099178323,0.5820312707974251
60,500111066,1418,6.004231311706629,6.033542355091366,1.515880344634311,1.3265162200282088,0.1893641246061022,-14.275296581151139
60,500111067,1418,6.2136812411847675,6.66110429468699,1.8777442134762008,1.834978843441467,0.04276537003473391,-2.330564746704561
60,500111068,1418,7.360366713681241,7.615924717974188,3.4231515483028674,3.404090267983075,0.019061280319792484,-0.5599522579959756
60,500111069,1418,9.555007052186177,10.16520830220883,4.667522806847003,4.736248236953456,-0.06872543010645238,1.4510521127300398
60,500111070,1418,18.993653032440058,18.331722094948365,6.833330742934791,7.643159379407616,-0.8098286364728251,10.595469703990275
60,500111071,1418,11.391396332863188,11.228082817652176,2.9728375809473198,3.198166431593794,-0.22532885064647434,7.045563621095934
60,500111072,1418,10.156558533145276,10.250088676517139,2.289257230413152,2.4435825105782794,-0.15432528016512714,6.315533831865809
60,500111073,1418,6.185472496473907,6.3477404655275596,2.667884401244121,2.8229901269393514,-0.1551057256952304,5.494377193001166
60,500111074,1418,9.897743300423132,10.062646629455598,2.0545834185041607,2.0049365303244007,0.04964688817976004,-2.4762324107949256
60,500111075,1418,8.831452750352609,8.420105263276762,2.142835715803182,2.268688293370945,-0.12585257756776302,5.547371930092881
60,500111076,1418,3.4083215796897037,4.3844085014223175,2.279578681462581,2.073342736248237,0.20623594521434407,-9.947026201154419
60,500111077,1418,7.5634696755994355,7.316040552987117,1.9449639566677326,1.8328631875881523,0.11210076907958033,-6.116155850513463
60,500111078,1418,7.609308885754584,7.306663692526701,2.246511301335291,2.178420310296192,0.06809099103909899,-3.1257049301858975
60,500111079,1418,8.020451339915374,8.390639668148168,3.424819681255448,3.527503526093089,-0.10268384483764104,2.910949459811575
60,500111080,1418,6.206629055007052,6.418765563029668,2.242345842810325,2.3145275035260933,-0.07218166071576837,3.1186348231249097
60,500111081,1418,15.384344146685473,15.464832778618538,3.456522219499815,3.8942172073342736,-0.4376949878344587,11.239614138885592
60,500111082,1418,6.562059238363893,6.370519090205752,1.2873998989035627,1.1805359661495063,0.10686393275405637,-9.05215392146069
60,500111083,1418,9.386459802538788,8.90651789447423,1.2150335038426354,0.998589562764457,0.21644394107817844,-21.67496528593623
60,500111084,1418,6.320169252468265,6.570375720146382,1.6242026902586713,1.6988716502115655,-0.07466895995289424,4.395209016737403
60,500111085,1418,5.005641748942172,5.182587544879741,2.13903991653462,2.198166431593794,-0.05912651505917399,2.68981066262139
60,500111086,1418,8.093794076163611,7.671097122574424,2.3297283093415273,2.497179125528914,-0.16745081618738666,6.705598908605317
60,500111087,1418,6.354724964739069,6.441086450120669,2.2061476768286457,2.3455571227080396,-0.13940944587939397,5.9435536457300255
60,500111088,1418,10.954866008462623,11.229370778220853,2.7097137539734444,2.593794076163611,0.11591967780983348,-4.469116452809784
60,500111089,1418,9.915373765867418,10.689777423201521,1.7626390939894176,1.7341325811001411,0.028506512889276525,-1.6438485269212733
60,500111090,1418,6.856840620592384,6.72042205825267,1.7474089022892179,1.6833568406205923,0.06405206166862554,-3.805019834357395
60,500111091,1418,6.395627644569816,7.001332869550987,3.0205861921204944,3.142454160789845,-0.12186796866935046,3.878114442844231
60,500111092,1418,5.739069111424541,5.970326691588988,1.893571708777945,1.8928067700987306,0.0007649386792143442,-0.04041293022078764
60,500111093,1418,5.995768688293371,6.11709849872081,2.118875544166293,2.206629055007052,-0.08775351084075922,3.9768129872865634
60,500111094,1418,6.6212976022567,6.611922216943825,2.634528408007943,2.7101551480959096,-0.07562674008796666,2.7904948593478203
60,500111095,1418,10.397743300423132,9.842407977227014,2.5064631714016405,2.610719322990127,-0.10425615158848656,3.993387978186762
60,500111096,1418,9.342031029619182,9.221773882387897,2.1914375232204857,2.1770098730606486,0.014427650159837047,-0.6627278239925148
60,500111097,1418,8.703808180535965,9.318008538994748,2.5747060291187873,2.5133991537376588,0.061306875381128556,-2.4392017197093234
60,500111098,1418,5.726375176304654,5.810339789371827,2.4183989726176414,2.681241184767278,-0.26284221214963654,9.803005176964351
60,500111113,1418,5.482369534555712,5.9694871872012785,1.6292839304442501,1.4661495063469676,0.16313442409728252,-11.126725029819463
60,500111114,1418,6.095204513399154,7.031331238588754,2.736087204259892,2.583215796897038,0.15287140736285387,-5.917872116858498
60,500111115,1418,4.538081805359662,4.974949889787819,0.9240772060679778,0.7404795486600846,0.18359765740789324,-24.79442649565644
60,500111116,1418,10.775035260930888,11.37650277133575,1.7253553807908537,1.6325811001410437,0.09277428064980997,-5.682675160320973
60,500111117,1418,6.309590973201693,6.869718869377223,1.7146300494142555,1.6643159379407617,0.05031411147349374,-3.023110596161615
60,500111118,1418,5.420310296191819,5.897498839740448,0.9744900905322478,0.7334273624823695,0.24106272804987827,-32.867975805262255
60,500111119,1418,12.386459802538788,12.603005857113228,4.146629435913618,4.348377997179125,-0.20174856126550722,4.639627957743906
60,500111120,1418,7.204513399153738,7.2826528691196275,2.4340099280592886,2.440056417489422,-0.006046489430133306,0.24780121421760196
60,500111121,1418,4.77574047954866,5.385912857774365,1.1510078131362471,0.7940761636107193,0.3569316495255278,-44.94929653882757
60,500111122,1418,6.128349788434415,6.238898179866965,1.9784514176547168,1.966854724964739,0.011596692689977761,-0.5896059603581378
60,500111123,1418,9.407616361071932,9.40391649339574,2.0908419350601504,2.095909732016925,-0.005067796956774728,0.24179461927007284
60,500111124,1418,8.82299012693935,8.431820382693127,3.3205305991435963,3.56064880112835,-0.24011820198475364,6.74366429816559
60,500111125,1418,8.33638928067701,8.429500901497388,1.188231111607851,1.1819464033850493,0.006284708222801694,-0.5317253138384727
60,500111126,1418,6.363187588152328,6.853619409182719,1.557251847325326,1.4090267983074753,0.14822504901785072,-10.519675651016632
60,500111127,1418,10.548660084626235,10.052040649359052,2.528227572500954,2.6748942172073344,-0.14666664470638047,5.48308205097937
60,500111128,1418,7.197461212976022,7.346300862246781,2.053514566162287,2.071932299012694,-0.01841773285040693,0.888915765210246
60,500111129,1418,8.219322990126939,8.424356196500296,2.486823944626689,2.4492242595204514,0.03759968510623768,-1.535167102811547
60,500111130,1418,11.342736248236953,11.059846726203707,1.859772890220806,1.8998589562764456,-0.04008606605563969,2.1099495793206042
60,500111131,1418,8.018335684062059,8.2609933135372,1.678755459423202,1.6389280677009872,0.03982739172221472,-2.430087842603291
60,500111132,1418,17.440056417489423,17.591700132369514,2.709337064599367,2.739069111424542,-0.02973204682517494,1.085479979353709
60,500111133,1418,8.402679830747532,9.024847673715893,2.905340059846101,3.0451339915373765,-0.1397939316912753,4.590731707694034
60,500111134,1418,10.657263751763047,10.569058170163855,1.9990240011389036,1.9992947813822284,-0.00027078024332483075,0.013543787831908643
60,500111135,1418,7.189703808180536,7.415179967661479,1.9479089100113662,2.0282087447108603,-0.08029983469949409,3.95915040347297
60,500111136,1418,4.228490832157969,5.0796221197447995,1.017693504705148,0.6311706629055007,0.38652284179964735,-61.23903795216759
60,500112001,1418,14.667136812411847,14.1407649567582,3.8074423896467384,3.9231311706629053,-0.11568878101616686,2.948888935483096
60,500112002,1418,7.638222849083216,7.429439262886179,2.46298489543465,2.636812411847673,-0.17382751641302274,6.592335337621456
60,500112003,1418,10.783497884344147,10.678451335194827,2.937205276260669,2.9301833568406206,0.007021919420048484,-0.23964095638095667
60,500112004,1418,8.945698166431594,9.074306427722966,1.8151584301947634,1.9830747531734838,-0.1679163229787204,8.467473185769043
60,500112005,1418,16.2425952045134,15.940172797231922,1.3889847288165387,1.221438645980254,0.1675460828362847,-13.71711001511846
60,500112006,1418,23.043018335684064,23.27609897972756,3.7352666275491604,4.482369534555712,-0.7471029070065516,16.667588453985054
60,500112007,1418,18.951339915373765,19.18235270799949,7.159554776286072,7.78067700987306,-0.6211222335869886,7.9828816027041585
60,500112008,1418,17.64033850493653,17.814752109989584,3.1775203601824558,3.655148095909732,-0.47762773572727646,13.067260838535173
60,500112009,1418,23.337094499294782,23.606068372746233,4.679301686443106,5.503526093088857,-0.8242244066457518,14.976296881390006
60,500112010,1418,13.712270803949224,14.35900594514717,6.8474259769016905,7.76163610719323,-0.9142101302915391,11.778575002302404
60,500112011,1418,16.599435825105783,16.218308693866376,6.393702046068376,6.932299012693935,-0.5385969666255592,7.769384523652522
60,500112012,1418,9.862482369534556,9.78029316023782,4.164224062157892,4.6212976022567,-0.45707354009880774,9.890588735847846
60,500112013,1418,6.640338504936531,6.690407053231954,3.162693739144313,2.818758815232722,0.34393492391159075,-12.2016442858803
60,500112014,1418,5.559238363892807,6.314402095554752,3.7056416216716124,3.717207334273625,-0.011565712602012557,0.31113983057586425
60,500112015,1418,10.118476727785614,11.738870973602424,4.003785247924917,3.656558533145275,0.34722671477964173,-9.495997715670818
60,500112016,1418,13.44922425952045,13.522429095210411,4.43840695396045,4.636107193229901,-0.19770023926945157,4.2643586748415325
60,500112017,1418,14.81805359661495,15.345987265353527,4.666018093273383,4.751057827926657,-0.0850397346532743,1.7899115888131654
60,500112018,1418,10.476022566995768,10.805703224284287,4.566743737055577,4.998589562764457,-0.43184582570887997,8.639353567370087
60,500112019,1418,4.507052186177715,5.016756834000025,2.802356870935363,2.8942172073342736,-0.09186033639891056,3.1739268278181085
60,500112020,1418,6.270803949224259,6.81780970496583,2.579049807308869,2.6170662905500706,-0.03801648324120155,1.452637381730633
60,500112021,1418,5.961918194640338,6.270750619688561,2.6653399802013484,2.8871650211565587,-0.22182504095521027,7.6831438220441655
60,500112022,1418,14.568406205923836,15.536646595406076,4.62831860094695,4.932299012693935,-0.3039804117469851,6.163057247029237
60,500112023,1418,15.520451339915374,15.887708883771877,3.816089833206336,3.8660084626234132,-0.04991862941707703,1.2912188346117335
60,500112024,1418,13.908321579689703,13.584646881777326,4.545570016607446,4.968265162200282,-0.4226951455928365,8.507902291705353
60,500112025,1418,16.060648801128348,15.952561826248216,4.611677639924731,5.322990126939351,-0.7113124870146201,13.363024729553938
60,500112026,1418,27.76093088857546,26.285403992824918,5.839623075185427,5.929478138222849,-0.08985506303742152,1.5153958062210244
60,500112027,1418,13.586036671368124,13.707029747163908,3.943633945020801,4.038081805359662,-0.09444786033886077,2.3389288501659897
60,500112028,1418,18.045133991537377,17.772633516989252,3.2095573748362165,3.3674188998589565,-0.15786152502273998,4.68790874308367
60,500112029,1418,26.79478138222849,26.136365840902567,5.964497172303041,6.9605077574047955,-0.9960105851017547,14.309452985555097
60,500112030,1418,15.557122708039492,15.201834205530517,5.034268364822556,5.418194640338505,-0.3839262755159485,7.085870866609593
60,500112031,1418,10.430888575458392,10.444723923475257,4.39084907862642,4.645980253878703,-0.25513117525228246,5.491439078745241
60,500112032,1418,26.253878702397742,25.392508273536425,5.730403003255051,6.4915373765867415,-0.7611343733316902,11.725024892822779
60,500112033,1418,16.895627644569817,17.30588405682424,3.5088147979963566,4.055007052186178,-0.5461922541898212,13.469575938107242
60,500112035,1418,19.676304654442877,20.426991147507497,7.252736944423158,7.756699576868829,-0.5039626324456714,6.497127127993108
60,500112036,1418,7.484485190409027,7.63878817263753,3.2262715250464424,3.1579689703808183,0.06830255466562418,-2.1628633880271346
60,500112037,1418,31.386459802538788,30.268337109446364,4.129893896050871,4.3349788434414664,-0.20508494739059557,4.730933063280698
60,500112038,1418,11.899858956276447,11.597772117668155,5.23026378582453,5.569816643159379,-0.33955285733484963,6.096302249947034
60,500112039,1418,13.014809590973202,13.53581418837606,4.242264379783018,4.41607898448519,-0.17381460470217203,3.93594872992143
60,500112040,1418,18.55148095909732,17.312483817156714,5.193349514752913,5.355430183356841,-0.16208066860392822,3.02647337477443
60,500112042,1418,8.306770098730606,7.687923804485679,2.7095758391696942,2.1170662905500706,0.5925095486196237,-27.987293135996882
60,500112043,1418,28.844146685472495,27.775283456035435,5.778489084382986,6.096614950634697,-0.3181258662517106,5.218073780739451
60,500112044,1418,11.904090267983074,11.572349244593081,3.3018939263086153,3.6445698166431595,-0.34267589033454415,9.40236866281702
60,500112045,1418,9.188293370944994,9.049815578554444,3.271586392747183,3.6932299012693934,-0.42164350852221055,11.416660207838353
60,500112046,1418,15.44922425952045,15.075552769422025,5.359387506284058,5.8645980253878705,-0.5052105191038123,8.61458052055322
60,500112047,1418,12.148095909732017,11.966378325100365,2.866510604112437,3.041607898448519,-0.17509729433608223,5.75673460163609
60,500112048,1418,10.428772919605077,9.585933409071167,2.8535892017925155,2.9104372355430184,-0.05684803375050285,1.953247197921324
60,500112049,1418,14.779971791255289,15.27280381826084,6.732975377766592,7.269393511988716,-0.5364181342221244,7.379131881324916
60,500112050,1418,15.692524682651621,15.450297398282842,4.142565241180203,4.407616361071932,-0.26505111989172914,6.0134798081035505
60,500112051,1418,16.02327221438646,15.564392554642012,5.153961189851122,5.801833568406206,-0.6478723785550837,11.166683272044596
60,500112052,1418,12.258815232722144,12.055639450691139,3.691184163340446,3.8991537376586742,-0.20796957431822838,5.333710551333837
60,500112053,1418,8.373060648801129,8.515111664848682,2.3655118947525855,2.412552891396333,-0.0470409966437475,1.9498431230878093
60,500112054,1418,16.661495063469676,16.712672944119447,4.609743116772038,4.687588152327222,-0.07784503555518363,1.6606628617007728
60,500112055,1418,10.619181946403385,11.007653807205413,2.6691835112330153,2.829337094499295,-0.1601535832662795,5.660463137377475
60,500112056,1418,7.7863187588152325,8.372694252722154,3.5767819358367494,3.545839210155148,0.0309427256816015,-0.8726488666768284
60,500112057,1418,9.224964739069112,9.39585975737642,3.505336454675023,3.722849083215797,-0.2175126285407738,5.842638895071364
60,500112058,1418,8.847672778561353,8.788700652732125,3.1762683547816084,3.123413258110014,0.05285509667159438,-1.6922223319106082
60,500112059,1418,9.315937940761636,9.11141205935579,3.2017479060296146,3.5225669957686883,-0.3208190897390737,9.107536921922051
60,500112060,1418,11.16361071932299,10.704882647134609,3.946159005845144,4.2016925246826515,-0.2555335188375074,6.081680592675152
60,500112061,1418,8.175599435825106,7.9231688477933835,2.8160188806418676,3.208039492242595,-0.39202061160072743,12.219943443610278
60,500112062,1418,10.309590973201692,9.738455089383976,2.5076099538402374,2.415373765867419,0.0922361879728184,-3.818712833443985
60,500112063,1418,10.979548660084626,10.256394063585855,3.397204417999704,3.573342736248237,-0.17613831824853277,4.9292310099944645
60,500112064,1418,20.290550070521864,19.823939370814845,6.815144518883683,7.590267983074753,-0.7751234641910703,10.212069796738247
60,500112065,1418,19.92101551480959,19.511228667621022,6.128238578609697,6.938645980253879,-0.8104074016441825,11.67961881828896
60,500112066,1418,19.51833568406206,19.474272830399933,4.754392937438281,5.470380818053597,-0.7159878806153159,13.08844675406108
60,500112067,1418,15.035966149506347,14.430423948902652,4.043967727753666,4.454160789844852,-0.410193062091186,9.2092109253531
60,500112068,1418,18.777856135401976,18.449377835709136,4.670955428357605,5.0754583921015515,-0.4045029637439468,7.969781889522253
60,500112069,1418,13.712270803949224,13.668044652520562,3.4431915417965193,3.6473906911142455,-0.2041991493177262,5.598499492121728
60,500112070,1418,12.151622002820874,11.737194045037773,5.26418224748514,5.589562764456982,-0.3253805169718422,5.82121591049801
60,500112071,1418,14.324400564174894,14.087712993981953,4.7436794012491355,4.97672778561354,-0.23304838436440445,4.682763341770236
60,500112072,1418,14.022566995768688,14.564455750406863,4.501387172721375,4.760225669957687,-0.2588384972363116,5.437525764164294
60,500112073,1418,10.048660084626235,10.48444423925087,3.663867575957832,3.6276445698166433,0.03622300614118856,-0.9985268800195447
60,500112075,1418,6.90197461212976,7.524218156346462,3.266089450700414,3.300423131170663,-0.034333680470249206,1.040281173222508
60,500112076,1418,9.870944992947814,11.097843371394601,5.678217078878446,5.7016925246826515,-0.023475445804205464,0.4117276703817359
60,500112078,1418,8.982369534555712,9.290551162890269,3.3099255787489295,3.620592383638928,-0.31066680488999854,8.580551798481066
60,500112079,1418,9.784203102961918,9.540363490526804,2.6279011041791778,2.7045133991537376,-0.07661229497455979,2.8327570866734235
60,500112080,1418,11.442172073342736,11.576247491922555,3.280235522826062,3.540197461212976,-0.25996193838691406,7.343147980729963
60,500112081,1418,19.357545839210154,19.958203102857343,6.865871638496055,6.9605077574047955,-0.09463611890874013,1.3596151632481612
60,500112082,1418,21.564174894217206,22.00605287288344,8.142356974227129,9.589562764456982,-1.4472057902298534,15.09146794047604
60,500112083,1418,6.748236953455571,7.354352128683551,2.926484417012627,2.98589562764457,-0.05941121063194288,1.9897283107249646
60,500112084,1418,8.819464033850494,9.828814204252911,2.665481923388814,2.400564174894217,0.26491774849459704,-11.035645339757304
60,500112085,1418,27.474612129760224,27.673066839451916,6.993892975863,6.897743300423131,0.09614967543986896,-1.3939294527526245
60,500112086,1418,7.793370944992948,7.866746880947138,2.127270933189072,2.1241184767277854,0.00315245646128659,-0.14841245890120802
60,500112087,1418,7.422425952045134,7.830355724269529,3.0444160082871305,3.398448519040903,-0.3540325107537723,10.417474584952252
60,500112088,1418,5.510578279266572,5.558454481141193,2.3767930757448306,2.61212976022567,-0.23533668448083933,9.009379551669282
60,500112089,1418,6.5275035260930885,7.035111525475706,2.838878538201975,2.940056417489422,-0.1011778792874467,3.441358427191159
60,500112090,1418,3.599435825105783,4.543551531658733,2.2549708668006483,2.084626234132581,0.17034463266806732,-8.171471215267912
60,500112091,1418,3.0944992947813823,3.5024302613556366,1.4598201482138378,1.4174894217207334,0.04233072649310432,-2.9863169237423843
60,500112092,1418,8.251057827926656,8.537155570361861,2.2897574027254266,2.294076163610719,-0.004318760885292594,0.18825708377943126
60,500112093,1418,4.778561354019746,5.399613377977337,2.9921488073093894,3.235543018335684,-0.24339421102629455,7.522515066157055
60,500112094,1418,6.552186177715091,6.554492264981381,2.6310979974757567,2.8145275035260933,-0.1834295060503366,6.517239778987152
60,500112095,1418,8.856840620592383,9.108162612347583,2.469467581302311,2.734132581100141,-0.2646649997978301,9.680035329206166
60,500112096,1418,18.433004231311706,17.850963872837763,4.567051322892862,4.540902679830747,0.02614864306211473,-0.5758468063686705
60,500112097,1418,9.124118476727785,8.8270138667033,3.1230889232910504,3.1777150916784205,-0.05462616838737011,1.719039209349552
60,500112098,1418,7.096614950634697,6.775606342161012,1.9855123866748448,1.9887165021156559,-0.003204115440811117,0.1611147409599349
60,500112099,1418,13.466149506346968,12.613935467658122,4.065004141795299,4.294076163610719,-0.22907202181542008,5.334605467798746
60,500112100,1418,20.076163610719323,19.824935448580923,3.28471789956887,4.016925246826516,-0.732207347257646,18.228055098513728
60,500112101,1418,6.591678420310296,6.786571542259243,2.428567460135263,2.4957686882933707,-0.0672012281581078,2.692606429166343
60,500112102,1418,8.758110014104373,8.536586356090162,3.1524394916146936,3.3843441466854727,-0.23190465507077906,6.852277576377676
60,500112103,1418,11.413258110014104,11.5204979444566,4.5875562738842435,4.721438645980254,-0.13388237209601073,2.8356266412568067
60,500112104,1418,8.431593794076164,8.322022847032574,4.549255182207343,4.65444287729196,-0.10518769508461734,2.259941691363445
60,500112105,1418,9.212976022566997,8.89450632140164,4.036373481405322,4.305359661495063,-0.2689861800897413,6.247705214860821
60,500112106,1418,6.34132581100141,6.382338850113267,2.09952586301921,2.2073342736248236,-0.10780841060561341,4.884099879832583
60,500112107,1418,8.469675599435826,8.531445819888223,3.2489317096083243,3.76163610719323,-0.5127043975849057,13.629824442733337
60,500112108,1418,10.557827926657264,10.535585406966424,1.6920976759637498,1.657968970380818,0.034128705582931795,-2.0584646753125173
60,500112109,1418,9.002115655853315,9.015451024297226,3.2739277050665136,3.636812411847673,-0.36288470678115914,9.978098006897104
60,500112110,1418,16.23342736248237,16.034821040125124,4.65933853600851,5.096614950634697,-0.4372764146261874,8.579742022138282
60,500112111,1418,6.89703808180536,7.428042630581168,2.2200321751401932,2.3138222849083214,-0.09379010976812818,4.053470760475641
60,500112112,1418,6.200282087447109,6.354632655554994,2.447003518435214,2.3081805359661494,0.13882298246906455,-6.014390135689995
60,500112113,1418,8.442172073342736,7.962095213542728,2.6364443433721467,2.693935119887165,-0.057490776515018105,2.134081704143866
60,500112114,1418,6.514104372355431,6.752025621611332,2.2298873490949966,2.2249647390691116,0.00492261002588501,-0.22124440623470504
60,500112115,1418,10.318758815232723,9.84295037888709,3.4940765587029916,3.6586741889985896,-0.16459763029559804,4.49883268618269
60,500112116,1418,9.30888575458392,9.192743716717734,3.6540123862559404,4.02820874471086,-0.37419635845491994,9.289398394416606
60,500112117,1418,9.925952045133991,9.748891860487396,3.159115757701699,3.019040902679831,0.14007485502186823,-4.639713721583956
60,500112118,1418,7.208039492242595,7.71011256739471,2.942042902745658,3.0183356840620594,-0.07629278131640138,2.5276440165106813
60,500112119,1418,16.805359661495064,17.08106303533624,5.304559896955833,6.145275035260931,-0.8407151383050975,13.680675534962454
60,500112120,1418,5.734837799717913,6.387947941553325,1.4910165169446836,1.2418899858956276,0.24912653104905602,-20.060273766471404
60,500112123,1418,7.85049365303244,7.672514797834873,2.6038481017981674,2.614950634696756,-0.011102532898588535,0.42457906284246344
60,500112124,1418,5.1593794076163615,5.788804957703051,2.312328315458118,2.1579689703808183,0.15435934507729954,-7.152991873189893
60,500112125,1418,9.67771509167842,9.83543381422717,3.446406935868007,3.521861777150917,-0.07545484128290969,2.1424702630990375
60,500112127,1418,9.156558533145276,9.023524368771529,3.05237658232331,3.3342736248236955,-0.2818970425003853,8.454526359254363
60,500112128,1418,9.32299012693935,9.35000858118044,3.61409854001803,3.8166431593794075,-0.20254461936137735,5.30687860780549
60,500112129,1418,9.226375176304655,8.83827223067849,2.860872527936483,3.1805359661495065,-0.31966343821302345,10.050615418759806
60,500112130,1418,10.174188998589562,10.803475784984611,2.50512090260123,2.3744710860366713,0.13064981656455865,-5.5022702669600285
60,500112132,1418,12.599435825105783,13.096517911431862,3.3565130252623097,3.559943582510578,-0.20343055724826842,5.714432055824973
60,500112133,1418,4.9372355430183354,5.28943041107772,2.248108742032104,2.4492242595204514,-0.20111551748834744,8.211396596558497
60,500112134,1418,8.790550070521862,9.228893858405165,3.463166656303606,3.732722143864598,-0.269555487560992,7.2214185029564835
60,500112135,1418,26.795486600846264,25.287754994204995,5.884022758862463,5.535260930888575,0.3487618279738882,-6.300729673423029
60,500112136,1418,18.44851904090268,18.33624671213909,3.3704428594677722,3.8497884344146684,-0.4793455749468962,12.45121863481771
60,500113001,1418,6.392806770098731,6.432016507874028,2.2490689675146824,2.5148095909732016,-0.2657406234585191,10.567027595742573
60,500113002,1418,8.100846262341326,7.924048826067771,2.9706397577232577,3.2968970380818052,-0.3262572803585475,9.895889273763002
60,500113003,1418,4.6650211565585336,4.658073033343691,2.0082411148399326,2.1664315937940763,-0.15819047895414373,7.301891248599472
60,500113004,1418,9.513399153737659,9.57103462596642,2.6806216742715563,2.9111424541607898,-0.23052077988923347,7.918567487474154
60,500113005,1418,21.818053596614952,21.553082597142243,3.7481503362868325,4.026093088857546,-0.2779427525707132,6.903535175079196
60,500113006,1418,7.473906911142454,7.773436445152742,1.7525549833595802,1.7038081805359662,0.04874680282361399,-2.861049933935622
60,500113007,1418,7.608603667136812,7.88610950466335,2.352838991350615,2.6142454160789845,-0.2614064247283694,9.999306993925757
60,500113008,1418,12.889985895627644,13.510281835025811,3.571866334775708,3.562764456981664,0.009101877794043922,-0.25547234188349727
60,500113009,1418,7.438645980253879,8.00441644887681,1.7011380816227013,1.693935119887165,0.007202961735536251,-0.4252206386757037
60,500113010,1418,4.828631875881523,5.539609745860261,1.9200315765398097,1.8370944992947813,0.08293707724502841,-4.514578715295596
60,500113013,1418,7.3582510578279265,7.682034605752804,2.3591518921648,2.6128349788434413,-0.25368308667864126,9.709112467214934
60,500113015,1418,3.1988716502115655,3.6317205396601575,1.6896521625049108,1.8138222849083216,-0.12417012240341085,6.84577113406052
60,500113016,1418,4.455571227080395,4.797827391166099,1.8661776451985341,1.8928067700987306,-0.02662912490019642,1.4068591322085888
60,500113017,1418,10.871650211565585,11.13575837085667,2.56720920324993,2.6741889985895626,-0.10697979533963276,4.000457536698293
60,500113018,1418,5.517630465444288,5.383964692800503,1.7948857406405831,1.956981664315938,-0.16209592367535475,8.282955667446956
60,500113019,1418,10.928772919605077,10.81172680335701,3.8006644966310787,4.296897038081806,-0.4962325414507269,11.548625369721496
60,500113020,1418,7.610719322990127,7.619954092404383,2.6224955305883917,2.9873060648801126,-0.36481053429172094,12.212024023268658
60,500113022,1418,17.86812411847673,17.42044750752023,6.211521790337844,6.6311706629055,-0.41964887256765593,6.328428175060472
60,500113023,1418,16.05148095909732,16.513218205752427,3.794766094775081,3.619181946403385,0.175584148371696,-4.851487186108046
60,500113025,1418,8.70592383638928,8.919155836938359,3.377959407016485,3.5648801128349787,-0.18692070581849363,5.243393884285341
60,500113026,1418,10.404090267983074,10.444921454018935,2.3261907523793304,2.3208744710860367,0.005316281293293645,-0.22906371540232115
60,500113027,1418,11.11212976022567,10.900046754962975,3.091908155099866,3.368124118476728,-0.27621596337686194,8.200884339790415
60,500113028,1418,6.519040902679831,6.904205007631066,1.9192625045987515,2.027503526093089,-0.10824102149433745,5.338635425355496
60,500113029,1418,11.129055007052186,10.707417856795388,2.220336582164033,2.29901269393512,-0.0786761117710868,3.4221695242761068
60,500113030,1418,12.98589562764457,12.682998068100844,3.940869800654487,3.829337094499295,0.11153270615519206,-2.9125852178280356
60,500113031,1418,5.160789844851904,5.732158523916885,2.0245003422300605,2.1410437235543016,-0.11654338132424114,5.443297586224438
60,500113032,1418,9.653737658674189,9.122010956086275,2.1615707376603335,2.0944992947813823,0.06707144287895117,-3.2022661953654126
60,500113033,1418,7.806770098730606,8.08555889902817,1.892574965529943,1.9978843441466854,-0.10530937861674228,5.27104478921781
60,500113034,1418,25.25811001410437,24.88232618185263,5.146131171980972,5.722849083215797,-0.5767179112348249,10.077461468034278
60,500113035,1418,15.052186177715091,15.067813867193637,4.615716118585394,4.708744710860366,-0.09302859227497251,1.9756558910575264
60,500113036,1418,14.62200282087447,14.410478439160407,3.1097192083899543,3.2566995768688294,-0.14698036847887508,4.513169391577412
60,500113037,1418,7.294076163610719,7.273733170070983,2.313817504242826,2.4739069111424543,-0.16008940689962836,6.471116846740963
60,500113038,1418,14.854019746121297,15.36910292482239,6.356532413051528,6.368124118476728,-0.01159170542520016,0.18202700213658723
60,500113039,1418,10.511283497884344,10.415031464194993,5.50530938121846,5.830747531734838,-0.32543815051637814,5.581413853800486
60,500113041,1418,6.236953455571227,7.734784017558264,2.6762646985077554,2.1960507757404795,0.4802139227672759,-21.867159360436652
60,500113042,1418,27.222143864598024,25.538802385682988,5.544999799961244,5.844146685472497,-0.2991468855112531,5.118743618377662
60,500113043,1418,25.147390691114246,24.737115055593186,4.288204369223002,4.660084626234132,-0.3718802570111306,7.98011810595919
60,500113044,1418,30.78067700987306,29.69538597744842,5.940442038549568,6.231311706629055,-0.29086966807948667,4.667872219745497
60,500113046,1418,11.910437235543018,12.047567814627113,4.201117497950957,4.31805359661495,-0.11693609866399335,2.708074275772376
60,500113047,1418,6.4908321579689705,6.898992200602197,2.580145267383545,2.73836389280677,-0.15821862542322496,5.777852455579011
60,500113048,1418,4.429478138222849,4.973180996986117,2.1114984693821595,2.090973201692525,0.020525267689634585,-0.9816131394233335
60,500113049,1418,9.355430183356841,9.247645677689516,3.6779962019887393,3.744005641748942,-0.06600943976020268,1.7630699864375101
60,500113050,1418,8.389985895627644,8.106159138536363,2.881353721173143,3.0916784203102963,-0.21032469913715346,6.802929365339498
60,500113051,1418,3.080394922425952,4.195376360942714,1.845566292166425,1.6755994358251058,0.16996685634131925,-10.143644877609036
60,500113052,1418,4.514104372355431,5.113910411421511,2.055683661856497,2.0952045133991537,-0.03952085154265683,1.8862526922749037
60,500113053,297,3.6835016835016834,4.27554957015992,1.269091571084748,1.037037037037037,0.23205453404771093,-22.376687211743555
60,500113054,1418,7.514104372355431,7.31706944526338,0.9796929808883157,0.8533145275035261,0.1263784533847896,-14.810301396663771
60,500113055,1418,5.1840620592383635,5.479184140941646,1.9415716362189712,2.066290550070522,-0.12471891385155076,6.035884636228634
60,500113056,1418,10.603667136812412,10.205046706686357,2.146019546836867,2.3554301833568405,-0.20941063651997371,8.890547382794095
60,500113057,1418,18.011283497884346,16.966203707665354,3.2080003365665912,3.390691114245416,-0.1826907776788249,5.38801004052774
60,500113058,1418,10.389985895627644,10.618435381772326,2.6374355628689115,2.81311706629055,-0.17568150342163857,6.245083275304174
60,500113059,1418,11.5,11.001390173312672,3.440771643423514,3.0585331452750353,0.38223849814847854,-12.497445016706077
60,500113060,1418,8.830042313117067,8.452356886853629,1.4225383488811103,1.5324400564174894,-0.10990170753637907,7.171680685070664
60,500113061,1418,9.674894217207335,9.719595030688456,2.041884071623722,2.027503526093089,0.014380545530633171,-0.7092735152152291
60,500113062,1418,4.71509167842031,5.120688265411418,2.2940040025432102,2.380818053596615,-0.08681405105340456,3.6463958647431185
60,500113064,1418,12.137517630465444,11.862802369291197,4.185330269642858,4.531029619181947,-0.345699349539089,7.629598095664251
60,500113065,1418,10.531029619181947,10.621656735093316,3.5309427981341703,3.6516220028208743,-0.12067920468670401,3.3048109742322573
60,500113066,1418,12.596614950634697,13.038909988350273,2.530748460438271,2.6184767277856134,-0.08772826734734229,3.350355052478626
60,500113069,1418,9.231311706629056,9.457978443854481,3.5980830913548356,3.760930888575458,-0.1628477972206226,4.3299864327553514
60,500113070,1418,5.105077574047955,5.828800505587884,1.4196705825517648,1.114950634696756,0.3047199478550089,-27.330353324377143
60,500113071,1418,5.53737658674189,5.324914233785752,1.5832789279689579,1.4301833568406206,0.15309557112833727,-10.70461143293798
60,500113072,1418,5.222849083215797,5.194715097261357,1.9077622532912992,2.0677009873060648,-0.15993873401476555,7.735099755557216
60,500113073,1418,9.99576868829337,9.958131363550024,2.723520983377055,3.0669957686882934,-0.3434747853112383,11.199062901157415
60,500113074,1418,5.189703808180536,5.30238316458494,1.9628905141915,2.206629055007052,-0.24373854081555213,11.045741478953433
60,500113075,1418,5.450634696755994,5.71748475142972,1.9805659885393343,2.1607898448519043,-0.18022385631256999,8.34064713613656
60,500113077,1418,6.3222849083215795,6.336595052045437,2.314494529566296,2.4682651622002822,-0.15377063263398627,6.229907344999786
60,500113078,1418,7.435119887165021,7.653540300543653,2.406907193766161,2.524682651622003,-0.11777545785584209,4.66496087261408
60,500113079,1418,8.548660084626235,8.75521074544928,3.139556718564609,3.406911142454161,-0.267354423889552,7.847414056621501
60,500113080,1418,5.133991537376587,5.52924338342601,1.2486031625670264,1.2616361071932298,-0.013032944626203413,1.0330193113446864
60,500113081,1418,12.221438645980253,12.193684411091178,3.5089408770865385,3.195345557122708,0.3135953199638304,-9.814128530318065
60,500113083,1418,3.85049365303244,4.086481398038101,1.2862408796721767,1.2609308885754584,0.025309991096718276,-2.007246497491416
60,500113085,1418,4.940761636107193,5.415383156056558,1.931824474514198,2.016220028208745,-0.08439555369454688,4.185830540009356
60,500113086,1418,6.454160789844852,6.8147183623971515,2.6671870635873334,2.9647390691114244,-0.297552005524091,10.036364030284517
60,500113087,1418,9.606488011283497,9.378109850798415,2.7250067185749702,3.0253878702397743,-0.30038115166480406,9.92868235572709
60,500113088,1418,7.830042313117066,7.796648993303759,2.795730735822808,3.105077574047955,-0.3093468382251472,9.962612232642714
60,500113089,1418,5.914668547249647,6.491983820583415,2.5273928960995975,2.413963328631876,0.1134295674677217,-4.6988935632260995
60,500113090,1418,8.489421720733427,8.806199229179294,3.4661395135090274,3.5867418899858956,-0.12060237647686822,3.3624492694494523
60,500113091,1418,7.445698166431594,7.459244057862889,2.597134603305419,2.919605077574048,-0.32247047426862885,11.045003200795065
60,500113092,1418,5.136812411847672,5.376025736018006,1.3952059027358237,1.285613540197461,0.10959236253836258,-8.524518380658154
60,500113093,1418,9.301128349788435,9.180669265721578,2.0555031793867937,2.263046544428773,-0.20754336504197912,9.170972004659594
60,500113094,1418,4.229196050775741,4.703387908515739,2.671204332923492,2.897743300423131,-0.2265389674996392,7.817772107921353
60,500113095,1418,8.002115655853315,8.025442563030673,4.2429496631953265,4.420310296191819,-0.17736063299649274,4.012402322734951
60,500113096,1418,6.4668547249647395,6.568811355184505,1.364738748512184,1.3328631875881523,0.031875560924031765,-2.3915103381098968
60,500113097,1418,15.6361071932299,15.098867192706575,2.7890840229038125,3.0839210155148096,-0.29483699261099705,9.560458621596016
60,500113098,1418,4.4372355430183354,5.065818954529304,2.0359845305981277,1.9922425952045133,0.04374193539361437,-2.195612898695405
60,500113099,1418,6.409026798307475,6.46238491018597,2.6630416316922414,2.771509167842031,-0.10846753614978955,3.91366326362345
60,500113100,1418,3.270098730606488,4.031391444543895,0.999811150570419,0.6001410437235543,0.39967010684686477,-66.59602955450697
60,500113101,1418,7.832157968970381,7.943065956445224,1.9811508451223203,2.1629055007052185,-0.18175465558289816,8.403263828384402
60,500113102,1418,15.003526093088858,14.43721615159,3.5371734792366696,3.909732016925247,-0.3725585376885774,9.529004445209285
60,500113103,1418,7.657263751763047,8.243279173382918,3.506991306879086,3.4435825105782794,0.06340879630080654,-1.8413613179304458
60,500113104,1418,3.285613540197461,4.153651696757627,1.8256121978662536,1.5592383638928067,0.26637383397344694,-17.0835864574558
60,500113105,1418,5.035966149506347,5.457791649807076,0.9732570928918062,0.8540197461212976,0.11923734677050857,-13.96189576553106
60,500119005,1418,14.600141043723553,14.415227555163211,3.9156249025332355,3.96262341325811,-0.04699851072487471,1.1860453498464556
60,500119006,1418,19.4851904090268,20.17604849505786,4.6255702968091565,5.287023977433004,-0.6614536806238478,12.510888610439057
60,500119007,1418,7.776445698166431,8.516320965925006,2.5246717021759264,2.2877291960507757,0.23694250612515066,-10.357104614225143
60,500119008,1418,3.577574047954866,3.7965651755359686,1.2861712826793192,1.2306064880112835,0.055564794668035766,-4.5152366097005565
60,500119009,1418,13.846262341325811,13.535660384243736,3.720909697158838,3.722849083215797,-0.0019393860569589805,0.05209413579783736
60,500119043,1418,19.60296191819464,19.381857833307485,4.749270935190244,5.062059238363893,-0.31278830317364914,6.179072358598976
60,500119044,1418,5.120592383638928,5.68532223022542,3.4217881728171946,3.3152327221438647,0.10655545067332994,-3.214116763556304
60,500119045,1418,9.973906911142453,10.238914354665265,5.433518766645126,5.2524682651622,0.18105050148292623,-3.4469604068580746
60,500119046,1418,7.717207334273625,8.121944787373888,5.26495257281301,5.3765867418899855,-0.1116341690769751,2.0763018330423755
60,500119047,1418,9.021156558533145,9.126633614152057,3.912632973169619,3.9492242595204514,-0.03659128635083242,0.9265436436692923
60,500119048,1418,14.622708039492242,14.498809783505699,5.396615919077827,5.2320169252468265,0.1645989938310004,-3.1459950566431942
60,500119049,1418,11.343441466854724,11.063391876360019,5.209581887987057,5.212270803949224,-0.0026889159621665826,0.05158818609595744
60,500119050,1418,7.748236953455571,8.148912604600987,3.93163893508125,4.046544428772919,-0.11490549369166914,2.839595504614619
60,500119051,1418,6.589562764456982,6.806305731136805,3.341899160190576,3.4590973201692523,-0.11719815997867622,3.38811398266591
60,500119052,1418,13.288434414668547,12.953007164030119,5.380268795716521,5.734837799717913,-0.3545690040013918,6.182720704303658
60,500119053,1418,10.578984485190409,11.13835339155397,4.147269281723123,4.522566995768688,-0.37529771404556556,8.298333985913176
60,500119054,1418,8.800423131170662,8.83500883831047,3.9323009496711334,3.753173483779972,0.17912746589116146,-4.772693473011405
60,500119055,1418,7.100141043723554,7.356469892755137,4.798478094479623,5.229901269393512,-0.43142317491388926,8.249164806201389
60,500119056,1418,2.137517630465444,2.8464445003792305,1.8018422141714296,1.8053596614950636,-0.0035174473236339043,0.19483360566065921
60,500119057,1418,5.3039492242595205,6.567000491037899,3.461562779449014,3.0641748942172073,0.3973878852318067,-12.968838233802114
60,500119058,1418,10.047954866008462,9.864372888031204,6.848705247065326,7.498589562764457,-0.649884315699131,8.6667540643409
60,500119059,1418,7.979548660084626,9.279618625607883,6.067255935002117,6.234837799717913,-0.16758186471579606,2.6878303830675128
60,500119060,1418,2.0260930888575457,2.9269070054860316,2.0617066312945376,1.7947813822284908,0.26692524906604675,-14.872298749534549
60,500119061,1418,4.896332863187588,5.909360609604152,3.7383414071234844,3.5155148095909734,0.222826597532511,-6.338377438337022
60,500119062,1418,2.4605077574047955,3.109935184887864,1.5676070908400148,1.346262341325811,0.2213447495142038,-16.441427700950285
60,500119063,1418,3.265867418899859,4.257223877603405,2.2014099573427255,1.9809590973201692,0.22045086002255632,-11.128491260661617
60,500119064,1418,11.194640338504936,10.950254092414252,4.268408305170856,4.236248236953456,0.03216006821739992,-0.7591639209634273
60,500119065,1418,1.81311706629055,2.6807005721480874,1.7318397726239427,1.461212976022567,0.2706267966013758,-18.520694863935855
60,500119066,1418,6.012693935119887,6.0942884125516805,3.730526549643818,4.0275035260930885,-0.2969769764492707,7.373723561636593
60,500119067,1418,9.894217207334274,10.267537933165649,3.9127152628700492,3.9689703808180536,-0.05625511794800442,1.4173730854703317
60,500119068,1418,12.611424541607898,12.532448364653979,5.904159344165029,6.181241184767278,-0.27708184060224905,4.482624643171582
60,500119069,1418,11.382228490832158,11.314429476763815,3.8913255561939257,4.504231311706629,-0.6129057555127035,13.607333040817498
60,500119070,1418,15.076868829337094,15.42982229240291,6.780871671879402,7.119887165021156,-0.33901549314175394,4.761529014213621
60,500119071,1418,16.526093088857547,15.767902423100837,6.365464062073467,6.673483779971791,-0.3080197178983246,4.6155760327573105
60,500119072,1418,4.455571227080395,4.470130966622241,2.2122156851334704,2.049365303244006,0.16285038188946466,-7.946381332390257
60,500119074,1418,4.6212976022567,5.599867926601625,3.5056161163802884,3.2954866008462624,0.21012951553402592,-6.376281896581399
60,500119075,1418,9.942172073342736,10.429155032763909,5.704707045904084,6.302538787023978,-0.5978317411198937,9.485570201499488
60,500119076,1418,6.386459802538787,6.500382827372126,3.4618328455485443,3.5867418899858956,-0.12490904443735129,3.4825211366921773
60,500119077,1418,31.426657263751764,30.546360875008244,12.390645995871786,13.57052186177715,-1.1798758659053643,8.69440304450349
60,500119078,1418,2.4386459802538787,3.0068015969445656,1.9235539599185862,1.6819464033850493,0.24160755653353694,-14.364759545683663
60,500119079,1418,3.670662905500705,4.440273681800049,3.012997373315039,2.834978843441467,0.17801852987357192,-6.279360083600125
60,500119080,1418,1.4294781382228492,2.346392371767169,1.7191751683243297,1.4188998589562765,0.30027530936805324,-21.162544169179895
60,500119081,1418,6.353314527503526,6.67872785698928,3.6299214105949025,3.568406205923836,0.061515204671066304,-1.7238845893986565
60,500119082,1418,4.054301833568406,5.253632409598898,3.38752741290828,3.211565585331453,0.1759618275768271,-5.47900464435531
60,500119083,1418,5.344851904090268,5.442070770592042,3.2100487822739305,3.169957686882934,0.040091095390996756,-1.2647202061053036
60,500119084,1418,10.74330042313117,11.115202077588547,5.388564352841392,5.622002820874471,-0.23343846803307855,4.152229649660128
60,500119085,1418,5.185472496473907,5.157145080017862,2.9592423205843734,2.7045133991537376,0.25472892143063586,-9.418659989273577
60,500119086,1418,10.119181946403385,10.861344965039462,5.201181172247965,5.810296191819464,-0.6091150195714992,10.483372954877845
60,500119087,1418,18.313822284908323,18.269015312776364,7.015554250621233,7.694640338504937,-0.6790860878837037,8.825442879837704
60,500119088,1418,11.444992947813823,11.264853682068148,5.0316730636876645,5.203808180535966,-0.17213511684830163,3.307868216437074
60,500119089,1418,8.088152327221438,8.058628355858982,3.8793107151956643,4.050775740479549,-0.1714650252838843,4.23289355592876
60,500119090,1418,14.492242595204514,14.0450044494141,10.521015583981514,11.698871650211565,-1.177856066230051,10.068116835940758
60,500119091,1418,12.815937940761636,13.756031713449303,3.1939447968456265,3.0592383638928067,0.1347064329528198,-4.403266987715503
60,500119092,1418,3.3124118476727786,3.9798979437298345,2.5175679103367155,2.2708039492242595,0.2467639611124559,-10.866810461411879
60,500119093,1418,5.913963328631876,6.74120096503381,3.163759554841405,3.0423131170662905,0.12144643777511455,-3.991911190660928
60,500119094,1418,6.055712270803949,6.944202647209538,4.756385966232679,4.405500705218618,0.3508852610140609,-7.964707861660611
60,500119095,1418,9.066290550070521,9.22978458293682,4.652224978857733,5.024682651622003,-0.3724576727642699,7.412561122522592
60,500119096,1418,20.6064880112835,21.612315478654356,3.5983137203172872,4.359661495063469,-0.7613477747461821,17.46346076658179
60,500119097,1418,15.512693935119888,15.615796742812423,6.769978713391703,7.09802538787024,-0.32804667447853664,4.62166104729821
60,500119098,1418,20.043018335684064,19.106584126951898,9.916340831884042,11.02327221438646,-1.1069313825024167,10.041767643710749
60,500119102,1418,12.184062059238364,12.098855283141669,6.695637603188563,7.126939351198872,-0.4313017480103092,6.051710653855317
60,500119099,1418,11.932299012693935,11.42539376736527,4.24082249134886,4.270098730606488,-0.029276239257628234,0.685610359493259
60,500119100,1418,8.501410437235544,8.334138102420026,4.190148493245413,4.021861777150916,0.16828671609449675,-4.184298850113912
60,500119101,1418,14.047954866008462,13.926476347292054,5.697111478480993,5.894922425952045,-0.19781094747105232,3.3556157855479385
60,500119103,1418,10.030324400564174,10.103352371437241,4.770647147525453,5.050070521861777,-0.27942337433632414,5.5330588578258295
60,500109139,1418,5.168547249647391,5.44799208511782,1.3959602849414352,1.267277856135402,0.1286824288060333,-10.154239512907916
60,500112137,1418,6.19181946403385,6.0286727006986,1.7768565716671105,1.7820874471086037,-0.0052308754414931435,0.2935251830643956
60,500101279,186,3.236559139784946,4.104658591408197,1.58234224360994,1.521505376344086,0.06083686726585391,-3.998465481077324
60,500104159,186,3.849462365591398,4.799326406215481,1.4012398496064924,1.4086021505376345,-0.007362300931142096,0.5226671653406221
60,500105130,186,2.5806451612903225,3.6783733723519103,1.1990666795529217,0.5161290322580645,0.6829376472948572,-132.31916916337858
